run,braco,ponto,arquivo,iou,pred_vazia,tem_ferida
yolo11m-seg_black_coco_seed42,YOLO M,conf=0.8,A1 0HR 1_png.rf.F8WfJZAyU8hXcsKytbcA.png,0.970462,0,1
yolo11m-seg_black_coco_seed42,YOLO M,conf=0.8,A1 0HR 1_png.rf.bBmfdS8DK3Ixtw1fZ9P3.png,0.96725,0,1
yolo11m-seg_black_coco_seed42,YOLO M,conf=0.8,A1 0HR 2_png.rf.hVdiwx06lI7rOZ5rr9vC.png,0.973594,0,1
yolo11m-seg_black_coco_seed42,YOLO M,conf=0.8,A1 0HR 2_png.rf.wFANdrijgcCbWaNPdyi0.png,0.975075,0,1
yolo11m-seg_black_coco_seed42,YOLO M,conf=0.8,A1 12HR 1_png.rf.8FGxD5kQMiDucxJswxPl.png,0.916214,0,1
yolo11m-seg_black_coco_seed42,YOLO M,conf=0.8,A1 12HR 1_png.rf.XDKS23ySU3ItzW5Kv957.png,0.0,1,1
yolo11m-seg_black_coco_seed42,YOLO M,conf=0.8,A1 12HR 2_png.rf.6p7F3HADokVM7aGI7thQ.png,0.871908,0,1
yolo11m-seg_black_coco_seed42,YOLO M,conf=0.8,A1 12HR 2_png.rf.OoCbkijic6aCx52coryw.png,0.91621,0,1
yolo11m-seg_black_coco_seed42,YOLO M,conf=0.8,A1 12hr 1_png.rf.hPnekH9tRkKoF84Y4HTD.png,0.932875,0,1
yolo11m-seg_black_coco_seed42,YOLO M,conf=0.8,A1 12hr 2_png.rf.Zc7e1rWOmWcCj4dykv3Z.png,0.916836,0,1
yolo11m-seg_black_coco_seed42,YOLO M,conf=0.8,A1 24HR 1_png.rf.1ApDRLrpQqSCaPcShIOu.png,1.0,1,0
yolo11m-seg_black_coco_seed42,YOLO M,conf=0.8,A1 24HR 1_png.rf.psHGzfQFFYu0q9OMf12P.png,1.0,1,0
yolo11m-seg_black_coco_seed42,YOLO M,conf=0.8,A1 24HR 2_png.rf.8ZCo4suYfwAmYJVAdrgi.png,1.0,1,0
yolo11m-seg_black_coco_seed42,YOLO M,conf=0.8,A1 24HR 2_png.rf.QvfIHR0lQkYJbWTuhsBX.png,0.797522,0,1
yolo11m-seg_black_coco_seed42,YOLO M,conf=0.8,A1 24h 1_png.rf.TlQXP6CHdUFWS07zQImN.png,1.0,1,0
yolo11m-seg_black_coco_seed42,YOLO M,conf=0.8,A1 24h 2_png.rf.o9mYSgMZsKvkMpLuHnpZ.png,1.0,1,0
yolo11m-seg_black_coco_seed42,YOLO M,conf=0.8,A1 24hr 1_png.rf.LkrEN1mHJhJhYU2lmydg.png,0.830447,0,1
yolo11m-seg_black_coco_seed42,YOLO M,conf=0.8,A1 8HR 1_png.rf.7N4eAqgpqfPKb1eNWowl.png,0.900877,0,1
yolo11m-seg_black_coco_seed42,YOLO M,conf=0.8,A1 8HR 1_png.rf.VABkXkmpYjE9yLo5gSBX.png,0.900575,0,1
yolo11m-seg_black_coco_seed42,YOLO M,conf=0.8,A1 8HR 2_png.rf.bvjlWbubzYS3fVyOKsCU.png,0.916523,0,1
yolo11m-seg_black_coco_seed42,YOLO M,conf=0.8,A1 8HR 2_png.rf.emd32984S6mQhEIM0RXU.png,0.960188,0,1
yolo11m-seg_black_coco_seed42,YOLO M,conf=0.8,A2 0H 2_png.rf.wLkBHcGvevKm0A73Vxcz.png,0.97298,0,1
yolo11m-seg_black_coco_seed42,YOLO M,conf=0.8,A2 12H 1_png.rf.xnmVBn7WXmT4yiy3UMlx.png,0.935278,0,1
yolo11m-seg_black_coco_seed42,YOLO M,conf=0.8,A2 12H 2_png.rf.N7tpAQyq0PEGrhaTGLJT.png,0.963432,0,1
yolo11m-seg_black_coco_seed42,YOLO M,conf=0.8,A2 24H 1_png.rf.EFavmtKTLhhnJThESvF0.png,0.925268,0,1
yolo11m-seg_black_coco_seed42,YOLO M,conf=0.8,A2 24H 2_png.rf.E5xmaghZdqaoko8wlaZh.png,0.942268,0,1
yolo11m-seg_black_coco_seed42,YOLO M,conf=0.8,A2 8H 1_png.rf.xvZ2Owwq7kfNeQBUdLj1.png,0.93226,0,1
yolo11m-seg_black_coco_seed42,YOLO M,conf=0.8,A2 8H 2_png.rf.7oLJskKDBKhwtDpwzZqy.png,0.939206,0,1
yolo11m-seg_black_coco_seed42,YOLO M,conf=0.8,A3 0H 1_png.rf.4oL1M95z5XQoppHkibCl.png,0.435775,0,1
yolo11m-seg_black_coco_seed42,YOLO M,conf=0.8,A3 0H 2_png.rf.QDCtQGDH1pznmeHT0BNJ.png,0.973197,0,1
yolo11m-seg_black_coco_seed42,YOLO M,conf=0.8,A3 12H 1_png.rf.TU0BGVsD3XJqPwGYBsiu.png,0.919556,0,1
yolo11m-seg_black_coco_seed42,YOLO M,conf=0.8,A3 12H 2_png.rf.r5xe4JQ4Ecgyw1raWv4H.png,0.874321,0,1
yolo11m-seg_black_coco_seed42,YOLO M,conf=0.8,A3 24H 1_png.rf.tfdHOCRouEH53EDqy7G0.png,1.0,1,0
yolo11m-seg_black_coco_seed42,YOLO M,conf=0.8,A3 24H 2_png.rf.TOtRUqMkxCrasCpSjZKO.png,1.0,1,0
yolo11m-seg_black_coco_seed42,YOLO M,conf=0.8,A3 8H 1_png.rf.d60KhXvDmSmp3Oia8S8T.png,0.778245,0,1
yolo11m-seg_black_coco_seed42,YOLO M,conf=0.8,A3 8H 2_png.rf.B5nEx5FtZ9JTiEjZrHJb.png,0.897837,0,1
yolo11m-seg_black_coco_seed42,YOLO M,conf=0.8,A5 0HR 1_png.rf.ckTpizxWhCzqrJmwetqV.png,0.976986,0,1
yolo11m-seg_black_coco_seed42,YOLO M,conf=0.8,A5 0HR 2_png.rf.C9gm2A2fkupz9aW1u7b9.png,0.978867,0,1
yolo11m-seg_black_coco_seed42,YOLO M,conf=0.8,A5 12HR 1_png.rf.1xA3zwCvRWDQRrGvHIhA.png,0.941102,0,1
yolo11m-seg_black_coco_seed42,YOLO M,conf=0.8,A5 12HR 1_png.rf.IESDSkszuJatVJfvQ7PW.png,0.0,1,1
yolo11m-seg_black_coco_seed42,YOLO M,conf=0.8,A5 12HR 2_png.rf.mzYpTwvbQHLWffHAkMOe.png,0.925771,0,1
yolo11m-seg_black_coco_seed42,YOLO M,conf=0.8,A5 12HR 2_png.rf.rAr8U7x7uLNYSny2Orvg.png,0.904569,0,1
yolo11m-seg_black_coco_seed42,YOLO M,conf=0.8,A5 24HR 1_png.rf.CpfIcPI5krfxTtJFGjKH.png,1.0,1,0
yolo11m-seg_black_coco_seed42,YOLO M,conf=0.8,A5 24HR 1_png.rf.QWraD9H7IOqSfp8mznDQ.png,0.0,1,1
yolo11m-seg_black_coco_seed42,YOLO M,conf=0.8,A5 24HR 2_png.rf.JBrJ8KO8uH9Jn3iTJvZf.png,1.0,1,0
yolo11m-seg_black_coco_seed42,YOLO M,conf=0.8,A5 24HR 2_png.rf.xE7wqG2pbN9OFXjVvNjl.png,0.885431,0,1
yolo11m-seg_black_coco_seed42,YOLO M,conf=0.8,A5 8HR 1_png.rf.jEYUYpVLybixXNUndrI9.png,0.941051,0,1
yolo11m-seg_black_coco_seed42,YOLO M,conf=0.8,A5 8HR 1_png.rf.qbCCkoclBZRwrN2mNDA9.png,0.885987,0,1
yolo11m-seg_black_coco_seed42,YOLO M,conf=0.8,A5 8HR 2_png.rf.7U0SE5K1r1eXtmiCBL1Q.png,0.851949,0,1
yolo11m-seg_black_coco_seed42,YOLO M,conf=0.8,A6 0H 1_png.rf.rKpcg4iYJ50H0XfmG98n.png,0.864289,0,1
yolo11m-seg_black_coco_seed42,YOLO M,conf=0.8,A6 0H 2_png.rf.xTjPOuBdGBBEAQh6qzcS.png,0.930726,0,1
yolo11m-seg_black_coco_seed42,YOLO M,conf=0.8,A6 12H 1_png.rf.ttiuv3CjzGc6GvMTytlM.png,0.856596,0,1
yolo11m-seg_black_coco_seed42,YOLO M,conf=0.8,A6 12H 2_png.rf.bsoBQRnwC6AtJ5KRBKDv.png,0.948185,0,1
yolo11m-seg_black_coco_seed42,YOLO M,conf=0.8,A6 24H 1_png.rf.nNdt9zlpThgANxpw0Afd.png,0.788429,0,1
yolo11m-seg_black_coco_seed42,YOLO M,conf=0.8,A6 24H 2_png.rf.fnzQMmHMSJJ6YxflXcKp.png,0.842918,0,1
yolo11m-seg_black_coco_seed42,YOLO M,conf=0.8,A6 8H 1_png.rf.0Ed4k50VKrxz80UdTuUb.png,0.883153,0,1
yolo11m-seg_black_coco_seed42,YOLO M,conf=0.8,A6 8H 2_png.rf.8H5VYogwRaw3bc7Ufnp7.png,0.0,1,1
yolo11m-seg_black_coco_seed42,YOLO M,conf=0.8,B1 0H 1_png.rf.j3ckb2OmuPoN1D2ZNrsL.png,0.972434,0,1
yolo11m-seg_black_coco_seed42,YOLO M,conf=0.8,B1 0H 2_png.rf.M9qDqnfqVRQAN3kixv3Y.png,0.974316,0,1
yolo11m-seg_black_coco_seed42,YOLO M,conf=0.8,B1 0HR 1_png.rf.eIMkkfHeHfLEZ04ezC1L.png,0.972996,0,1
yolo11m-seg_black_coco_seed42,YOLO M,conf=0.8,B1 0HR 2_png.rf.GJOlprTE8cvwD4CrUmlP.png,0.969524,0,1
yolo11m-seg_black_coco_seed42,YOLO M,conf=0.8,B1 0hr 1_png.rf.HQmAp3GBzLOJSBnrI49n.png,0.951893,0,1
yolo11m-seg_black_coco_seed42,YOLO M,conf=0.8,B1 0hr 1_png.rf.IpACHL1Orw6aFOfMt2L4.png,0.949481,0,1
yolo11m-seg_black_coco_seed42,YOLO M,conf=0.8,B1 0hr 1_png.rf.MsTYgRqpBawgbfwCxIBh.png,0.94473,0,1
yolo11m-seg_black_coco_seed42,YOLO M,conf=0.8,B1 0hr 2_png.rf.XjumgmgMNkQhrRGLEgFA.png,0.941171,0,1
yolo11m-seg_black_coco_seed42,YOLO M,conf=0.8,B1 0hr_1_png.rf.DUGXTEiLp7a24s7ag9dO.png,0.967882,0,1
yolo11m-seg_black_coco_seed42,YOLO M,conf=0.8,B1 0hr_2_png.rf.wWUkB0l85vJDlD6q526J.png,0.96073,0,1
yolo11m-seg_black_coco_seed42,YOLO M,conf=0.8,B1 12H 1_png.rf.VB9B0BXSFCbQoytWKIkL.png,0.924909,0,1
yolo11m-seg_black_coco_seed42,YOLO M,conf=0.8,B1 12H 2_png.rf.cFU7xmBfmqqkIIa5q7nh.png,0.876872,0,1
yolo11m-seg_black_coco_seed42,YOLO M,conf=0.8,B1 12HR 1_png.rf.iGQ0raXb1cPFjLpTE8Qs.png,0.960601,0,1
yolo11m-seg_black_coco_seed42,YOLO M,conf=0.8,B1 12hr 1_png.rf.Basp8dmX2exqZZBqydBx.png,0.927042,0,1
yolo11m-seg_black_coco_seed42,YOLO M,conf=0.8,B1 12hr 1_png.rf.MkOpH7SVtG5q4EYuFmK2.png,0.907164,0,1
yolo11m-seg_black_coco_seed42,YOLO M,conf=0.8,B1 12hr 1_png.rf.sRUPpw6VBKsEL7UWcuqg.png,0.923396,0,1
yolo11m-seg_black_coco_seed42,YOLO M,conf=0.8,B1 12hr_1_png.rf.dB4OztvLmzVa4BGq5jCN.png,0.910052,0,1
yolo11m-seg_black_coco_seed42,YOLO M,conf=0.8,B1 24H 1_png.rf.GJ99b6zJDkCcdldeprAL.png,0.895628,0,1
yolo11m-seg_black_coco_seed42,YOLO M,conf=0.8,B1 24H 2_png.rf.WAXPIALQ8VqzYoMup3J4.png,0.0,1,1
yolo11m-seg_black_coco_seed42,YOLO M,conf=0.8,B1 24HR 1_png.rf.ZOXgAwm7pCyA0PxFBFkk.png,0.856465,0,1
yolo11m-seg_black_coco_seed42,YOLO M,conf=0.8,B1 24HR 2_png.rf.Ls9u8THJDkrAcAUiOT0Q.png,0.912462,0,1
yolo11m-seg_black_coco_seed42,YOLO M,conf=0.8,B1 24hr 1_png.rf.wZriPsVdQe9B1XYh0ypQ.png,0.0,1,1
yolo11m-seg_black_coco_seed42,YOLO M,conf=0.8,B1 24hr 2_png.rf.kOhjizJROLOCgNfM1IF5.png,0.898017,0,1
yolo11m-seg_black_coco_seed42,YOLO M,conf=0.8,B1 8H 1_png.rf.fqDTrXJGtwGnRUswH16c.png,0.962563,0,1
yolo11m-seg_black_coco_seed42,YOLO M,conf=0.8,B1 8H 2_png.rf.gA6SnVr547LgfEenVrRi.png,0.909242,0,1
yolo11m-seg_black_coco_seed42,YOLO M,conf=0.8,B1 8HR 1_png.rf.AMXvM5M5gyDuLKC5DTa9.png,0.945724,0,1
yolo11m-seg_black_coco_seed42,YOLO M,conf=0.8,B1 8HR 2_png.rf.QKXzmdKQE41ccuWFgbwS.png,0.961087,0,1
yolo11m-seg_black_coco_seed42,YOLO M,conf=0.8,B1 8hr 1_png.rf.pwZlWzk9sZA3CwldABe9.png,0.952974,0,1
yolo11m-seg_black_coco_seed42,YOLO M,conf=0.8,B1 8hr 1_png.rf.xNkp4JfkmuylOQerzD1Q.png,0.936734,0,1
yolo11m-seg_black_coco_seed42,YOLO M,conf=0.8,B1 8hr 2_png.rf.L73Y3X4Dx7HELGkPVNlg.png,0.936059,0,1
yolo11m-seg_black_coco_seed42,YOLO M,conf=0.8,B4 0H 1_png.rf.UkNByK7H1jadGiO9HCAd.png,0.905505,0,1
yolo11m-seg_black_coco_seed42,YOLO M,conf=0.8,B4 0H 2_png.rf.rXION3PvUG9p2y5KH5ZG.png,0.942934,0,1
yolo11m-seg_black_coco_seed42,YOLO M,conf=0.8,B4 12H 1_png.rf.1ULnxID5MP426B41agfS.png,0.0,1,1
yolo11m-seg_black_coco_seed42,YOLO M,conf=0.8,B4 12H 2_png.rf.BUDIsAimJHwizKA26kde.png,0.909455,0,1
yolo11m-seg_black_coco_seed42,YOLO M,conf=0.8,B4 24H 1_png.rf.b60wYuoI9jxCKCHE2l9q.png,0.888875,0,1
yolo11m-seg_black_coco_seed42,YOLO M,conf=0.8,B4 24H 2_png.rf.Dy3NkPc0L9HXhRCtCbkW.png,1.0,1,0
yolo11m-seg_black_coco_seed42,YOLO M,conf=0.8,B4 8H 1_png.rf.OVZZyofXQpVrU06rEdEV.png,0.919944,0,1
yolo11m-seg_black_coco_seed42,YOLO M,conf=0.8,B4 8H 2_png.rf.ShxIhASvXw8lGbZkLgUb.png,0.733275,0,1
yolo11m-seg_black_coco_seed42,YOLO M,conf=0.8,B5 0HR 1_png.rf.HyxAq2SZFEx1y342m6b9.png,0.958144,0,1
yolo11m-seg_black_coco_seed42,YOLO M,conf=0.8,B5 0HR 1_png.rf.J6hP1h51BcAFg4KFN6lN.png,0.977224,0,1
yolo11m-seg_black_coco_seed42,YOLO M,conf=0.8,B5 0HR 2_png.rf.MUU0CWJgRWrZIA9N0J2X.png,0.973072,0,1
yolo11m-seg_black_coco_seed42,YOLO M,conf=0.8,B5 12HR 1_png.rf.XqoVkA4DK3JbERfwmQPP.png,0.922996,0,1
yolo11m-seg_black_coco_seed42,YOLO M,conf=0.8,B5 12HR 2_png.rf.EZH0RYIN3t8Q75rFyebV.png,0.929987,0,1
yolo11m-seg_black_coco_seed42,YOLO M,conf=0.8,B5 12HR 2_png.rf.mSR2WAZaiHT4hljqFuAE.png,0.856376,0,1
yolo11m-seg_black_coco_seed42,YOLO M,conf=0.8,B5 24HR 1_png.rf.TJTLDoAzR6YqhVVqJjBV.png,1.0,1,0
yolo11m-seg_black_coco_seed42,YOLO M,conf=0.8,B5 24HR _png.rf.g9PDGT1tjMWdiPw6OCJg.png,1.0,1,0
yolo11m-seg_black_coco_seed42,YOLO M,conf=0.8,B5 8HR 1_png.rf.Ym4RLm5f7bEAlTD8XV4Q.png,0.925211,0,1
yolo11m-seg_black_coco_seed42,YOLO M,conf=0.8,B5 8HR 2_png.rf.1bM2nfrE3C3SuMgkQzIF.png,0.949108,0,1
yolo11m-seg_black_coco_seed42,YOLO M,conf=0.8,B5 8HR 2_png.rf.BzRPidTOrz4nL1zIlvSL.png,0.965059,0,1
yolo11m-seg_black_coco_seed42,YOLO M,conf=0.8,B6 0HR 1_png.rf.G9IIgGta9Gbbj9yqetJW.png,0.978266,0,1
yolo11m-seg_black_coco_seed42,YOLO M,conf=0.8,B6 0hr 1_png.rf.tP2kS9n37GFU0hMWW7mV.png,0.950922,0,1
yolo11m-seg_black_coco_seed42,YOLO M,conf=0.8,B6 12HR 1_png.rf.gMy5B0cpXrZXzyMCZhuv.png,0.865948,0,1
yolo11m-seg_black_coco_seed42,YOLO M,conf=0.8,B6 12HR 2_png.rf.BMDqWV1RTxKKoPMgnLal.png,0.926737,0,1
yolo11m-seg_black_coco_seed42,YOLO M,conf=0.8,B6 12hr 1_png.rf.wMEDLQnrMWwVbcfKlQek.png,0.878566,0,1
yolo11m-seg_black_coco_seed42,YOLO M,conf=0.8,B6 12hr 2_png.rf.y4b1NNhMuInMAANEGR5y.png,0.932844,0,1
yolo11m-seg_black_coco_seed42,YOLO M,conf=0.8,B6 24h 1_png.rf.HqRokqEzDfBP5O3ZtezT.png,1.0,1,0
yolo11m-seg_black_coco_seed42,YOLO M,conf=0.8,B6 24h 1_png.rf.Mqv4F4d5b4AUQiStkAzE.png,1.0,1,0
yolo11m-seg_black_coco_seed42,YOLO M,conf=0.8,C5 0H 1_png.rf.OdwF3vyzWYOgZ8CvxU5t.png,0.961398,0,1
yolo11m-seg_black_coco_seed42,YOLO M,conf=0.8,C5 0H 1_png.rf.qfmzlYXXLFM1UbctuHo5.png,0.971381,0,1
yolo11m-seg_black_coco_seed42,YOLO M,conf=0.8,C5 0H 2_png.rf.UQiYCwrvqp79phsQH2z3.png,0.981857,0,1
yolo11m-seg_black_coco_seed42,YOLO M,conf=0.8,C5 12H 1_png.rf.OLiywuVh8Y6xj17HnU6e.png,0.912489,0,1
yolo11m-seg_black_coco_seed42,YOLO M,conf=0.8,C5 12H 1_png.rf.eqPnAQCG5aI0rvfthMNV.png,0.909238,0,1
yolo11m-seg_black_coco_seed42,YOLO M,conf=0.8,C5 12H 2_png.rf.oLP5pb7BztRNGjNEDlAS.png,0.663166,0,1
yolo11m-seg_black_coco_seed42,YOLO M,conf=0.8,C5 12H 2_png.rf.yGOWuMwCESVagvk7Q4HY.png,0.865007,0,1
yolo11m-seg_black_coco_seed42,YOLO M,conf=0.8,C5 24H 1_png.rf.GRabFdMEvh7NdJQw7srC.png,1.0,1,0
yolo11m-seg_black_coco_seed42,YOLO M,conf=0.8,C5 24H 2_png.rf.1BqtMMJEWOuzOCOM43Zl.png,1.0,1,0
yolo11m-seg_black_coco_seed42,YOLO M,conf=0.8,C5 8H 1_png.rf.QRwHfTeZ3iXOWs30KZOS.png,0.9143,0,1
yolo11m-seg_black_coco_seed42,YOLO M,conf=0.8,C5 8H 1_png.rf.m0k3TjlxKvLXDFhuBq52.png,0.890754,0,1
yolo11m-seg_black_coco_seed42,YOLO M,conf=0.8,C5 8H 2_png.rf.Su3UAyP9dztNqZtfn0u1.png,0.933583,0,1
yolo11m-seg_black_coco_seed42,YOLO M,conf=0.8,D1 0H 1_png.rf.fw3oXHFKRwGBIpMcBKY2.png,0.969272,0,1
yolo11m-seg_black_coco_seed42,YOLO M,conf=0.8,D1 0H 2_png.rf.In3g26PLvIPVilZ9guvK.png,0.971104,0,1
yolo11m-seg_black_coco_seed42,YOLO M,conf=0.8,D1 0HR 1_png.rf.X95BBgcop2LdYBHvWj7G.png,0.965406,0,1
yolo11m-seg_black_coco_seed42,YOLO M,conf=0.8,D1 0HR 1_png.rf.pXGKiyw6dpCjGOogRcBS.png,0.96437,0,1
yolo11m-seg_black_coco_seed42,YOLO M,conf=0.8,D1 0HR 2_png.rf.Ak8bfHD2sNvAS5ARU8WU.png,0.975538,0,1
yolo11m-seg_black_coco_seed42,YOLO M,conf=0.8,D1 0HR 2_png.rf.pBkydjxMgVt0vB999uLo.png,0.965096,0,1
yolo11m-seg_black_coco_seed42,YOLO M,conf=0.8,D1 12H 1_png.rf.mKsxEDejqQN6qCQxLyns.png,0.941196,0,1
yolo11m-seg_black_coco_seed42,YOLO M,conf=0.8,D1 12H 2_png.rf.hM6Jhc6UJKSMWKFN6Pta.png,0.958572,0,1
yolo11m-seg_black_coco_seed42,YOLO M,conf=0.8,D1 12HR 1_png.rf.Sa5pwYNBsukEYVE7qdCO.png,0.921891,0,1
yolo11m-seg_black_coco_seed42,YOLO M,conf=0.8,D1 12HR 1_png.rf.mtvtObh31Z25eXwo4BTB.png,0.882048,0,1
yolo11m-seg_black_coco_seed42,YOLO M,conf=0.8,D1 12HR 2_png.rf.E03XFlEmMbe4CLEeQ5L0.png,0.0,1,1
yolo11m-seg_black_coco_seed42,YOLO M,conf=0.8,D1 12HR 2_png.rf.c61b9Qj6PnDGEcivk5oi.png,0.935725,0,1
yolo11m-seg_black_coco_seed42,YOLO M,conf=0.8,D1 24H 1_png.rf.9St1pSdNBqUmYewNNUks.png,0.0,1,1
yolo11m-seg_black_coco_seed42,YOLO M,conf=0.8,D1 24H 2_png.rf.JPXsJfPNRWwnAkf2OC68.png,0.900041,0,1
yolo11m-seg_black_coco_seed42,YOLO M,conf=0.8,D1 24HR 1_png.rf.D7yfyoxo08GRgfqWxkKs.png,0.860298,0,1
yolo11m-seg_black_coco_seed42,YOLO M,conf=0.8,D1 24HR 1_png.rf.EHcrx6DNEOw8vqgtCyC2.png,1.0,1,0
yolo11m-seg_black_coco_seed42,YOLO M,conf=0.8,D1 24HR 2_png.rf.sKzjQXeeTmG65NxFRo5z.png,1.0,1,0
yolo11m-seg_black_coco_seed42,YOLO M,conf=0.8,D1 24HR 2_png.rf.uoxKxnADebGlXimnPrEx.png,0.874688,0,1
yolo11m-seg_black_coco_seed42,YOLO M,conf=0.8,D1 8H 1_png.rf.AmYzGCscmIMNbZlAIVL4.png,0.941042,0,1
yolo11m-seg_black_coco_seed42,YOLO M,conf=0.8,D1 8H 2_png.rf.1Guur0r0WOYFqgYbD8Ix.png,0.507516,0,1
yolo11m-seg_black_coco_seed42,YOLO M,conf=0.8,D1 8HR 1_png.rf.7pXlMXWWJkv2xLuAp89c.png,0.944983,0,1
yolo11m-seg_black_coco_seed42,YOLO M,conf=0.8,D1 8HR 1_png.rf.Pm37sn4g0olAl9FUCP58.png,0.920887,0,1
yolo11m-seg_black_coco_seed42,YOLO M,conf=0.8,D1 8HR 2_png.rf.We4y9DkVsrjwHtYEPH1S.png,0.928061,0,1
yolo11m-seg_black_coco_seed42,YOLO M,conf=0.8,D1 8HR 2_png.rf.zXqaP0fHqHbabD0CzjuF.png,0.950901,0,1
yolo11m-seg_black_coco_seed42,YOLO M,conf=0.8,D3 0H 1_png.rf.jWsUip53LaCF4OaEEFcb.png,0.982568,0,1
yolo11m-seg_black_coco_seed42,YOLO M,conf=0.8,D3 0H 2_png.rf.lkEcbAGS1IAwabi3cMT3.png,0.977581,0,1
yolo11m-seg_black_coco_seed42,YOLO M,conf=0.8,D3 12H 1_png.rf.vDKmMF3YJlFSbIbFZHci.png,0.967545,0,1
yolo11m-seg_black_coco_seed42,YOLO M,conf=0.8,D3 12H 2_png.rf.bk65RyMB9bMlU59S1RY7.png,0.977564,0,1
yolo11m-seg_black_coco_seed42,YOLO M,conf=0.8,D3 24H 1_png.rf.lgES3xZvT7KoszPGhV44.png,0.95355,0,1
yolo11m-seg_black_coco_seed42,YOLO M,conf=0.8,D3 24H 2_png.rf.vu9MuWKRyoy3WKGkVrI5.png,0.879333,0,1
yolo11m-seg_black_coco_seed42,YOLO M,conf=0.8,D3 8H 1_png.rf.6ah0Jg4O5oakLSomUxcX.png,0.974181,0,1
yolo11m-seg_black_coco_seed42,YOLO M,conf=0.8,D3 8H 2_png.rf.RmIwn01JNbgfY0VcrlAP.png,0.962246,0,1
yolo11m-seg_black_coco_seed42,YOLO M,conf=0.8,D4 0H 1_png.rf.FutNJ1bcHBCTMEvRlEBr.png,0.972508,0,1
yolo11m-seg_black_coco_seed42,YOLO M,conf=0.8,D4 0H 1_png.rf.hIDWQ46StqSUcKyGmBYY.png,0.971759,0,1
yolo11m-seg_black_coco_seed42,YOLO M,conf=0.8,D4 0H 2_png.rf.7RFXNZEElcEIxiB134la.png,0.975934,0,1
yolo11m-seg_black_coco_seed42,YOLO M,conf=0.8,D4 0H 2_png.rf.eVEb58gAMbcellIRwKuX.png,0.0,1,1
yolo11m-seg_black_coco_seed42,YOLO M,conf=0.8,D4 0HR 1_png.rf.eLqJwBy4PkAeXHhqw8Ir.png,0.963729,0,1
yolo11m-seg_black_coco_seed42,YOLO M,conf=0.8,D4 0HR 2_png.rf.EwNjDB9ss3gmM00iJqPT.png,0.97133,0,1
yolo11m-seg_black_coco_seed42,YOLO M,conf=0.8,D4 12H 1_png.rf.9BeWOTfVwMn3ywdSyPmt.png,0.950359,0,1
yolo11m-seg_black_coco_seed42,YOLO M,conf=0.8,D4 12H 1_png.rf.rmwAgsyRm1ZzZ55GuiPB.png,0.0,1,1
yolo11m-seg_black_coco_seed42,YOLO M,conf=0.8,D4 12H 2_png.rf.JoRndEJA1lep3hprLUOS.png,0.0,1,1
yolo11m-seg_black_coco_seed42,YOLO M,conf=0.8,D4 12H 2_png.rf.txyJ67o8LXpC3sVtUoTH.png,0.733529,0,1
yolo11m-seg_black_coco_seed42,YOLO M,conf=0.8,D4 12HR 1_png.rf.coQP5Rm68FoQiPA5lE4l.png,1.0,1,0
yolo11m-seg_black_coco_seed42,YOLO M,conf=0.8,D4 12HR 2_png.rf.3mHz6QXfVp3bYuBorSyN.png,0.860858,0,1
yolo11m-seg_black_coco_seed42,YOLO M,conf=0.8,D4 24H 1_png.rf.4NmTRoRHXyugKUw10i8s.png,1.0,1,0
yolo11m-seg_black_coco_seed42,YOLO M,conf=0.8,D4 24H 1_png.rf.l74W6BtAd1h2vbDdLYa7.png,0.917801,0,1
yolo11m-seg_black_coco_seed42,YOLO M,conf=0.8,D4 24H 2_png.rf.RklTkqfkG2jxmrJIVlDw.png,1.0,1,0
yolo11m-seg_black_coco_seed42,YOLO M,conf=0.8,D4 24HR 1_png.rf.ZeWox4g9WSQYjCRdF5Hj.png,1.0,1,0
yolo11m-seg_black_coco_seed42,YOLO M,conf=0.8,D4 24HR 2_png.rf.aSdWjnYDFFICPSVHPh41.png,1.0,1,0
yolo11m-seg_black_coco_seed42,YOLO M,conf=0.8,D4 8H 1_png.rf.a8mANb97avVu4hPsbo7a.png,0.652711,0,1
yolo11m-seg_black_coco_seed42,YOLO M,conf=0.8,D4 8H 1_png.rf.xpR4xGrS7xqp2WqsHOdj.png,0.960014,0,1
yolo11m-seg_black_coco_seed42,YOLO M,conf=0.8,D4 8H 2_png.rf.ixTzZNh35XGijmR7VOtL.png,0.0,1,1
yolo11m-seg_black_coco_seed42,YOLO M,conf=0.8,D4 8H 2_png.rf.mnoVDerLhE6PpOQcbUog.png,0.943415,0,1
yolo11m-seg_black_coco_seed42,YOLO M,conf=0.8,D4 8HR 1_png.rf.VEshHRtiysfYv1YrXVR9.png,0.901369,0,1
yolo11m-seg_black_coco_seed42,YOLO M,conf=0.8,D4 8HR 2_png.rf.1gESfR3nmJtUf5QdqE6H.png,0.871768,0,1
yolo11m-seg_black_coco_seed42,YOLO M,conf=0.8,E1 0H 1_png.rf.O4klFnPAFBZQG7ZiiWoa.png,0.968228,0,1
yolo11m-seg_black_coco_seed42,YOLO M,conf=0.8,E1 0H 2_png.rf.dwk6Z6HVga7ttj23PmV9.png,0.955434,0,1
yolo11m-seg_black_coco_seed42,YOLO M,conf=0.8,E1 12H 1_png.rf.MXhOPdUnNbYD4WTRbftP.png,0.0,1,1
yolo11m-seg_black_coco_seed42,YOLO M,conf=0.8,E1 12H 2_png.rf.GKeGTBMimaglOZhGi5n6.png,0.58273,0,1
yolo11m-seg_black_coco_seed42,YOLO M,conf=0.8,E1 24H 1_png.rf.JjdLiNmCus3kSa50aOeW.png,1.0,1,0
yolo11m-seg_black_coco_seed42,YOLO M,conf=0.8,E1 8H 1_png.rf.8l6bvVJjLSjiFIlOhJkG.png,0.833668,0,1
yolo11m-seg_black_coco_seed42,YOLO M,conf=0.8,E1 8H 2_png.rf.5qtx5quA0obTJbOUZCxP.png,0.820487,0,1
yolo11m-seg_black_coco_seed42,YOLO M,conf=0.8,F2 0H 1_png.rf.zPl6vPkH5HpqtxJsWJxj.png,0.970368,0,1
yolo11m-seg_black_coco_seed42,YOLO M,conf=0.8,F2 12H 1_png.rf.h05DU2gxBlXL6JdotHmg.png,0.0,1,1
yolo11m-seg_black_coco_seed42,YOLO M,conf=0.8,F2 12H 2_png.rf.2goGI5xvDCGG2PJZ8Its.png,0.926752,0,1
yolo11m-seg_black_coco_seed42,YOLO M,conf=0.8,F2 8H 2_png.rf.dUFZVFJ0aVESmoGKjJ05.png,0.811716,0,1
yolo11m-seg_black_coco_seed42,YOLO M,conf=0.8,Snap-08_141_png.rf.xxwXm4vgaTgEnxfrDBvk.png,1.0,1,0
yolo11m-seg_black_coco_seed42,YOLO M,conf=0.8,Snap-09_200_png.rf.T1DuJr60ClWyEIrNPE9K.png,0.0,1,1
yolo11m-seg_black_coco_seed42,YOLO M,conf=0.8,Snap-09_21_png.rf.eX9WeCW8GgIO8pb44zNf.png,1.0,1,0
yolo11m-seg_black_coco_seed42,YOLO M,conf=0.8,Snap-09_66_png.rf.DXbLfCegxmVs4TDoenmh.png,0.776669,0,1
yolo11m-seg_black_coco_seed42,YOLO M,conf=0.8,Snap-10_146_png.rf.J1zTbpCRqsOW6DtsIPzv.png,1.0,1,0
yolo11m-seg_black_coco_seed42,YOLO M,conf=0.8,Snap-10_png.rf.yj7fOx6nAZtfK19C65wZ.png,0.902084,0,1
yolo11m-seg_black_coco_seed42,YOLO M,conf=0.8,Snap-15_15_png.rf.oEkUKHxOZ7qcBLxMlF5e.png,1.0,1,0
yolo11m-seg_black_coco_seed42,YOLO M,conf=0.8,Snap-15_60_png.rf.AUB9Da86Zc4f2GiWRpgF.png,0.864834,0,1
yolo11m-seg_black_coco_seed42,YOLO M,conf=0.8,Snap-18_122_png.rf.rEzRHI9DOsMmEv8NXGFz.png,0.895955,0,1
yolo11m-seg_black_coco_seed42,YOLO M,conf=0.8,Snap-18_182_png.rf.0olrnxTCWxDIVmtPK3HA.png,0.956583,0,1
yolo11m-seg_black_coco_seed42,YOLO M,conf=0.8,Snap-20_104_png.rf.lu9wLu7mqVxquLAseXNa.png,0.0,1,1
yolo11m-seg_black_coco_seed42,YOLO M,conf=0.8,Snap-21_56_png.rf.ycoY7vPUknblypXrORx3.png,0.0,1,1
yolo11m-seg_black_coco_seed42,YOLO M,conf=0.8,Snap-24_96_png.rf.s6DeTIAvmh6iZiaYgj4W.png,0.0,1,1
yolo11m-seg_black_coco_seed42,YOLO M,conf=0.8,Snap-25_124_png.rf.qhyZRieBWx1vF8Vfj4ck.png,0.934214,0,1
yolo11m-seg_black_coco_seed42,YOLO M,conf=0.8,Snap-25_184_png.rf.fnCmHOHxb5uRZMEeY7RB.png,0.906142,0,1
yolo11m-seg_black_coco_seed42,YOLO M,conf=0.8,Snap-25_50_png.rf.CHeux2nrD5owQB0rBnrP.png,1.0,1,0
yolo11m-seg_black_coco_seed42,YOLO M,conf=0.8,Snap-25_png.rf.NZSC2ldRJFXa4414jttF.png,0.853765,0,1
yolo11m-seg_black_coco_seed42,YOLO M,conf=0.8,Snap-26_283_png.rf.YFDkIZNg1W2rRyv6xoZQ.png,0.0,1,1
yolo11m-seg_black_coco_seed42,YOLO M,conf=0.8,Snap-31_281_png.rf.HrwVzS03qTHBX5RB7awf.png,0.0,1,1
yolo11m-seg_black_coco_seed42,YOLO M,conf=0.8,Snap-36_271_png.rf.sfFr7wfzXmMz4JWE34hv.png,0.923543,0,1
yolo11m-seg_black_coco_seed42,YOLO M,conf=0.8,Snap-37_175_png.rf.FF9MN09bmlSbN40cxQRu.png,0.233937,0,1
yolo11m-seg_black_coco_seed42,YOLO M,conf=0.8,Snap-37_235_png.rf.fp1LasdFT1TZbfgrTie6.png,0.915693,0,1
yolo11m-seg_black_coco_seed42,YOLO M,conf=0.8,Snap-39_77_png.rf.FBpms3tKgC2fVOg0pxu7.png,0.837036,0,1
yolo11m-seg_black_coco_seed42,YOLO M,conf=0.8,Snap-39_png.rf.B5ZdhBp8JGAo6JQji9gU.png,0.935414,0,1
yolo11m-seg_black_coco_seed42,YOLO M,conf=0.8,Snap-41_270_png.rf.46zb8PtP1Yuu9Wit1FpP.png,0.957044,0,1
yolo11m-seg_black_coco_seed42,YOLO M,conf=0.8,Snap-42_165_png.rf.3eAR7nfV8aWUfPbBc82Q.png,0.544051,0,1
yolo11m-seg_black_coco_seed42,YOLO M,conf=0.8,Snap-42_225_png.rf.mQxoBxfdEUUtVkhWybfs.png,0.945529,0,1
yolo11m-seg_black_coco_seed42,YOLO M,conf=0.8,Snap-42_76_png.rf.erwRb4d1blf6lhZ6UFWy.png,0.907169,0,1
yolo11m-seg_black_coco_seed42,YOLO M,conf=0.8,Snap-42_png.rf.vXnbjKiFLjrY6iWZoR1j.png,0.973364,0,1
yolo11m-seg_black_coco_seed42,YOLO M,conf=0.8,Snap-47_159_png.rf.iWHwHxKcpvJIH7RHtxRu.png,0.95865,0,1
yolo11m-seg_black_coco_seed42,YOLO M,conf=0.8,Snap-47_219_png.rf.tXiQQL4hg3VyVt8yhPHg.png,0.971241,0,1
yolo11m-seg_black_coco_seed42,YOLO M,conf=0.8,Snap-52_153_png.rf.jWozliFwqBh7FtxPjDhr.png,0.898123,0,1
yolo11m-seg_black_coco_seed42,YOLO M,conf=0.8,Snap-52_213_png.rf.YrkkVK1Bonf3TxwPZWyE.png,0.973256,0,1
yolo11m-seg_black_coco_seed42,YOLO M,conf=0.8,Snap-54_106_png.rf.VOFbghvZhHsPNSqUFFkZ.png,0.827607,0,1
yolo11m-seg_black_coco_seed42,YOLO M,conf=0.8,Snap-54_1_png.rf.LYlBIIJ3KoqRfd7QemOX.png,0.0,1,1
yolo11m-seg_black_coco_seed42,YOLO M,conf=0.8,Snap-54_png.rf.HGYLhnxL2tQsTiXRBg9n.png,0.959195,0,1
yolo11m-seg_black_coco_seed42,YOLO M,conf=0.8,Snap-60_12_png.rf.AiY33Mo4Daj2M4cZgUnh.png,0.902634,0,1
yolo11m-seg_black_coco_seed42,YOLO M,conf=0.8,Snap-60_png.rf.RpcRTxyR97nXnbvR3urB.png,0.980301,0,1
yolo11m-seg_black_coco_seed42,YOLO M,conf=0.8,ct2_3_png.rf.05gH6Q4BVtzjbT8GvpXk.png,0.983524,0,1
yolo11m-seg_black_coco_seed42,YOLO M,conf=0.8,ct2_5_png.rf.V6uuFIT0hRf8VvfkI0ft.png,0.961768,0,1
yolo11m-seg_black_coco_seed42,YOLO M,conf=0.8,ptx1_2_png.rf.mOSxinMIUOQxQUjpAhxb.png,0.982857,0,1
yolo11m-seg_black_coco_seed42,YOLO M,conf=0.8,ptx2_4_png.rf.YEH27Bh4es5Hup4qomsA.png,0.983496,0,1
yolo11m-seg_black_coco_seed43,YOLO M,conf=0.8,A1 0HR 1_png.rf.F8WfJZAyU8hXcsKytbcA.png,0.968479,0,1
yolo11m-seg_black_coco_seed43,YOLO M,conf=0.8,A1 0HR 1_png.rf.bBmfdS8DK3Ixtw1fZ9P3.png,0.973274,0,1
yolo11m-seg_black_coco_seed43,YOLO M,conf=0.8,A1 0HR 2_png.rf.hVdiwx06lI7rOZ5rr9vC.png,0.9782,0,1
yolo11m-seg_black_coco_seed43,YOLO M,conf=0.8,A1 0HR 2_png.rf.wFANdrijgcCbWaNPdyi0.png,0.972156,0,1
yolo11m-seg_black_coco_seed43,YOLO M,conf=0.8,A1 12HR 1_png.rf.8FGxD5kQMiDucxJswxPl.png,0.9177,0,1
yolo11m-seg_black_coco_seed43,YOLO M,conf=0.8,A1 12HR 1_png.rf.XDKS23ySU3ItzW5Kv957.png,0.0,1,1
yolo11m-seg_black_coco_seed43,YOLO M,conf=0.8,A1 12HR 2_png.rf.6p7F3HADokVM7aGI7thQ.png,0.916929,0,1
yolo11m-seg_black_coco_seed43,YOLO M,conf=0.8,A1 12HR 2_png.rf.OoCbkijic6aCx52coryw.png,0.0,1,1
yolo11m-seg_black_coco_seed43,YOLO M,conf=0.8,A1 12hr 1_png.rf.hPnekH9tRkKoF84Y4HTD.png,0.960619,0,1
yolo11m-seg_black_coco_seed43,YOLO M,conf=0.8,A1 12hr 2_png.rf.Zc7e1rWOmWcCj4dykv3Z.png,0.935234,0,1
yolo11m-seg_black_coco_seed43,YOLO M,conf=0.8,A1 24HR 1_png.rf.1ApDRLrpQqSCaPcShIOu.png,1.0,1,0
yolo11m-seg_black_coco_seed43,YOLO M,conf=0.8,A1 24HR 1_png.rf.psHGzfQFFYu0q9OMf12P.png,1.0,1,0
yolo11m-seg_black_coco_seed43,YOLO M,conf=0.8,A1 24HR 2_png.rf.8ZCo4suYfwAmYJVAdrgi.png,1.0,1,0
yolo11m-seg_black_coco_seed43,YOLO M,conf=0.8,A1 24HR 2_png.rf.QvfIHR0lQkYJbWTuhsBX.png,0.0,1,1
yolo11m-seg_black_coco_seed43,YOLO M,conf=0.8,A1 24h 1_png.rf.TlQXP6CHdUFWS07zQImN.png,1.0,1,0
yolo11m-seg_black_coco_seed43,YOLO M,conf=0.8,A1 24h 2_png.rf.o9mYSgMZsKvkMpLuHnpZ.png,1.0,1,0
yolo11m-seg_black_coco_seed43,YOLO M,conf=0.8,A1 24hr 1_png.rf.LkrEN1mHJhJhYU2lmydg.png,0.836591,0,1
yolo11m-seg_black_coco_seed43,YOLO M,conf=0.8,A1 8HR 1_png.rf.7N4eAqgpqfPKb1eNWowl.png,0.914559,0,1
yolo11m-seg_black_coco_seed43,YOLO M,conf=0.8,A1 8HR 1_png.rf.VABkXkmpYjE9yLo5gSBX.png,0.896981,0,1
yolo11m-seg_black_coco_seed43,YOLO M,conf=0.8,A1 8HR 2_png.rf.bvjlWbubzYS3fVyOKsCU.png,0.911284,0,1
yolo11m-seg_black_coco_seed43,YOLO M,conf=0.8,A1 8HR 2_png.rf.emd32984S6mQhEIM0RXU.png,0.95158,0,1
yolo11m-seg_black_coco_seed43,YOLO M,conf=0.8,A2 0H 2_png.rf.wLkBHcGvevKm0A73Vxcz.png,0.969948,0,1
yolo11m-seg_black_coco_seed43,YOLO M,conf=0.8,A2 12H 1_png.rf.xnmVBn7WXmT4yiy3UMlx.png,0.9372,0,1
yolo11m-seg_black_coco_seed43,YOLO M,conf=0.8,A2 12H 2_png.rf.N7tpAQyq0PEGrhaTGLJT.png,0.958765,0,1
yolo11m-seg_black_coco_seed43,YOLO M,conf=0.8,A2 24H 1_png.rf.EFavmtKTLhhnJThESvF0.png,0.925636,0,1
yolo11m-seg_black_coco_seed43,YOLO M,conf=0.8,A2 24H 2_png.rf.E5xmaghZdqaoko8wlaZh.png,0.937057,0,1
yolo11m-seg_black_coco_seed43,YOLO M,conf=0.8,A2 8H 1_png.rf.xvZ2Owwq7kfNeQBUdLj1.png,0.936077,0,1
yolo11m-seg_black_coco_seed43,YOLO M,conf=0.8,A2 8H 2_png.rf.7oLJskKDBKhwtDpwzZqy.png,0.955524,0,1
yolo11m-seg_black_coco_seed43,YOLO M,conf=0.8,A3 0H 1_png.rf.4oL1M95z5XQoppHkibCl.png,0.464013,0,1
yolo11m-seg_black_coco_seed43,YOLO M,conf=0.8,A3 0H 2_png.rf.QDCtQGDH1pznmeHT0BNJ.png,0.972243,0,1
yolo11m-seg_black_coco_seed43,YOLO M,conf=0.8,A3 12H 1_png.rf.TU0BGVsD3XJqPwGYBsiu.png,0.917914,0,1
yolo11m-seg_black_coco_seed43,YOLO M,conf=0.8,A3 12H 2_png.rf.r5xe4JQ4Ecgyw1raWv4H.png,0.890259,0,1
yolo11m-seg_black_coco_seed43,YOLO M,conf=0.8,A3 24H 1_png.rf.tfdHOCRouEH53EDqy7G0.png,1.0,1,0
yolo11m-seg_black_coco_seed43,YOLO M,conf=0.8,A3 24H 2_png.rf.TOtRUqMkxCrasCpSjZKO.png,1.0,1,0
yolo11m-seg_black_coco_seed43,YOLO M,conf=0.8,A3 8H 1_png.rf.d60KhXvDmSmp3Oia8S8T.png,0.0,1,1
yolo11m-seg_black_coco_seed43,YOLO M,conf=0.8,A3 8H 2_png.rf.B5nEx5FtZ9JTiEjZrHJb.png,0.873953,0,1
yolo11m-seg_black_coco_seed43,YOLO M,conf=0.8,A5 0HR 1_png.rf.ckTpizxWhCzqrJmwetqV.png,0.964994,0,1
yolo11m-seg_black_coco_seed43,YOLO M,conf=0.8,A5 0HR 2_png.rf.C9gm2A2fkupz9aW1u7b9.png,0.975097,0,1
yolo11m-seg_black_coco_seed43,YOLO M,conf=0.8,A5 12HR 1_png.rf.1xA3zwCvRWDQRrGvHIhA.png,0.941071,0,1
yolo11m-seg_black_coco_seed43,YOLO M,conf=0.8,A5 12HR 1_png.rf.IESDSkszuJatVJfvQ7PW.png,0.0,1,1
yolo11m-seg_black_coco_seed43,YOLO M,conf=0.8,A5 12HR 2_png.rf.mzYpTwvbQHLWffHAkMOe.png,0.918528,0,1
yolo11m-seg_black_coco_seed43,YOLO M,conf=0.8,A5 12HR 2_png.rf.rAr8U7x7uLNYSny2Orvg.png,0.0,1,1
yolo11m-seg_black_coco_seed43,YOLO M,conf=0.8,A5 24HR 1_png.rf.CpfIcPI5krfxTtJFGjKH.png,1.0,1,0
yolo11m-seg_black_coco_seed43,YOLO M,conf=0.8,A5 24HR 1_png.rf.QWraD9H7IOqSfp8mznDQ.png,0.0,1,1
yolo11m-seg_black_coco_seed43,YOLO M,conf=0.8,A5 24HR 2_png.rf.JBrJ8KO8uH9Jn3iTJvZf.png,1.0,1,0
yolo11m-seg_black_coco_seed43,YOLO M,conf=0.8,A5 24HR 2_png.rf.xE7wqG2pbN9OFXjVvNjl.png,0.900549,0,1
yolo11m-seg_black_coco_seed43,YOLO M,conf=0.8,A5 8HR 1_png.rf.jEYUYpVLybixXNUndrI9.png,0.937928,0,1
yolo11m-seg_black_coco_seed43,YOLO M,conf=0.8,A5 8HR 1_png.rf.qbCCkoclBZRwrN2mNDA9.png,0.874214,0,1
yolo11m-seg_black_coco_seed43,YOLO M,conf=0.8,A5 8HR 2_png.rf.7U0SE5K1r1eXtmiCBL1Q.png,0.845154,0,1
yolo11m-seg_black_coco_seed43,YOLO M,conf=0.8,A6 0H 1_png.rf.rKpcg4iYJ50H0XfmG98n.png,0.858418,0,1
yolo11m-seg_black_coco_seed43,YOLO M,conf=0.8,A6 0H 2_png.rf.xTjPOuBdGBBEAQh6qzcS.png,0.911079,0,1
yolo11m-seg_black_coco_seed43,YOLO M,conf=0.8,A6 12H 1_png.rf.ttiuv3CjzGc6GvMTytlM.png,0.845548,0,1
yolo11m-seg_black_coco_seed43,YOLO M,conf=0.8,A6 12H 2_png.rf.bsoBQRnwC6AtJ5KRBKDv.png,0.936098,0,1
yolo11m-seg_black_coco_seed43,YOLO M,conf=0.8,A6 24H 1_png.rf.nNdt9zlpThgANxpw0Afd.png,0.821765,0,1
yolo11m-seg_black_coco_seed43,YOLO M,conf=0.8,A6 24H 2_png.rf.fnzQMmHMSJJ6YxflXcKp.png,0.0,1,1
yolo11m-seg_black_coco_seed43,YOLO M,conf=0.8,A6 8H 1_png.rf.0Ed4k50VKrxz80UdTuUb.png,0.845032,0,1
yolo11m-seg_black_coco_seed43,YOLO M,conf=0.8,A6 8H 2_png.rf.8H5VYogwRaw3bc7Ufnp7.png,0.851822,0,1
yolo11m-seg_black_coco_seed43,YOLO M,conf=0.8,B1 0H 1_png.rf.j3ckb2OmuPoN1D2ZNrsL.png,0.974696,0,1
yolo11m-seg_black_coco_seed43,YOLO M,conf=0.8,B1 0H 2_png.rf.M9qDqnfqVRQAN3kixv3Y.png,0.975371,0,1
yolo11m-seg_black_coco_seed43,YOLO M,conf=0.8,B1 0HR 1_png.rf.eIMkkfHeHfLEZ04ezC1L.png,0.970142,0,1
yolo11m-seg_black_coco_seed43,YOLO M,conf=0.8,B1 0HR 2_png.rf.GJOlprTE8cvwD4CrUmlP.png,0.969705,0,1
yolo11m-seg_black_coco_seed43,YOLO M,conf=0.8,B1 0hr 1_png.rf.HQmAp3GBzLOJSBnrI49n.png,0.971793,0,1
yolo11m-seg_black_coco_seed43,YOLO M,conf=0.8,B1 0hr 1_png.rf.IpACHL1Orw6aFOfMt2L4.png,0.966926,0,1
yolo11m-seg_black_coco_seed43,YOLO M,conf=0.8,B1 0hr 1_png.rf.MsTYgRqpBawgbfwCxIBh.png,0.974492,0,1
yolo11m-seg_black_coco_seed43,YOLO M,conf=0.8,B1 0hr 2_png.rf.XjumgmgMNkQhrRGLEgFA.png,0.949481,0,1
yolo11m-seg_black_coco_seed43,YOLO M,conf=0.8,B1 0hr_1_png.rf.DUGXTEiLp7a24s7ag9dO.png,0.9711,0,1
yolo11m-seg_black_coco_seed43,YOLO M,conf=0.8,B1 0hr_2_png.rf.wWUkB0l85vJDlD6q526J.png,0.971739,0,1
yolo11m-seg_black_coco_seed43,YOLO M,conf=0.8,B1 12H 1_png.rf.VB9B0BXSFCbQoytWKIkL.png,0.921051,0,1
yolo11m-seg_black_coco_seed43,YOLO M,conf=0.8,B1 12H 2_png.rf.cFU7xmBfmqqkIIa5q7nh.png,0.899423,0,1
yolo11m-seg_black_coco_seed43,YOLO M,conf=0.8,B1 12HR 1_png.rf.iGQ0raXb1cPFjLpTE8Qs.png,0.951261,0,1
yolo11m-seg_black_coco_seed43,YOLO M,conf=0.8,B1 12hr 1_png.rf.Basp8dmX2exqZZBqydBx.png,0.937148,0,1
yolo11m-seg_black_coco_seed43,YOLO M,conf=0.8,B1 12hr 1_png.rf.MkOpH7SVtG5q4EYuFmK2.png,0.0,1,1
yolo11m-seg_black_coco_seed43,YOLO M,conf=0.8,B1 12hr 1_png.rf.sRUPpw6VBKsEL7UWcuqg.png,0.949615,0,1
yolo11m-seg_black_coco_seed43,YOLO M,conf=0.8,B1 12hr_1_png.rf.dB4OztvLmzVa4BGq5jCN.png,0.924227,0,1
yolo11m-seg_black_coco_seed43,YOLO M,conf=0.8,B1 24H 1_png.rf.GJ99b6zJDkCcdldeprAL.png,0.878432,0,1
yolo11m-seg_black_coco_seed43,YOLO M,conf=0.8,B1 24H 2_png.rf.WAXPIALQ8VqzYoMup3J4.png,0.404121,0,1
yolo11m-seg_black_coco_seed43,YOLO M,conf=0.8,B1 24HR 1_png.rf.ZOXgAwm7pCyA0PxFBFkk.png,0.86528,0,1
yolo11m-seg_black_coco_seed43,YOLO M,conf=0.8,B1 24HR 2_png.rf.Ls9u8THJDkrAcAUiOT0Q.png,0.904904,0,1
yolo11m-seg_black_coco_seed43,YOLO M,conf=0.8,B1 24hr 1_png.rf.wZriPsVdQe9B1XYh0ypQ.png,0.0,1,1
yolo11m-seg_black_coco_seed43,YOLO M,conf=0.8,B1 24hr 2_png.rf.kOhjizJROLOCgNfM1IF5.png,0.890164,0,1
yolo11m-seg_black_coco_seed43,YOLO M,conf=0.8,B1 8H 1_png.rf.fqDTrXJGtwGnRUswH16c.png,0.957659,0,1
yolo11m-seg_black_coco_seed43,YOLO M,conf=0.8,B1 8H 2_png.rf.gA6SnVr547LgfEenVrRi.png,0.911532,0,1
yolo11m-seg_black_coco_seed43,YOLO M,conf=0.8,B1 8HR 1_png.rf.AMXvM5M5gyDuLKC5DTa9.png,0.944539,0,1
yolo11m-seg_black_coco_seed43,YOLO M,conf=0.8,B1 8HR 2_png.rf.QKXzmdKQE41ccuWFgbwS.png,0.958838,0,1
yolo11m-seg_black_coco_seed43,YOLO M,conf=0.8,B1 8hr 1_png.rf.pwZlWzk9sZA3CwldABe9.png,0.965703,0,1
yolo11m-seg_black_coco_seed43,YOLO M,conf=0.8,B1 8hr 1_png.rf.xNkp4JfkmuylOQerzD1Q.png,0.952995,0,1
yolo11m-seg_black_coco_seed43,YOLO M,conf=0.8,B1 8hr 2_png.rf.L73Y3X4Dx7HELGkPVNlg.png,0.951214,0,1
yolo11m-seg_black_coco_seed43,YOLO M,conf=0.8,B4 0H 1_png.rf.UkNByK7H1jadGiO9HCAd.png,0.893571,0,1
yolo11m-seg_black_coco_seed43,YOLO M,conf=0.8,B4 0H 2_png.rf.rXION3PvUG9p2y5KH5ZG.png,0.92856,0,1
yolo11m-seg_black_coco_seed43,YOLO M,conf=0.8,B4 12H 1_png.rf.1ULnxID5MP426B41agfS.png,0.0,1,1
yolo11m-seg_black_coco_seed43,YOLO M,conf=0.8,B4 12H 2_png.rf.BUDIsAimJHwizKA26kde.png,0.911091,0,1
yolo11m-seg_black_coco_seed43,YOLO M,conf=0.8,B4 24H 1_png.rf.b60wYuoI9jxCKCHE2l9q.png,0.872716,0,1
yolo11m-seg_black_coco_seed43,YOLO M,conf=0.8,B4 24H 2_png.rf.Dy3NkPc0L9HXhRCtCbkW.png,1.0,1,0
yolo11m-seg_black_coco_seed43,YOLO M,conf=0.8,B4 8H 1_png.rf.OVZZyofXQpVrU06rEdEV.png,0.913185,0,1
yolo11m-seg_black_coco_seed43,YOLO M,conf=0.8,B4 8H 2_png.rf.ShxIhASvXw8lGbZkLgUb.png,0.0,1,1
yolo11m-seg_black_coco_seed43,YOLO M,conf=0.8,B5 0HR 1_png.rf.HyxAq2SZFEx1y342m6b9.png,0.967213,0,1
yolo11m-seg_black_coco_seed43,YOLO M,conf=0.8,B5 0HR 1_png.rf.J6hP1h51BcAFg4KFN6lN.png,0.977859,0,1
yolo11m-seg_black_coco_seed43,YOLO M,conf=0.8,B5 0HR 2_png.rf.MUU0CWJgRWrZIA9N0J2X.png,0.971469,0,1
yolo11m-seg_black_coco_seed43,YOLO M,conf=0.8,B5 12HR 1_png.rf.XqoVkA4DK3JbERfwmQPP.png,0.921269,0,1
yolo11m-seg_black_coco_seed43,YOLO M,conf=0.8,B5 12HR 2_png.rf.EZH0RYIN3t8Q75rFyebV.png,0.920631,0,1
yolo11m-seg_black_coco_seed43,YOLO M,conf=0.8,B5 12HR 2_png.rf.mSR2WAZaiHT4hljqFuAE.png,0.861399,0,1
yolo11m-seg_black_coco_seed43,YOLO M,conf=0.8,B5 24HR 1_png.rf.TJTLDoAzR6YqhVVqJjBV.png,1.0,1,0
yolo11m-seg_black_coco_seed43,YOLO M,conf=0.8,B5 24HR _png.rf.g9PDGT1tjMWdiPw6OCJg.png,1.0,1,0
yolo11m-seg_black_coco_seed43,YOLO M,conf=0.8,B5 8HR 1_png.rf.Ym4RLm5f7bEAlTD8XV4Q.png,0.927313,0,1
yolo11m-seg_black_coco_seed43,YOLO M,conf=0.8,B5 8HR 2_png.rf.1bM2nfrE3C3SuMgkQzIF.png,0.947098,0,1
yolo11m-seg_black_coco_seed43,YOLO M,conf=0.8,B5 8HR 2_png.rf.BzRPidTOrz4nL1zIlvSL.png,0.957146,0,1
yolo11m-seg_black_coco_seed43,YOLO M,conf=0.8,B6 0HR 1_png.rf.G9IIgGta9Gbbj9yqetJW.png,0.979772,0,1
yolo11m-seg_black_coco_seed43,YOLO M,conf=0.8,B6 0hr 1_png.rf.tP2kS9n37GFU0hMWW7mV.png,0.969671,0,1
yolo11m-seg_black_coco_seed43,YOLO M,conf=0.8,B6 12HR 1_png.rf.gMy5B0cpXrZXzyMCZhuv.png,0.864412,0,1
yolo11m-seg_black_coco_seed43,YOLO M,conf=0.8,B6 12HR 2_png.rf.BMDqWV1RTxKKoPMgnLal.png,0.936616,0,1
yolo11m-seg_black_coco_seed43,YOLO M,conf=0.8,B6 12hr 1_png.rf.wMEDLQnrMWwVbcfKlQek.png,0.0,1,1
yolo11m-seg_black_coco_seed43,YOLO M,conf=0.8,B6 12hr 2_png.rf.y4b1NNhMuInMAANEGR5y.png,0.934614,0,1
yolo11m-seg_black_coco_seed43,YOLO M,conf=0.8,B6 24h 1_png.rf.HqRokqEzDfBP5O3ZtezT.png,1.0,1,0
yolo11m-seg_black_coco_seed43,YOLO M,conf=0.8,B6 24h 1_png.rf.Mqv4F4d5b4AUQiStkAzE.png,1.0,1,0
yolo11m-seg_black_coco_seed43,YOLO M,conf=0.8,C5 0H 1_png.rf.OdwF3vyzWYOgZ8CvxU5t.png,0.961422,0,1
yolo11m-seg_black_coco_seed43,YOLO M,conf=0.8,C5 0H 1_png.rf.qfmzlYXXLFM1UbctuHo5.png,0.967155,0,1
yolo11m-seg_black_coco_seed43,YOLO M,conf=0.8,C5 0H 2_png.rf.UQiYCwrvqp79phsQH2z3.png,0.976276,0,1
yolo11m-seg_black_coco_seed43,YOLO M,conf=0.8,C5 12H 1_png.rf.OLiywuVh8Y6xj17HnU6e.png,0.910777,0,1
yolo11m-seg_black_coco_seed43,YOLO M,conf=0.8,C5 12H 1_png.rf.eqPnAQCG5aI0rvfthMNV.png,0.902584,0,1
yolo11m-seg_black_coco_seed43,YOLO M,conf=0.8,C5 12H 2_png.rf.oLP5pb7BztRNGjNEDlAS.png,0.669208,0,1
yolo11m-seg_black_coco_seed43,YOLO M,conf=0.8,C5 12H 2_png.rf.yGOWuMwCESVagvk7Q4HY.png,0.861,0,1
yolo11m-seg_black_coco_seed43,YOLO M,conf=0.8,C5 24H 1_png.rf.GRabFdMEvh7NdJQw7srC.png,1.0,1,0
yolo11m-seg_black_coco_seed43,YOLO M,conf=0.8,C5 24H 2_png.rf.1BqtMMJEWOuzOCOM43Zl.png,1.0,1,0
yolo11m-seg_black_coco_seed43,YOLO M,conf=0.8,C5 8H 1_png.rf.QRwHfTeZ3iXOWs30KZOS.png,0.912013,0,1
yolo11m-seg_black_coco_seed43,YOLO M,conf=0.8,C5 8H 1_png.rf.m0k3TjlxKvLXDFhuBq52.png,0.889654,0,1
yolo11m-seg_black_coco_seed43,YOLO M,conf=0.8,C5 8H 2_png.rf.Su3UAyP9dztNqZtfn0u1.png,0.930452,0,1
yolo11m-seg_black_coco_seed43,YOLO M,conf=0.8,D1 0H 1_png.rf.fw3oXHFKRwGBIpMcBKY2.png,0.967519,0,1
yolo11m-seg_black_coco_seed43,YOLO M,conf=0.8,D1 0H 2_png.rf.In3g26PLvIPVilZ9guvK.png,0.968042,0,1
yolo11m-seg_black_coco_seed43,YOLO M,conf=0.8,D1 0HR 1_png.rf.X95BBgcop2LdYBHvWj7G.png,0.962405,0,1
yolo11m-seg_black_coco_seed43,YOLO M,conf=0.8,D1 0HR 1_png.rf.pXGKiyw6dpCjGOogRcBS.png,0.960219,0,1
yolo11m-seg_black_coco_seed43,YOLO M,conf=0.8,D1 0HR 2_png.rf.Ak8bfHD2sNvAS5ARU8WU.png,0.968534,0,1
yolo11m-seg_black_coco_seed43,YOLO M,conf=0.8,D1 0HR 2_png.rf.pBkydjxMgVt0vB999uLo.png,0.958436,0,1
yolo11m-seg_black_coco_seed43,YOLO M,conf=0.8,D1 12H 1_png.rf.mKsxEDejqQN6qCQxLyns.png,0.945745,0,1
yolo11m-seg_black_coco_seed43,YOLO M,conf=0.8,D1 12H 2_png.rf.hM6Jhc6UJKSMWKFN6Pta.png,0.94962,0,1
yolo11m-seg_black_coco_seed43,YOLO M,conf=0.8,D1 12HR 1_png.rf.Sa5pwYNBsukEYVE7qdCO.png,0.923523,0,1
yolo11m-seg_black_coco_seed43,YOLO M,conf=0.8,D1 12HR 1_png.rf.mtvtObh31Z25eXwo4BTB.png,0.0,1,1
yolo11m-seg_black_coco_seed43,YOLO M,conf=0.8,D1 12HR 2_png.rf.E03XFlEmMbe4CLEeQ5L0.png,0.0,1,1
yolo11m-seg_black_coco_seed43,YOLO M,conf=0.8,D1 12HR 2_png.rf.c61b9Qj6PnDGEcivk5oi.png,0.939809,0,1
yolo11m-seg_black_coco_seed43,YOLO M,conf=0.8,D1 24H 1_png.rf.9St1pSdNBqUmYewNNUks.png,0.0,1,1
yolo11m-seg_black_coco_seed43,YOLO M,conf=0.8,D1 24H 2_png.rf.JPXsJfPNRWwnAkf2OC68.png,0.844073,0,1
yolo11m-seg_black_coco_seed43,YOLO M,conf=0.8,D1 24HR 1_png.rf.D7yfyoxo08GRgfqWxkKs.png,0.861479,0,1
yolo11m-seg_black_coco_seed43,YOLO M,conf=0.8,D1 24HR 1_png.rf.EHcrx6DNEOw8vqgtCyC2.png,1.0,1,0
yolo11m-seg_black_coco_seed43,YOLO M,conf=0.8,D1 24HR 2_png.rf.sKzjQXeeTmG65NxFRo5z.png,1.0,1,0
yolo11m-seg_black_coco_seed43,YOLO M,conf=0.8,D1 24HR 2_png.rf.uoxKxnADebGlXimnPrEx.png,0.846907,0,1
yolo11m-seg_black_coco_seed43,YOLO M,conf=0.8,D1 8H 1_png.rf.AmYzGCscmIMNbZlAIVL4.png,0.932384,0,1
yolo11m-seg_black_coco_seed43,YOLO M,conf=0.8,D1 8H 2_png.rf.1Guur0r0WOYFqgYbD8Ix.png,0.0,1,1
yolo11m-seg_black_coco_seed43,YOLO M,conf=0.8,D1 8HR 1_png.rf.7pXlMXWWJkv2xLuAp89c.png,0.936674,0,1
yolo11m-seg_black_coco_seed43,YOLO M,conf=0.8,D1 8HR 1_png.rf.Pm37sn4g0olAl9FUCP58.png,0.91539,0,1
yolo11m-seg_black_coco_seed43,YOLO M,conf=0.8,D1 8HR 2_png.rf.We4y9DkVsrjwHtYEPH1S.png,0.922136,0,1
yolo11m-seg_black_coco_seed43,YOLO M,conf=0.8,D1 8HR 2_png.rf.zXqaP0fHqHbabD0CzjuF.png,0.952567,0,1
yolo11m-seg_black_coco_seed43,YOLO M,conf=0.8,D3 0H 1_png.rf.jWsUip53LaCF4OaEEFcb.png,0.982337,0,1
yolo11m-seg_black_coco_seed43,YOLO M,conf=0.8,D3 0H 2_png.rf.lkEcbAGS1IAwabi3cMT3.png,0.966959,0,1
yolo11m-seg_black_coco_seed43,YOLO M,conf=0.8,D3 12H 1_png.rf.vDKmMF3YJlFSbIbFZHci.png,0.960208,0,1
yolo11m-seg_black_coco_seed43,YOLO M,conf=0.8,D3 12H 2_png.rf.bk65RyMB9bMlU59S1RY7.png,0.974135,0,1
yolo11m-seg_black_coco_seed43,YOLO M,conf=0.8,D3 24H 1_png.rf.lgES3xZvT7KoszPGhV44.png,0.948011,0,1
yolo11m-seg_black_coco_seed43,YOLO M,conf=0.8,D3 24H 2_png.rf.vu9MuWKRyoy3WKGkVrI5.png,0.942112,0,1
yolo11m-seg_black_coco_seed43,YOLO M,conf=0.8,D3 8H 1_png.rf.6ah0Jg4O5oakLSomUxcX.png,0.971712,0,1
yolo11m-seg_black_coco_seed43,YOLO M,conf=0.8,D3 8H 2_png.rf.RmIwn01JNbgfY0VcrlAP.png,0.959791,0,1
yolo11m-seg_black_coco_seed43,YOLO M,conf=0.8,D4 0H 1_png.rf.FutNJ1bcHBCTMEvRlEBr.png,0.973603,0,1
yolo11m-seg_black_coco_seed43,YOLO M,conf=0.8,D4 0H 1_png.rf.hIDWQ46StqSUcKyGmBYY.png,0.965294,0,1
yolo11m-seg_black_coco_seed43,YOLO M,conf=0.8,D4 0H 2_png.rf.7RFXNZEElcEIxiB134la.png,0.971597,0,1
yolo11m-seg_black_coco_seed43,YOLO M,conf=0.8,D4 0H 2_png.rf.eVEb58gAMbcellIRwKuX.png,0.430162,0,1
yolo11m-seg_black_coco_seed43,YOLO M,conf=0.8,D4 0HR 1_png.rf.eLqJwBy4PkAeXHhqw8Ir.png,0.96252,0,1
yolo11m-seg_black_coco_seed43,YOLO M,conf=0.8,D4 0HR 2_png.rf.EwNjDB9ss3gmM00iJqPT.png,0.966789,0,1
yolo11m-seg_black_coco_seed43,YOLO M,conf=0.8,D4 12H 1_png.rf.9BeWOTfVwMn3ywdSyPmt.png,0.951059,0,1
yolo11m-seg_black_coco_seed43,YOLO M,conf=0.8,D4 12H 1_png.rf.rmwAgsyRm1ZzZ55GuiPB.png,0.0,1,1
yolo11m-seg_black_coco_seed43,YOLO M,conf=0.8,D4 12H 2_png.rf.JoRndEJA1lep3hprLUOS.png,0.0,1,1
yolo11m-seg_black_coco_seed43,YOLO M,conf=0.8,D4 12H 2_png.rf.txyJ67o8LXpC3sVtUoTH.png,0.0,1,1
yolo11m-seg_black_coco_seed43,YOLO M,conf=0.8,D4 12HR 1_png.rf.coQP5Rm68FoQiPA5lE4l.png,1.0,1,0
yolo11m-seg_black_coco_seed43,YOLO M,conf=0.8,D4 12HR 2_png.rf.3mHz6QXfVp3bYuBorSyN.png,0.874338,0,1
yolo11m-seg_black_coco_seed43,YOLO M,conf=0.8,D4 24H 1_png.rf.4NmTRoRHXyugKUw10i8s.png,1.0,1,0
yolo11m-seg_black_coco_seed43,YOLO M,conf=0.8,D4 24H 1_png.rf.l74W6BtAd1h2vbDdLYa7.png,0.923045,0,1
yolo11m-seg_black_coco_seed43,YOLO M,conf=0.8,D4 24H 2_png.rf.RklTkqfkG2jxmrJIVlDw.png,1.0,1,0
yolo11m-seg_black_coco_seed43,YOLO M,conf=0.8,D4 24HR 1_png.rf.ZeWox4g9WSQYjCRdF5Hj.png,1.0,1,0
yolo11m-seg_black_coco_seed43,YOLO M,conf=0.8,D4 24HR 2_png.rf.aSdWjnYDFFICPSVHPh41.png,1.0,1,0
yolo11m-seg_black_coco_seed43,YOLO M,conf=0.8,D4 8H 1_png.rf.a8mANb97avVu4hPsbo7a.png,0.0,1,1
yolo11m-seg_black_coco_seed43,YOLO M,conf=0.8,D4 8H 1_png.rf.xpR4xGrS7xqp2WqsHOdj.png,0.959106,0,1
yolo11m-seg_black_coco_seed43,YOLO M,conf=0.8,D4 8H 2_png.rf.ixTzZNh35XGijmR7VOtL.png,0.431063,0,1
yolo11m-seg_black_coco_seed43,YOLO M,conf=0.8,D4 8H 2_png.rf.mnoVDerLhE6PpOQcbUog.png,0.926077,0,1
yolo11m-seg_black_coco_seed43,YOLO M,conf=0.8,D4 8HR 1_png.rf.VEshHRtiysfYv1YrXVR9.png,0.889,0,1
yolo11m-seg_black_coco_seed43,YOLO M,conf=0.8,D4 8HR 2_png.rf.1gESfR3nmJtUf5QdqE6H.png,0.874905,0,1
yolo11m-seg_black_coco_seed43,YOLO M,conf=0.8,E1 0H 1_png.rf.O4klFnPAFBZQG7ZiiWoa.png,0.966475,0,1
yolo11m-seg_black_coco_seed43,YOLO M,conf=0.8,E1 0H 2_png.rf.dwk6Z6HVga7ttj23PmV9.png,0.941101,0,1
yolo11m-seg_black_coco_seed43,YOLO M,conf=0.8,E1 12H 1_png.rf.MXhOPdUnNbYD4WTRbftP.png,0.0,1,1
yolo11m-seg_black_coco_seed43,YOLO M,conf=0.8,E1 12H 2_png.rf.GKeGTBMimaglOZhGi5n6.png,0.0,1,1
yolo11m-seg_black_coco_seed43,YOLO M,conf=0.8,E1 24H 1_png.rf.JjdLiNmCus3kSa50aOeW.png,1.0,1,0
yolo11m-seg_black_coco_seed43,YOLO M,conf=0.8,E1 8H 1_png.rf.8l6bvVJjLSjiFIlOhJkG.png,0.823197,0,1
yolo11m-seg_black_coco_seed43,YOLO M,conf=0.8,E1 8H 2_png.rf.5qtx5quA0obTJbOUZCxP.png,0.853922,0,1
yolo11m-seg_black_coco_seed43,YOLO M,conf=0.8,F2 0H 1_png.rf.zPl6vPkH5HpqtxJsWJxj.png,0.960273,0,1
yolo11m-seg_black_coco_seed43,YOLO M,conf=0.8,F2 12H 1_png.rf.h05DU2gxBlXL6JdotHmg.png,0.0,1,1
yolo11m-seg_black_coco_seed43,YOLO M,conf=0.8,F2 12H 2_png.rf.2goGI5xvDCGG2PJZ8Its.png,0.926261,0,1
yolo11m-seg_black_coco_seed43,YOLO M,conf=0.8,F2 8H 2_png.rf.dUFZVFJ0aVESmoGKjJ05.png,0.0,1,1
yolo11m-seg_black_coco_seed43,YOLO M,conf=0.8,Snap-08_141_png.rf.xxwXm4vgaTgEnxfrDBvk.png,1.0,1,0
yolo11m-seg_black_coco_seed43,YOLO M,conf=0.8,Snap-09_200_png.rf.T1DuJr60ClWyEIrNPE9K.png,0.0,1,1
yolo11m-seg_black_coco_seed43,YOLO M,conf=0.8,Snap-09_21_png.rf.eX9WeCW8GgIO8pb44zNf.png,1.0,1,0
yolo11m-seg_black_coco_seed43,YOLO M,conf=0.8,Snap-09_66_png.rf.DXbLfCegxmVs4TDoenmh.png,0.77546,0,1
yolo11m-seg_black_coco_seed43,YOLO M,conf=0.8,Snap-10_146_png.rf.J1zTbpCRqsOW6DtsIPzv.png,1.0,1,0
yolo11m-seg_black_coco_seed43,YOLO M,conf=0.8,Snap-10_png.rf.yj7fOx6nAZtfK19C65wZ.png,0.763429,0,1
yolo11m-seg_black_coco_seed43,YOLO M,conf=0.8,Snap-15_15_png.rf.oEkUKHxOZ7qcBLxMlF5e.png,1.0,1,0
yolo11m-seg_black_coco_seed43,YOLO M,conf=0.8,Snap-15_60_png.rf.AUB9Da86Zc4f2GiWRpgF.png,0.0,1,1
yolo11m-seg_black_coco_seed43,YOLO M,conf=0.8,Snap-18_122_png.rf.rEzRHI9DOsMmEv8NXGFz.png,0.887723,0,1
yolo11m-seg_black_coco_seed43,YOLO M,conf=0.8,Snap-18_182_png.rf.0olrnxTCWxDIVmtPK3HA.png,0.946838,0,1
yolo11m-seg_black_coco_seed43,YOLO M,conf=0.8,Snap-20_104_png.rf.lu9wLu7mqVxquLAseXNa.png,0.75518,0,1
yolo11m-seg_black_coco_seed43,YOLO M,conf=0.8,Snap-21_56_png.rf.ycoY7vPUknblypXrORx3.png,0.0,1,1
yolo11m-seg_black_coco_seed43,YOLO M,conf=0.8,Snap-24_96_png.rf.s6DeTIAvmh6iZiaYgj4W.png,0.0,1,1
yolo11m-seg_black_coco_seed43,YOLO M,conf=0.8,Snap-25_124_png.rf.qhyZRieBWx1vF8Vfj4ck.png,0.788611,0,1
yolo11m-seg_black_coco_seed43,YOLO M,conf=0.8,Snap-25_184_png.rf.fnCmHOHxb5uRZMEeY7RB.png,0.802495,0,1
yolo11m-seg_black_coco_seed43,YOLO M,conf=0.8,Snap-25_50_png.rf.CHeux2nrD5owQB0rBnrP.png,1.0,1,0
yolo11m-seg_black_coco_seed43,YOLO M,conf=0.8,Snap-25_png.rf.NZSC2ldRJFXa4414jttF.png,0.772991,0,1
yolo11m-seg_black_coco_seed43,YOLO M,conf=0.8,Snap-26_283_png.rf.YFDkIZNg1W2rRyv6xoZQ.png,0.287288,0,1
yolo11m-seg_black_coco_seed43,YOLO M,conf=0.8,Snap-31_281_png.rf.HrwVzS03qTHBX5RB7awf.png,0.581394,0,1
yolo11m-seg_black_coco_seed43,YOLO M,conf=0.8,Snap-36_271_png.rf.sfFr7wfzXmMz4JWE34hv.png,0.925421,0,1
yolo11m-seg_black_coco_seed43,YOLO M,conf=0.8,Snap-37_175_png.rf.FF9MN09bmlSbN40cxQRu.png,0.234933,0,1
yolo11m-seg_black_coco_seed43,YOLO M,conf=0.8,Snap-37_235_png.rf.fp1LasdFT1TZbfgrTie6.png,0.912683,0,1
yolo11m-seg_black_coco_seed43,YOLO M,conf=0.8,Snap-39_77_png.rf.FBpms3tKgC2fVOg0pxu7.png,0.0,1,1
yolo11m-seg_black_coco_seed43,YOLO M,conf=0.8,Snap-39_png.rf.B5ZdhBp8JGAo6JQji9gU.png,0.78963,0,1
yolo11m-seg_black_coco_seed43,YOLO M,conf=0.8,Snap-41_270_png.rf.46zb8PtP1Yuu9Wit1FpP.png,0.950698,0,1
yolo11m-seg_black_coco_seed43,YOLO M,conf=0.8,Snap-42_165_png.rf.3eAR7nfV8aWUfPbBc82Q.png,0.543777,0,1
yolo11m-seg_black_coco_seed43,YOLO M,conf=0.8,Snap-42_225_png.rf.mQxoBxfdEUUtVkhWybfs.png,0.930015,0,1
yolo11m-seg_black_coco_seed43,YOLO M,conf=0.8,Snap-42_76_png.rf.erwRb4d1blf6lhZ6UFWy.png,0.902327,0,1
yolo11m-seg_black_coco_seed43,YOLO M,conf=0.8,Snap-42_png.rf.vXnbjKiFLjrY6iWZoR1j.png,0.973547,0,1
yolo11m-seg_black_coco_seed43,YOLO M,conf=0.8,Snap-47_159_png.rf.iWHwHxKcpvJIH7RHtxRu.png,0.951776,0,1
yolo11m-seg_black_coco_seed43,YOLO M,conf=0.8,Snap-47_219_png.rf.tXiQQL4hg3VyVt8yhPHg.png,0.966684,0,1
yolo11m-seg_black_coco_seed43,YOLO M,conf=0.8,Snap-52_153_png.rf.jWozliFwqBh7FtxPjDhr.png,0.917342,0,1
yolo11m-seg_black_coco_seed43,YOLO M,conf=0.8,Snap-52_213_png.rf.YrkkVK1Bonf3TxwPZWyE.png,0.967167,0,1
yolo11m-seg_black_coco_seed43,YOLO M,conf=0.8,Snap-54_106_png.rf.VOFbghvZhHsPNSqUFFkZ.png,0.748782,0,1
yolo11m-seg_black_coco_seed43,YOLO M,conf=0.8,Snap-54_1_png.rf.LYlBIIJ3KoqRfd7QemOX.png,0.0,1,1
yolo11m-seg_black_coco_seed43,YOLO M,conf=0.8,Snap-54_png.rf.HGYLhnxL2tQsTiXRBg9n.png,0.785476,0,1
yolo11m-seg_black_coco_seed43,YOLO M,conf=0.8,Snap-60_12_png.rf.AiY33Mo4Daj2M4cZgUnh.png,0.0,1,1
yolo11m-seg_black_coco_seed43,YOLO M,conf=0.8,Snap-60_png.rf.RpcRTxyR97nXnbvR3urB.png,0.786403,0,1
yolo11m-seg_black_coco_seed43,YOLO M,conf=0.8,ct2_3_png.rf.05gH6Q4BVtzjbT8GvpXk.png,0.98677,0,1
yolo11m-seg_black_coco_seed43,YOLO M,conf=0.8,ct2_5_png.rf.V6uuFIT0hRf8VvfkI0ft.png,0.790333,0,1
yolo11m-seg_black_coco_seed43,YOLO M,conf=0.8,ptx1_2_png.rf.mOSxinMIUOQxQUjpAhxb.png,0.980328,0,1
yolo11m-seg_black_coco_seed43,YOLO M,conf=0.8,ptx2_4_png.rf.YEH27Bh4es5Hup4qomsA.png,0.789426,0,1
yolo11m-seg_black_coco_seed44,YOLO M,conf=0.8,A1 0HR 1_png.rf.F8WfJZAyU8hXcsKytbcA.png,0.970996,0,1
yolo11m-seg_black_coco_seed44,YOLO M,conf=0.8,A1 0HR 1_png.rf.bBmfdS8DK3Ixtw1fZ9P3.png,0.973344,0,1
yolo11m-seg_black_coco_seed44,YOLO M,conf=0.8,A1 0HR 2_png.rf.hVdiwx06lI7rOZ5rr9vC.png,0.974981,0,1
yolo11m-seg_black_coco_seed44,YOLO M,conf=0.8,A1 0HR 2_png.rf.wFANdrijgcCbWaNPdyi0.png,0.978768,0,1
yolo11m-seg_black_coco_seed44,YOLO M,conf=0.8,A1 12HR 1_png.rf.8FGxD5kQMiDucxJswxPl.png,0.917686,0,1
yolo11m-seg_black_coco_seed44,YOLO M,conf=0.8,A1 12HR 1_png.rf.XDKS23ySU3ItzW5Kv957.png,0.907373,0,1
yolo11m-seg_black_coco_seed44,YOLO M,conf=0.8,A1 12HR 2_png.rf.6p7F3HADokVM7aGI7thQ.png,0.912385,0,1
yolo11m-seg_black_coco_seed44,YOLO M,conf=0.8,A1 12HR 2_png.rf.OoCbkijic6aCx52coryw.png,0.920709,0,1
yolo11m-seg_black_coco_seed44,YOLO M,conf=0.8,A1 12hr 1_png.rf.hPnekH9tRkKoF84Y4HTD.png,0.968248,0,1
yolo11m-seg_black_coco_seed44,YOLO M,conf=0.8,A1 12hr 2_png.rf.Zc7e1rWOmWcCj4dykv3Z.png,0.939808,0,1
yolo11m-seg_black_coco_seed44,YOLO M,conf=0.8,A1 24HR 1_png.rf.1ApDRLrpQqSCaPcShIOu.png,1.0,1,0
yolo11m-seg_black_coco_seed44,YOLO M,conf=0.8,A1 24HR 1_png.rf.psHGzfQFFYu0q9OMf12P.png,1.0,1,0
yolo11m-seg_black_coco_seed44,YOLO M,conf=0.8,A1 24HR 2_png.rf.8ZCo4suYfwAmYJVAdrgi.png,1.0,1,0
yolo11m-seg_black_coco_seed44,YOLO M,conf=0.8,A1 24HR 2_png.rf.QvfIHR0lQkYJbWTuhsBX.png,0.841316,0,1
yolo11m-seg_black_coco_seed44,YOLO M,conf=0.8,A1 24h 1_png.rf.TlQXP6CHdUFWS07zQImN.png,1.0,1,0
yolo11m-seg_black_coco_seed44,YOLO M,conf=0.8,A1 24h 2_png.rf.o9mYSgMZsKvkMpLuHnpZ.png,1.0,1,0
yolo11m-seg_black_coco_seed44,YOLO M,conf=0.8,A1 24hr 1_png.rf.LkrEN1mHJhJhYU2lmydg.png,0.840325,0,1
yolo11m-seg_black_coco_seed44,YOLO M,conf=0.8,A1 8HR 1_png.rf.7N4eAqgpqfPKb1eNWowl.png,0.908054,0,1
yolo11m-seg_black_coco_seed44,YOLO M,conf=0.8,A1 8HR 1_png.rf.VABkXkmpYjE9yLo5gSBX.png,0.898152,0,1
yolo11m-seg_black_coco_seed44,YOLO M,conf=0.8,A1 8HR 2_png.rf.bvjlWbubzYS3fVyOKsCU.png,0.921015,0,1
yolo11m-seg_black_coco_seed44,YOLO M,conf=0.8,A1 8HR 2_png.rf.emd32984S6mQhEIM0RXU.png,0.956234,0,1
yolo11m-seg_black_coco_seed44,YOLO M,conf=0.8,A2 0H 2_png.rf.wLkBHcGvevKm0A73Vxcz.png,0.978627,0,1
yolo11m-seg_black_coco_seed44,YOLO M,conf=0.8,A2 12H 1_png.rf.xnmVBn7WXmT4yiy3UMlx.png,0.939164,0,1
yolo11m-seg_black_coco_seed44,YOLO M,conf=0.8,A2 12H 2_png.rf.N7tpAQyq0PEGrhaTGLJT.png,0.960056,0,1
yolo11m-seg_black_coco_seed44,YOLO M,conf=0.8,A2 24H 1_png.rf.EFavmtKTLhhnJThESvF0.png,0.932431,0,1
yolo11m-seg_black_coco_seed44,YOLO M,conf=0.8,A2 24H 2_png.rf.E5xmaghZdqaoko8wlaZh.png,0.940149,0,1
yolo11m-seg_black_coco_seed44,YOLO M,conf=0.8,A2 8H 1_png.rf.xvZ2Owwq7kfNeQBUdLj1.png,0.939788,0,1
yolo11m-seg_black_coco_seed44,YOLO M,conf=0.8,A2 8H 2_png.rf.7oLJskKDBKhwtDpwzZqy.png,0.952757,0,1
yolo11m-seg_black_coco_seed44,YOLO M,conf=0.8,A3 0H 1_png.rf.4oL1M95z5XQoppHkibCl.png,0.0,1,1
yolo11m-seg_black_coco_seed44,YOLO M,conf=0.8,A3 0H 2_png.rf.QDCtQGDH1pznmeHT0BNJ.png,0.968464,0,1
yolo11m-seg_black_coco_seed44,YOLO M,conf=0.8,A3 12H 1_png.rf.TU0BGVsD3XJqPwGYBsiu.png,0.918508,0,1
yolo11m-seg_black_coco_seed44,YOLO M,conf=0.8,A3 12H 2_png.rf.r5xe4JQ4Ecgyw1raWv4H.png,0.886103,0,1
yolo11m-seg_black_coco_seed44,YOLO M,conf=0.8,A3 24H 1_png.rf.tfdHOCRouEH53EDqy7G0.png,1.0,1,0
yolo11m-seg_black_coco_seed44,YOLO M,conf=0.8,A3 24H 2_png.rf.TOtRUqMkxCrasCpSjZKO.png,1.0,1,0
yolo11m-seg_black_coco_seed44,YOLO M,conf=0.8,A3 8H 1_png.rf.d60KhXvDmSmp3Oia8S8T.png,0.776418,0,1
yolo11m-seg_black_coco_seed44,YOLO M,conf=0.8,A3 8H 2_png.rf.B5nEx5FtZ9JTiEjZrHJb.png,0.894435,0,1
yolo11m-seg_black_coco_seed44,YOLO M,conf=0.8,A5 0HR 1_png.rf.ckTpizxWhCzqrJmwetqV.png,0.977456,0,1
yolo11m-seg_black_coco_seed44,YOLO M,conf=0.8,A5 0HR 2_png.rf.C9gm2A2fkupz9aW1u7b9.png,0.97969,0,1
yolo11m-seg_black_coco_seed44,YOLO M,conf=0.8,A5 12HR 1_png.rf.1xA3zwCvRWDQRrGvHIhA.png,0.941072,0,1
yolo11m-seg_black_coco_seed44,YOLO M,conf=0.8,A5 12HR 1_png.rf.IESDSkszuJatVJfvQ7PW.png,0.783436,0,1
yolo11m-seg_black_coco_seed44,YOLO M,conf=0.8,A5 12HR 2_png.rf.mzYpTwvbQHLWffHAkMOe.png,0.928132,0,1
yolo11m-seg_black_coco_seed44,YOLO M,conf=0.8,A5 12HR 2_png.rf.rAr8U7x7uLNYSny2Orvg.png,0.0,1,1
yolo11m-seg_black_coco_seed44,YOLO M,conf=0.8,A5 24HR 1_png.rf.CpfIcPI5krfxTtJFGjKH.png,1.0,1,0
yolo11m-seg_black_coco_seed44,YOLO M,conf=0.8,A5 24HR 1_png.rf.QWraD9H7IOqSfp8mznDQ.png,0.89897,0,1
yolo11m-seg_black_coco_seed44,YOLO M,conf=0.8,A5 24HR 2_png.rf.JBrJ8KO8uH9Jn3iTJvZf.png,1.0,1,0
yolo11m-seg_black_coco_seed44,YOLO M,conf=0.8,A5 24HR 2_png.rf.xE7wqG2pbN9OFXjVvNjl.png,0.883462,0,1
yolo11m-seg_black_coco_seed44,YOLO M,conf=0.8,A5 8HR 1_png.rf.jEYUYpVLybixXNUndrI9.png,0.93744,0,1
yolo11m-seg_black_coco_seed44,YOLO M,conf=0.8,A5 8HR 1_png.rf.qbCCkoclBZRwrN2mNDA9.png,0.887208,0,1
yolo11m-seg_black_coco_seed44,YOLO M,conf=0.8,A5 8HR 2_png.rf.7U0SE5K1r1eXtmiCBL1Q.png,0.842711,0,1
yolo11m-seg_black_coco_seed44,YOLO M,conf=0.8,A6 0H 1_png.rf.rKpcg4iYJ50H0XfmG98n.png,0.86315,0,1
yolo11m-seg_black_coco_seed44,YOLO M,conf=0.8,A6 0H 2_png.rf.xTjPOuBdGBBEAQh6qzcS.png,0.926038,0,1
yolo11m-seg_black_coco_seed44,YOLO M,conf=0.8,A6 12H 1_png.rf.ttiuv3CjzGc6GvMTytlM.png,0.858995,0,1
yolo11m-seg_black_coco_seed44,YOLO M,conf=0.8,A6 12H 2_png.rf.bsoBQRnwC6AtJ5KRBKDv.png,0.944425,0,1
yolo11m-seg_black_coco_seed44,YOLO M,conf=0.8,A6 24H 1_png.rf.nNdt9zlpThgANxpw0Afd.png,0.88411,0,1
yolo11m-seg_black_coco_seed44,YOLO M,conf=0.8,A6 24H 2_png.rf.fnzQMmHMSJJ6YxflXcKp.png,0.0,1,1
yolo11m-seg_black_coco_seed44,YOLO M,conf=0.8,A6 8H 1_png.rf.0Ed4k50VKrxz80UdTuUb.png,0.88079,0,1
yolo11m-seg_black_coco_seed44,YOLO M,conf=0.8,A6 8H 2_png.rf.8H5VYogwRaw3bc7Ufnp7.png,0.862535,0,1
yolo11m-seg_black_coco_seed44,YOLO M,conf=0.8,B1 0H 1_png.rf.j3ckb2OmuPoN1D2ZNrsL.png,0.978452,0,1
yolo11m-seg_black_coco_seed44,YOLO M,conf=0.8,B1 0H 2_png.rf.M9qDqnfqVRQAN3kixv3Y.png,0.98059,0,1
yolo11m-seg_black_coco_seed44,YOLO M,conf=0.8,B1 0HR 1_png.rf.eIMkkfHeHfLEZ04ezC1L.png,0.978717,0,1
yolo11m-seg_black_coco_seed44,YOLO M,conf=0.8,B1 0HR 2_png.rf.GJOlprTE8cvwD4CrUmlP.png,0.970194,0,1
yolo11m-seg_black_coco_seed44,YOLO M,conf=0.8,B1 0hr 1_png.rf.HQmAp3GBzLOJSBnrI49n.png,0.976656,0,1
yolo11m-seg_black_coco_seed44,YOLO M,conf=0.8,B1 0hr 1_png.rf.IpACHL1Orw6aFOfMt2L4.png,0.974323,0,1
yolo11m-seg_black_coco_seed44,YOLO M,conf=0.8,B1 0hr 1_png.rf.MsTYgRqpBawgbfwCxIBh.png,0.982191,0,1
yolo11m-seg_black_coco_seed44,YOLO M,conf=0.8,B1 0hr 2_png.rf.XjumgmgMNkQhrRGLEgFA.png,0.966863,0,1
yolo11m-seg_black_coco_seed44,YOLO M,conf=0.8,B1 0hr_1_png.rf.DUGXTEiLp7a24s7ag9dO.png,0.976452,0,1
yolo11m-seg_black_coco_seed44,YOLO M,conf=0.8,B1 0hr_2_png.rf.wWUkB0l85vJDlD6q526J.png,0.981814,0,1
yolo11m-seg_black_coco_seed44,YOLO M,conf=0.8,B1 12H 1_png.rf.VB9B0BXSFCbQoytWKIkL.png,0.925251,0,1
yolo11m-seg_black_coco_seed44,YOLO M,conf=0.8,B1 12H 2_png.rf.cFU7xmBfmqqkIIa5q7nh.png,0.894154,0,1
yolo11m-seg_black_coco_seed44,YOLO M,conf=0.8,B1 12HR 1_png.rf.iGQ0raXb1cPFjLpTE8Qs.png,0.961157,0,1
yolo11m-seg_black_coco_seed44,YOLO M,conf=0.8,B1 12hr 1_png.rf.Basp8dmX2exqZZBqydBx.png,0.948784,0,1
yolo11m-seg_black_coco_seed44,YOLO M,conf=0.8,B1 12hr 1_png.rf.MkOpH7SVtG5q4EYuFmK2.png,0.936085,0,1
yolo11m-seg_black_coco_seed44,YOLO M,conf=0.8,B1 12hr 1_png.rf.sRUPpw6VBKsEL7UWcuqg.png,0.95448,0,1
yolo11m-seg_black_coco_seed44,YOLO M,conf=0.8,B1 12hr_1_png.rf.dB4OztvLmzVa4BGq5jCN.png,0.924478,0,1
yolo11m-seg_black_coco_seed44,YOLO M,conf=0.8,B1 24H 1_png.rf.GJ99b6zJDkCcdldeprAL.png,0.889101,0,1
yolo11m-seg_black_coco_seed44,YOLO M,conf=0.8,B1 24H 2_png.rf.WAXPIALQ8VqzYoMup3J4.png,0.799538,0,1
yolo11m-seg_black_coco_seed44,YOLO M,conf=0.8,B1 24HR 1_png.rf.ZOXgAwm7pCyA0PxFBFkk.png,0.866571,0,1
yolo11m-seg_black_coco_seed44,YOLO M,conf=0.8,B1 24HR 2_png.rf.Ls9u8THJDkrAcAUiOT0Q.png,0.899861,0,1
yolo11m-seg_black_coco_seed44,YOLO M,conf=0.8,B1 24hr 1_png.rf.wZriPsVdQe9B1XYh0ypQ.png,0.0,1,1
yolo11m-seg_black_coco_seed44,YOLO M,conf=0.8,B1 24hr 2_png.rf.kOhjizJROLOCgNfM1IF5.png,0.91187,0,1
yolo11m-seg_black_coco_seed44,YOLO M,conf=0.8,B1 8H 1_png.rf.fqDTrXJGtwGnRUswH16c.png,0.961808,0,1
yolo11m-seg_black_coco_seed44,YOLO M,conf=0.8,B1 8H 2_png.rf.gA6SnVr547LgfEenVrRi.png,0.923887,0,1
yolo11m-seg_black_coco_seed44,YOLO M,conf=0.8,B1 8HR 1_png.rf.AMXvM5M5gyDuLKC5DTa9.png,0.951061,0,1
yolo11m-seg_black_coco_seed44,YOLO M,conf=0.8,B1 8HR 2_png.rf.QKXzmdKQE41ccuWFgbwS.png,0.959519,0,1
yolo11m-seg_black_coco_seed44,YOLO M,conf=0.8,B1 8hr 1_png.rf.pwZlWzk9sZA3CwldABe9.png,0.96962,0,1
yolo11m-seg_black_coco_seed44,YOLO M,conf=0.8,B1 8hr 1_png.rf.xNkp4JfkmuylOQerzD1Q.png,0.967098,0,1
yolo11m-seg_black_coco_seed44,YOLO M,conf=0.8,B1 8hr 2_png.rf.L73Y3X4Dx7HELGkPVNlg.png,0.963346,0,1
yolo11m-seg_black_coco_seed44,YOLO M,conf=0.8,B4 0H 1_png.rf.UkNByK7H1jadGiO9HCAd.png,0.90169,0,1
yolo11m-seg_black_coco_seed44,YOLO M,conf=0.8,B4 0H 2_png.rf.rXION3PvUG9p2y5KH5ZG.png,0.953209,0,1
yolo11m-seg_black_coco_seed44,YOLO M,conf=0.8,B4 12H 1_png.rf.1ULnxID5MP426B41agfS.png,0.0,1,1
yolo11m-seg_black_coco_seed44,YOLO M,conf=0.8,B4 12H 2_png.rf.BUDIsAimJHwizKA26kde.png,0.912028,0,1
yolo11m-seg_black_coco_seed44,YOLO M,conf=0.8,B4 24H 1_png.rf.b60wYuoI9jxCKCHE2l9q.png,0.872644,0,1
yolo11m-seg_black_coco_seed44,YOLO M,conf=0.8,B4 24H 2_png.rf.Dy3NkPc0L9HXhRCtCbkW.png,1.0,1,0
yolo11m-seg_black_coco_seed44,YOLO M,conf=0.8,B4 8H 1_png.rf.OVZZyofXQpVrU06rEdEV.png,0.920359,0,1
yolo11m-seg_black_coco_seed44,YOLO M,conf=0.8,B4 8H 2_png.rf.ShxIhASvXw8lGbZkLgUb.png,0.0,1,1
yolo11m-seg_black_coco_seed44,YOLO M,conf=0.8,B5 0HR 1_png.rf.HyxAq2SZFEx1y342m6b9.png,0.971525,0,1
yolo11m-seg_black_coco_seed44,YOLO M,conf=0.8,B5 0HR 1_png.rf.J6hP1h51BcAFg4KFN6lN.png,0.981032,0,1
yolo11m-seg_black_coco_seed44,YOLO M,conf=0.8,B5 0HR 2_png.rf.MUU0CWJgRWrZIA9N0J2X.png,0.975813,0,1
yolo11m-seg_black_coco_seed44,YOLO M,conf=0.8,B5 12HR 1_png.rf.XqoVkA4DK3JbERfwmQPP.png,0.924735,0,1
yolo11m-seg_black_coco_seed44,YOLO M,conf=0.8,B5 12HR 2_png.rf.EZH0RYIN3t8Q75rFyebV.png,0.934983,0,1
yolo11m-seg_black_coco_seed44,YOLO M,conf=0.8,B5 12HR 2_png.rf.mSR2WAZaiHT4hljqFuAE.png,0.851933,0,1
yolo11m-seg_black_coco_seed44,YOLO M,conf=0.8,B5 24HR 1_png.rf.TJTLDoAzR6YqhVVqJjBV.png,1.0,1,0
yolo11m-seg_black_coco_seed44,YOLO M,conf=0.8,B5 24HR _png.rf.g9PDGT1tjMWdiPw6OCJg.png,1.0,1,0
yolo11m-seg_black_coco_seed44,YOLO M,conf=0.8,B5 8HR 1_png.rf.Ym4RLm5f7bEAlTD8XV4Q.png,0.933849,0,1
yolo11m-seg_black_coco_seed44,YOLO M,conf=0.8,B5 8HR 2_png.rf.1bM2nfrE3C3SuMgkQzIF.png,0.955132,0,1
yolo11m-seg_black_coco_seed44,YOLO M,conf=0.8,B5 8HR 2_png.rf.BzRPidTOrz4nL1zIlvSL.png,0.958731,0,1
yolo11m-seg_black_coco_seed44,YOLO M,conf=0.8,B6 0HR 1_png.rf.G9IIgGta9Gbbj9yqetJW.png,0.977556,0,1
yolo11m-seg_black_coco_seed44,YOLO M,conf=0.8,B6 0hr 1_png.rf.tP2kS9n37GFU0hMWW7mV.png,0.979997,0,1
yolo11m-seg_black_coco_seed44,YOLO M,conf=0.8,B6 12HR 1_png.rf.gMy5B0cpXrZXzyMCZhuv.png,0.872318,0,1
yolo11m-seg_black_coco_seed44,YOLO M,conf=0.8,B6 12HR 2_png.rf.BMDqWV1RTxKKoPMgnLal.png,0.923514,0,1
yolo11m-seg_black_coco_seed44,YOLO M,conf=0.8,B6 12hr 1_png.rf.wMEDLQnrMWwVbcfKlQek.png,0.895368,0,1
yolo11m-seg_black_coco_seed44,YOLO M,conf=0.8,B6 12hr 2_png.rf.y4b1NNhMuInMAANEGR5y.png,0.945974,0,1
yolo11m-seg_black_coco_seed44,YOLO M,conf=0.8,B6 24h 1_png.rf.HqRokqEzDfBP5O3ZtezT.png,1.0,1,0
yolo11m-seg_black_coco_seed44,YOLO M,conf=0.8,B6 24h 1_png.rf.Mqv4F4d5b4AUQiStkAzE.png,1.0,1,0
yolo11m-seg_black_coco_seed44,YOLO M,conf=0.8,C5 0H 1_png.rf.OdwF3vyzWYOgZ8CvxU5t.png,0.966072,0,1
yolo11m-seg_black_coco_seed44,YOLO M,conf=0.8,C5 0H 1_png.rf.qfmzlYXXLFM1UbctuHo5.png,0.977208,0,1
yolo11m-seg_black_coco_seed44,YOLO M,conf=0.8,C5 0H 2_png.rf.UQiYCwrvqp79phsQH2z3.png,0.981365,0,1
yolo11m-seg_black_coco_seed44,YOLO M,conf=0.8,C5 12H 1_png.rf.OLiywuVh8Y6xj17HnU6e.png,0.903196,0,1
yolo11m-seg_black_coco_seed44,YOLO M,conf=0.8,C5 12H 1_png.rf.eqPnAQCG5aI0rvfthMNV.png,0.912087,0,1
yolo11m-seg_black_coco_seed44,YOLO M,conf=0.8,C5 12H 2_png.rf.oLP5pb7BztRNGjNEDlAS.png,0.667621,0,1
yolo11m-seg_black_coco_seed44,YOLO M,conf=0.8,C5 12H 2_png.rf.yGOWuMwCESVagvk7Q4HY.png,0.854248,0,1
yolo11m-seg_black_coco_seed44,YOLO M,conf=0.8,C5 24H 1_png.rf.GRabFdMEvh7NdJQw7srC.png,1.0,1,0
yolo11m-seg_black_coco_seed44,YOLO M,conf=0.8,C5 24H 2_png.rf.1BqtMMJEWOuzOCOM43Zl.png,1.0,1,0
yolo11m-seg_black_coco_seed44,YOLO M,conf=0.8,C5 8H 1_png.rf.QRwHfTeZ3iXOWs30KZOS.png,0.91367,0,1
yolo11m-seg_black_coco_seed44,YOLO M,conf=0.8,C5 8H 1_png.rf.m0k3TjlxKvLXDFhuBq52.png,0.886591,0,1
yolo11m-seg_black_coco_seed44,YOLO M,conf=0.8,C5 8H 2_png.rf.Su3UAyP9dztNqZtfn0u1.png,0.936297,0,1
yolo11m-seg_black_coco_seed44,YOLO M,conf=0.8,D1 0H 1_png.rf.fw3oXHFKRwGBIpMcBKY2.png,0.968975,0,1
yolo11m-seg_black_coco_seed44,YOLO M,conf=0.8,D1 0H 2_png.rf.In3g26PLvIPVilZ9guvK.png,0.969451,0,1
yolo11m-seg_black_coco_seed44,YOLO M,conf=0.8,D1 0HR 1_png.rf.X95BBgcop2LdYBHvWj7G.png,0.969343,0,1
yolo11m-seg_black_coco_seed44,YOLO M,conf=0.8,D1 0HR 1_png.rf.pXGKiyw6dpCjGOogRcBS.png,0.962064,0,1
yolo11m-seg_black_coco_seed44,YOLO M,conf=0.8,D1 0HR 2_png.rf.Ak8bfHD2sNvAS5ARU8WU.png,0.973822,0,1
yolo11m-seg_black_coco_seed44,YOLO M,conf=0.8,D1 0HR 2_png.rf.pBkydjxMgVt0vB999uLo.png,0.966439,0,1
yolo11m-seg_black_coco_seed44,YOLO M,conf=0.8,D1 12H 1_png.rf.mKsxEDejqQN6qCQxLyns.png,0.949698,0,1
yolo11m-seg_black_coco_seed44,YOLO M,conf=0.8,D1 12H 2_png.rf.hM6Jhc6UJKSMWKFN6Pta.png,0.961486,0,1
yolo11m-seg_black_coco_seed44,YOLO M,conf=0.8,D1 12HR 1_png.rf.Sa5pwYNBsukEYVE7qdCO.png,0.928955,0,1
yolo11m-seg_black_coco_seed44,YOLO M,conf=0.8,D1 12HR 1_png.rf.mtvtObh31Z25eXwo4BTB.png,0.897588,0,1
yolo11m-seg_black_coco_seed44,YOLO M,conf=0.8,D1 12HR 2_png.rf.E03XFlEmMbe4CLEeQ5L0.png,0.0,1,1
yolo11m-seg_black_coco_seed44,YOLO M,conf=0.8,D1 12HR 2_png.rf.c61b9Qj6PnDGEcivk5oi.png,0.94026,0,1
yolo11m-seg_black_coco_seed44,YOLO M,conf=0.8,D1 24H 1_png.rf.9St1pSdNBqUmYewNNUks.png,0.0,1,1
yolo11m-seg_black_coco_seed44,YOLO M,conf=0.8,D1 24H 2_png.rf.JPXsJfPNRWwnAkf2OC68.png,0.869983,0,1
yolo11m-seg_black_coco_seed44,YOLO M,conf=0.8,D1 24HR 1_png.rf.D7yfyoxo08GRgfqWxkKs.png,0.866641,0,1
yolo11m-seg_black_coco_seed44,YOLO M,conf=0.8,D1 24HR 1_png.rf.EHcrx6DNEOw8vqgtCyC2.png,1.0,1,0
yolo11m-seg_black_coco_seed44,YOLO M,conf=0.8,D1 24HR 2_png.rf.sKzjQXeeTmG65NxFRo5z.png,1.0,1,0
yolo11m-seg_black_coco_seed44,YOLO M,conf=0.8,D1 24HR 2_png.rf.uoxKxnADebGlXimnPrEx.png,0.845128,0,1
yolo11m-seg_black_coco_seed44,YOLO M,conf=0.8,D1 8H 1_png.rf.AmYzGCscmIMNbZlAIVL4.png,0.934953,0,1
yolo11m-seg_black_coco_seed44,YOLO M,conf=0.8,D1 8H 2_png.rf.1Guur0r0WOYFqgYbD8Ix.png,0.529736,0,1
yolo11m-seg_black_coco_seed44,YOLO M,conf=0.8,D1 8HR 1_png.rf.7pXlMXWWJkv2xLuAp89c.png,0.942959,0,1
yolo11m-seg_black_coco_seed44,YOLO M,conf=0.8,D1 8HR 1_png.rf.Pm37sn4g0olAl9FUCP58.png,0.931782,0,1
yolo11m-seg_black_coco_seed44,YOLO M,conf=0.8,D1 8HR 2_png.rf.We4y9DkVsrjwHtYEPH1S.png,0.92561,0,1
yolo11m-seg_black_coco_seed44,YOLO M,conf=0.8,D1 8HR 2_png.rf.zXqaP0fHqHbabD0CzjuF.png,0.946185,0,1
yolo11m-seg_black_coco_seed44,YOLO M,conf=0.8,D3 0H 1_png.rf.jWsUip53LaCF4OaEEFcb.png,0.986209,0,1
yolo11m-seg_black_coco_seed44,YOLO M,conf=0.8,D3 0H 2_png.rf.lkEcbAGS1IAwabi3cMT3.png,0.980178,0,1
yolo11m-seg_black_coco_seed44,YOLO M,conf=0.8,D3 12H 1_png.rf.vDKmMF3YJlFSbIbFZHci.png,0.974947,0,1
yolo11m-seg_black_coco_seed44,YOLO M,conf=0.8,D3 12H 2_png.rf.bk65RyMB9bMlU59S1RY7.png,0.97827,0,1
yolo11m-seg_black_coco_seed44,YOLO M,conf=0.8,D3 24H 1_png.rf.lgES3xZvT7KoszPGhV44.png,0.952986,0,1
yolo11m-seg_black_coco_seed44,YOLO M,conf=0.8,D3 24H 2_png.rf.vu9MuWKRyoy3WKGkVrI5.png,0.94781,0,1
yolo11m-seg_black_coco_seed44,YOLO M,conf=0.8,D3 8H 1_png.rf.6ah0Jg4O5oakLSomUxcX.png,0.975031,0,1
yolo11m-seg_black_coco_seed44,YOLO M,conf=0.8,D3 8H 2_png.rf.RmIwn01JNbgfY0VcrlAP.png,0.960348,0,1
yolo11m-seg_black_coco_seed44,YOLO M,conf=0.8,D4 0H 1_png.rf.FutNJ1bcHBCTMEvRlEBr.png,0.974708,0,1
yolo11m-seg_black_coco_seed44,YOLO M,conf=0.8,D4 0H 1_png.rf.hIDWQ46StqSUcKyGmBYY.png,0.97344,0,1
yolo11m-seg_black_coco_seed44,YOLO M,conf=0.8,D4 0H 2_png.rf.7RFXNZEElcEIxiB134la.png,0.979742,0,1
yolo11m-seg_black_coco_seed44,YOLO M,conf=0.8,D4 0H 2_png.rf.eVEb58gAMbcellIRwKuX.png,0.0,1,1
yolo11m-seg_black_coco_seed44,YOLO M,conf=0.8,D4 0HR 1_png.rf.eLqJwBy4PkAeXHhqw8Ir.png,0.969796,0,1
yolo11m-seg_black_coco_seed44,YOLO M,conf=0.8,D4 0HR 2_png.rf.EwNjDB9ss3gmM00iJqPT.png,0.974108,0,1
yolo11m-seg_black_coco_seed44,YOLO M,conf=0.8,D4 12H 1_png.rf.9BeWOTfVwMn3ywdSyPmt.png,0.95172,0,1
yolo11m-seg_black_coco_seed44,YOLO M,conf=0.8,D4 12H 1_png.rf.rmwAgsyRm1ZzZ55GuiPB.png,0.0,1,1
yolo11m-seg_black_coco_seed44,YOLO M,conf=0.8,D4 12H 2_png.rf.JoRndEJA1lep3hprLUOS.png,0.0,1,1
yolo11m-seg_black_coco_seed44,YOLO M,conf=0.8,D4 12H 2_png.rf.txyJ67o8LXpC3sVtUoTH.png,0.720529,0,1
yolo11m-seg_black_coco_seed44,YOLO M,conf=0.8,D4 12HR 1_png.rf.coQP5Rm68FoQiPA5lE4l.png,1.0,1,0
yolo11m-seg_black_coco_seed44,YOLO M,conf=0.8,D4 12HR 2_png.rf.3mHz6QXfVp3bYuBorSyN.png,0.863993,0,1
yolo11m-seg_black_coco_seed44,YOLO M,conf=0.8,D4 24H 1_png.rf.4NmTRoRHXyugKUw10i8s.png,1.0,1,0
yolo11m-seg_black_coco_seed44,YOLO M,conf=0.8,D4 24H 1_png.rf.l74W6BtAd1h2vbDdLYa7.png,0.925712,0,1
yolo11m-seg_black_coco_seed44,YOLO M,conf=0.8,D4 24H 2_png.rf.RklTkqfkG2jxmrJIVlDw.png,1.0,1,0
yolo11m-seg_black_coco_seed44,YOLO M,conf=0.8,D4 24HR 1_png.rf.ZeWox4g9WSQYjCRdF5Hj.png,1.0,1,0
yolo11m-seg_black_coco_seed44,YOLO M,conf=0.8,D4 24HR 2_png.rf.aSdWjnYDFFICPSVHPh41.png,1.0,1,0
yolo11m-seg_black_coco_seed44,YOLO M,conf=0.8,D4 8H 1_png.rf.a8mANb97avVu4hPsbo7a.png,0.657506,0,1
yolo11m-seg_black_coco_seed44,YOLO M,conf=0.8,D4 8H 1_png.rf.xpR4xGrS7xqp2WqsHOdj.png,0.9655,0,1
yolo11m-seg_black_coco_seed44,YOLO M,conf=0.8,D4 8H 2_png.rf.ixTzZNh35XGijmR7VOtL.png,0.0,1,1
yolo11m-seg_black_coco_seed44,YOLO M,conf=0.8,D4 8H 2_png.rf.mnoVDerLhE6PpOQcbUog.png,0.936765,0,1
yolo11m-seg_black_coco_seed44,YOLO M,conf=0.8,D4 8HR 1_png.rf.VEshHRtiysfYv1YrXVR9.png,0.885844,0,1
yolo11m-seg_black_coco_seed44,YOLO M,conf=0.8,D4 8HR 2_png.rf.1gESfR3nmJtUf5QdqE6H.png,0.869745,0,1
yolo11m-seg_black_coco_seed44,YOLO M,conf=0.8,E1 0H 1_png.rf.O4klFnPAFBZQG7ZiiWoa.png,0.973917,0,1
yolo11m-seg_black_coco_seed44,YOLO M,conf=0.8,E1 0H 2_png.rf.dwk6Z6HVga7ttj23PmV9.png,0.956192,0,1
yolo11m-seg_black_coco_seed44,YOLO M,conf=0.8,E1 12H 1_png.rf.MXhOPdUnNbYD4WTRbftP.png,0.859378,0,1
yolo11m-seg_black_coco_seed44,YOLO M,conf=0.8,E1 12H 2_png.rf.GKeGTBMimaglOZhGi5n6.png,0.0,1,1
yolo11m-seg_black_coco_seed44,YOLO M,conf=0.8,E1 24H 1_png.rf.JjdLiNmCus3kSa50aOeW.png,1.0,1,0
yolo11m-seg_black_coco_seed44,YOLO M,conf=0.8,E1 8H 1_png.rf.8l6bvVJjLSjiFIlOhJkG.png,0.838501,0,1
yolo11m-seg_black_coco_seed44,YOLO M,conf=0.8,E1 8H 2_png.rf.5qtx5quA0obTJbOUZCxP.png,0.819624,0,1
yolo11m-seg_black_coco_seed44,YOLO M,conf=0.8,F2 0H 1_png.rf.zPl6vPkH5HpqtxJsWJxj.png,0.973377,0,1
yolo11m-seg_black_coco_seed44,YOLO M,conf=0.8,F2 12H 1_png.rf.h05DU2gxBlXL6JdotHmg.png,0.0,1,1
yolo11m-seg_black_coco_seed44,YOLO M,conf=0.8,F2 12H 2_png.rf.2goGI5xvDCGG2PJZ8Its.png,0.923192,0,1
yolo11m-seg_black_coco_seed44,YOLO M,conf=0.8,F2 8H 2_png.rf.dUFZVFJ0aVESmoGKjJ05.png,0.807002,0,1
yolo11m-seg_black_coco_seed44,YOLO M,conf=0.8,Snap-08_141_png.rf.xxwXm4vgaTgEnxfrDBvk.png,1.0,1,0
yolo11m-seg_black_coco_seed44,YOLO M,conf=0.8,Snap-09_200_png.rf.T1DuJr60ClWyEIrNPE9K.png,0.0,1,1
yolo11m-seg_black_coco_seed44,YOLO M,conf=0.8,Snap-09_21_png.rf.eX9WeCW8GgIO8pb44zNf.png,1.0,1,0
yolo11m-seg_black_coco_seed44,YOLO M,conf=0.8,Snap-09_66_png.rf.DXbLfCegxmVs4TDoenmh.png,0.768948,0,1
yolo11m-seg_black_coco_seed44,YOLO M,conf=0.8,Snap-10_146_png.rf.J1zTbpCRqsOW6DtsIPzv.png,1.0,1,0
yolo11m-seg_black_coco_seed44,YOLO M,conf=0.8,Snap-10_png.rf.yj7fOx6nAZtfK19C65wZ.png,0.96105,0,1
yolo11m-seg_black_coco_seed44,YOLO M,conf=0.8,Snap-15_15_png.rf.oEkUKHxOZ7qcBLxMlF5e.png,1.0,1,0
yolo11m-seg_black_coco_seed44,YOLO M,conf=0.8,Snap-15_60_png.rf.AUB9Da86Zc4f2GiWRpgF.png,0.0,1,1
yolo11m-seg_black_coco_seed44,YOLO M,conf=0.8,Snap-18_122_png.rf.rEzRHI9DOsMmEv8NXGFz.png,0.891686,0,1
yolo11m-seg_black_coco_seed44,YOLO M,conf=0.8,Snap-18_182_png.rf.0olrnxTCWxDIVmtPK3HA.png,0.948826,0,1
yolo11m-seg_black_coco_seed44,YOLO M,conf=0.8,Snap-20_104_png.rf.lu9wLu7mqVxquLAseXNa.png,0.760764,0,1
yolo11m-seg_black_coco_seed44,YOLO M,conf=0.8,Snap-21_56_png.rf.ycoY7vPUknblypXrORx3.png,0.0,1,1
yolo11m-seg_black_coco_seed44,YOLO M,conf=0.8,Snap-24_96_png.rf.s6DeTIAvmh6iZiaYgj4W.png,0.758676,0,1
yolo11m-seg_black_coco_seed44,YOLO M,conf=0.8,Snap-25_124_png.rf.qhyZRieBWx1vF8Vfj4ck.png,0.943469,0,1
yolo11m-seg_black_coco_seed44,YOLO M,conf=0.8,Snap-25_184_png.rf.fnCmHOHxb5uRZMEeY7RB.png,0.971996,0,1
yolo11m-seg_black_coco_seed44,YOLO M,conf=0.8,Snap-25_50_png.rf.CHeux2nrD5owQB0rBnrP.png,1.0,1,0
yolo11m-seg_black_coco_seed44,YOLO M,conf=0.8,Snap-25_png.rf.NZSC2ldRJFXa4414jttF.png,0.951457,0,1
yolo11m-seg_black_coco_seed44,YOLO M,conf=0.8,Snap-26_283_png.rf.YFDkIZNg1W2rRyv6xoZQ.png,0.0,1,1
yolo11m-seg_black_coco_seed44,YOLO M,conf=0.8,Snap-31_281_png.rf.HrwVzS03qTHBX5RB7awf.png,0.587313,0,1
yolo11m-seg_black_coco_seed44,YOLO M,conf=0.8,Snap-36_271_png.rf.sfFr7wfzXmMz4JWE34hv.png,0.932402,0,1
yolo11m-seg_black_coco_seed44,YOLO M,conf=0.8,Snap-37_175_png.rf.FF9MN09bmlSbN40cxQRu.png,0.771598,0,1
yolo11m-seg_black_coco_seed44,YOLO M,conf=0.8,Snap-37_235_png.rf.fp1LasdFT1TZbfgrTie6.png,0.923342,0,1
yolo11m-seg_black_coco_seed44,YOLO M,conf=0.8,Snap-39_77_png.rf.FBpms3tKgC2fVOg0pxu7.png,0.0,1,1
yolo11m-seg_black_coco_seed44,YOLO M,conf=0.8,Snap-39_png.rf.B5ZdhBp8JGAo6JQji9gU.png,0.96847,0,1
yolo11m-seg_black_coco_seed44,YOLO M,conf=0.8,Snap-41_270_png.rf.46zb8PtP1Yuu9Wit1FpP.png,0.955755,0,1
yolo11m-seg_black_coco_seed44,YOLO M,conf=0.8,Snap-42_165_png.rf.3eAR7nfV8aWUfPbBc82Q.png,0.552299,0,1
yolo11m-seg_black_coco_seed44,YOLO M,conf=0.8,Snap-42_225_png.rf.mQxoBxfdEUUtVkhWybfs.png,0.934982,0,1
yolo11m-seg_black_coco_seed44,YOLO M,conf=0.8,Snap-42_76_png.rf.erwRb4d1blf6lhZ6UFWy.png,0.906661,0,1
yolo11m-seg_black_coco_seed44,YOLO M,conf=0.8,Snap-42_png.rf.vXnbjKiFLjrY6iWZoR1j.png,0.979988,0,1
yolo11m-seg_black_coco_seed44,YOLO M,conf=0.8,Snap-47_159_png.rf.iWHwHxKcpvJIH7RHtxRu.png,0.964969,0,1
yolo11m-seg_black_coco_seed44,YOLO M,conf=0.8,Snap-47_219_png.rf.tXiQQL4hg3VyVt8yhPHg.png,0.973743,0,1
yolo11m-seg_black_coco_seed44,YOLO M,conf=0.8,Snap-52_153_png.rf.jWozliFwqBh7FtxPjDhr.png,0.921453,0,1
yolo11m-seg_black_coco_seed44,YOLO M,conf=0.8,Snap-52_213_png.rf.YrkkVK1Bonf3TxwPZWyE.png,0.973167,0,1
yolo11m-seg_black_coco_seed44,YOLO M,conf=0.8,Snap-54_106_png.rf.VOFbghvZhHsPNSqUFFkZ.png,0.918346,0,1
yolo11m-seg_black_coco_seed44,YOLO M,conf=0.8,Snap-54_1_png.rf.LYlBIIJ3KoqRfd7QemOX.png,0.532381,0,1
yolo11m-seg_black_coco_seed44,YOLO M,conf=0.8,Snap-54_png.rf.HGYLhnxL2tQsTiXRBg9n.png,0.972468,0,1
yolo11m-seg_black_coco_seed44,YOLO M,conf=0.8,Snap-60_12_png.rf.AiY33Mo4Daj2M4cZgUnh.png,0.88092,0,1
yolo11m-seg_black_coco_seed44,YOLO M,conf=0.8,Snap-60_png.rf.RpcRTxyR97nXnbvR3urB.png,0.98346,0,1
yolo11m-seg_black_coco_seed44,YOLO M,conf=0.8,ct2_3_png.rf.05gH6Q4BVtzjbT8GvpXk.png,0.989374,0,1
yolo11m-seg_black_coco_seed44,YOLO M,conf=0.8,ct2_5_png.rf.V6uuFIT0hRf8VvfkI0ft.png,0.990163,0,1
yolo11m-seg_black_coco_seed44,YOLO M,conf=0.8,ptx1_2_png.rf.mOSxinMIUOQxQUjpAhxb.png,0.984392,0,1
yolo11m-seg_black_coco_seed44,YOLO M,conf=0.8,ptx2_4_png.rf.YEH27Bh4es5Hup4qomsA.png,0.989672,0,1
yolo11m-seg_black_coco_seed45,YOLO M,conf=0.8,A1 0HR 1_png.rf.F8WfJZAyU8hXcsKytbcA.png,0.969223,0,1
yolo11m-seg_black_coco_seed45,YOLO M,conf=0.8,A1 0HR 1_png.rf.bBmfdS8DK3Ixtw1fZ9P3.png,0.973163,0,1
yolo11m-seg_black_coco_seed45,YOLO M,conf=0.8,A1 0HR 2_png.rf.hVdiwx06lI7rOZ5rr9vC.png,0.97636,0,1
yolo11m-seg_black_coco_seed45,YOLO M,conf=0.8,A1 0HR 2_png.rf.wFANdrijgcCbWaNPdyi0.png,0.978047,0,1
yolo11m-seg_black_coco_seed45,YOLO M,conf=0.8,A1 12HR 1_png.rf.8FGxD5kQMiDucxJswxPl.png,0.917918,0,1
yolo11m-seg_black_coco_seed45,YOLO M,conf=0.8,A1 12HR 1_png.rf.XDKS23ySU3ItzW5Kv957.png,0.0,1,1
yolo11m-seg_black_coco_seed45,YOLO M,conf=0.8,A1 12HR 2_png.rf.6p7F3HADokVM7aGI7thQ.png,0.864508,0,1
yolo11m-seg_black_coco_seed45,YOLO M,conf=0.8,A1 12HR 2_png.rf.OoCbkijic6aCx52coryw.png,0.0,1,1
yolo11m-seg_black_coco_seed45,YOLO M,conf=0.8,A1 12hr 1_png.rf.hPnekH9tRkKoF84Y4HTD.png,0.967481,0,1
yolo11m-seg_black_coco_seed45,YOLO M,conf=0.8,A1 12hr 2_png.rf.Zc7e1rWOmWcCj4dykv3Z.png,0.941038,0,1
yolo11m-seg_black_coco_seed45,YOLO M,conf=0.8,A1 24HR 1_png.rf.1ApDRLrpQqSCaPcShIOu.png,1.0,1,0
yolo11m-seg_black_coco_seed45,YOLO M,conf=0.8,A1 24HR 1_png.rf.psHGzfQFFYu0q9OMf12P.png,1.0,1,0
yolo11m-seg_black_coco_seed45,YOLO M,conf=0.8,A1 24HR 2_png.rf.8ZCo4suYfwAmYJVAdrgi.png,1.0,1,0
yolo11m-seg_black_coco_seed45,YOLO M,conf=0.8,A1 24HR 2_png.rf.QvfIHR0lQkYJbWTuhsBX.png,0.0,1,1
yolo11m-seg_black_coco_seed45,YOLO M,conf=0.8,A1 24h 1_png.rf.TlQXP6CHdUFWS07zQImN.png,1.0,1,0
yolo11m-seg_black_coco_seed45,YOLO M,conf=0.8,A1 24h 2_png.rf.o9mYSgMZsKvkMpLuHnpZ.png,1.0,1,0
yolo11m-seg_black_coco_seed45,YOLO M,conf=0.8,A1 24hr 1_png.rf.LkrEN1mHJhJhYU2lmydg.png,0.846538,0,1
yolo11m-seg_black_coco_seed45,YOLO M,conf=0.8,A1 8HR 1_png.rf.7N4eAqgpqfPKb1eNWowl.png,0.914483,0,1
yolo11m-seg_black_coco_seed45,YOLO M,conf=0.8,A1 8HR 1_png.rf.VABkXkmpYjE9yLo5gSBX.png,0.906697,0,1
yolo11m-seg_black_coco_seed45,YOLO M,conf=0.8,A1 8HR 2_png.rf.bvjlWbubzYS3fVyOKsCU.png,0.922776,0,1
yolo11m-seg_black_coco_seed45,YOLO M,conf=0.8,A1 8HR 2_png.rf.emd32984S6mQhEIM0RXU.png,0.95785,0,1
yolo11m-seg_black_coco_seed45,YOLO M,conf=0.8,A2 0H 2_png.rf.wLkBHcGvevKm0A73Vxcz.png,0.976411,0,1
yolo11m-seg_black_coco_seed45,YOLO M,conf=0.8,A2 12H 1_png.rf.xnmVBn7WXmT4yiy3UMlx.png,0.939644,0,1
yolo11m-seg_black_coco_seed45,YOLO M,conf=0.8,A2 12H 2_png.rf.N7tpAQyq0PEGrhaTGLJT.png,0.959411,0,1
yolo11m-seg_black_coco_seed45,YOLO M,conf=0.8,A2 24H 1_png.rf.EFavmtKTLhhnJThESvF0.png,0.933919,0,1
yolo11m-seg_black_coco_seed45,YOLO M,conf=0.8,A2 24H 2_png.rf.E5xmaghZdqaoko8wlaZh.png,0.941439,0,1
yolo11m-seg_black_coco_seed45,YOLO M,conf=0.8,A2 8H 1_png.rf.xvZ2Owwq7kfNeQBUdLj1.png,0.933239,0,1
yolo11m-seg_black_coco_seed45,YOLO M,conf=0.8,A2 8H 2_png.rf.7oLJskKDBKhwtDpwzZqy.png,0.945143,0,1
yolo11m-seg_black_coco_seed45,YOLO M,conf=0.8,A3 0H 1_png.rf.4oL1M95z5XQoppHkibCl.png,0.0,1,1
yolo11m-seg_black_coco_seed45,YOLO M,conf=0.8,A3 0H 2_png.rf.QDCtQGDH1pznmeHT0BNJ.png,0.963774,0,1
yolo11m-seg_black_coco_seed45,YOLO M,conf=0.8,A3 12H 1_png.rf.TU0BGVsD3XJqPwGYBsiu.png,0.911308,0,1
yolo11m-seg_black_coco_seed45,YOLO M,conf=0.8,A3 12H 2_png.rf.r5xe4JQ4Ecgyw1raWv4H.png,0.0,1,1
yolo11m-seg_black_coco_seed45,YOLO M,conf=0.8,A3 24H 1_png.rf.tfdHOCRouEH53EDqy7G0.png,1.0,1,0
yolo11m-seg_black_coco_seed45,YOLO M,conf=0.8,A3 24H 2_png.rf.TOtRUqMkxCrasCpSjZKO.png,1.0,1,0
yolo11m-seg_black_coco_seed45,YOLO M,conf=0.8,A3 8H 1_png.rf.d60KhXvDmSmp3Oia8S8T.png,0.775524,0,1
yolo11m-seg_black_coco_seed45,YOLO M,conf=0.8,A3 8H 2_png.rf.B5nEx5FtZ9JTiEjZrHJb.png,0.888772,0,1
yolo11m-seg_black_coco_seed45,YOLO M,conf=0.8,A5 0HR 1_png.rf.ckTpizxWhCzqrJmwetqV.png,0.975192,0,1
yolo11m-seg_black_coco_seed45,YOLO M,conf=0.8,A5 0HR 2_png.rf.C9gm2A2fkupz9aW1u7b9.png,0.978644,0,1
yolo11m-seg_black_coco_seed45,YOLO M,conf=0.8,A5 12HR 1_png.rf.1xA3zwCvRWDQRrGvHIhA.png,0.940294,0,1
yolo11m-seg_black_coco_seed45,YOLO M,conf=0.8,A5 12HR 1_png.rf.IESDSkszuJatVJfvQ7PW.png,0.0,1,1
yolo11m-seg_black_coco_seed45,YOLO M,conf=0.8,A5 12HR 2_png.rf.mzYpTwvbQHLWffHAkMOe.png,0.907633,0,1
yolo11m-seg_black_coco_seed45,YOLO M,conf=0.8,A5 12HR 2_png.rf.rAr8U7x7uLNYSny2Orvg.png,0.0,1,1
yolo11m-seg_black_coco_seed45,YOLO M,conf=0.8,A5 24HR 1_png.rf.CpfIcPI5krfxTtJFGjKH.png,1.0,1,0
yolo11m-seg_black_coco_seed45,YOLO M,conf=0.8,A5 24HR 1_png.rf.QWraD9H7IOqSfp8mznDQ.png,0.0,1,1
yolo11m-seg_black_coco_seed45,YOLO M,conf=0.8,A5 24HR 2_png.rf.JBrJ8KO8uH9Jn3iTJvZf.png,1.0,1,0
yolo11m-seg_black_coco_seed45,YOLO M,conf=0.8,A5 24HR 2_png.rf.xE7wqG2pbN9OFXjVvNjl.png,0.893043,0,1
yolo11m-seg_black_coco_seed45,YOLO M,conf=0.8,A5 8HR 1_png.rf.jEYUYpVLybixXNUndrI9.png,0.936309,0,1
yolo11m-seg_black_coco_seed45,YOLO M,conf=0.8,A5 8HR 1_png.rf.qbCCkoclBZRwrN2mNDA9.png,0.879116,0,1
yolo11m-seg_black_coco_seed45,YOLO M,conf=0.8,A5 8HR 2_png.rf.7U0SE5K1r1eXtmiCBL1Q.png,0.848628,0,1
yolo11m-seg_black_coco_seed45,YOLO M,conf=0.8,A6 0H 1_png.rf.rKpcg4iYJ50H0XfmG98n.png,0.859656,0,1
yolo11m-seg_black_coco_seed45,YOLO M,conf=0.8,A6 0H 2_png.rf.xTjPOuBdGBBEAQh6qzcS.png,0.92354,0,1
yolo11m-seg_black_coco_seed45,YOLO M,conf=0.8,A6 12H 1_png.rf.ttiuv3CjzGc6GvMTytlM.png,0.85636,0,1
yolo11m-seg_black_coco_seed45,YOLO M,conf=0.8,A6 12H 2_png.rf.bsoBQRnwC6AtJ5KRBKDv.png,0.940348,0,1
yolo11m-seg_black_coco_seed45,YOLO M,conf=0.8,A6 24H 1_png.rf.nNdt9zlpThgANxpw0Afd.png,0.840597,0,1
yolo11m-seg_black_coco_seed45,YOLO M,conf=0.8,A6 24H 2_png.rf.fnzQMmHMSJJ6YxflXcKp.png,0.0,1,1
yolo11m-seg_black_coco_seed45,YOLO M,conf=0.8,A6 8H 1_png.rf.0Ed4k50VKrxz80UdTuUb.png,0.87513,0,1
yolo11m-seg_black_coco_seed45,YOLO M,conf=0.8,A6 8H 2_png.rf.8H5VYogwRaw3bc7Ufnp7.png,0.843264,0,1
yolo11m-seg_black_coco_seed45,YOLO M,conf=0.8,B1 0H 1_png.rf.j3ckb2OmuPoN1D2ZNrsL.png,0.977539,0,1
yolo11m-seg_black_coco_seed45,YOLO M,conf=0.8,B1 0H 2_png.rf.M9qDqnfqVRQAN3kixv3Y.png,0.981608,0,1
yolo11m-seg_black_coco_seed45,YOLO M,conf=0.8,B1 0HR 1_png.rf.eIMkkfHeHfLEZ04ezC1L.png,0.975435,0,1
yolo11m-seg_black_coco_seed45,YOLO M,conf=0.8,B1 0HR 2_png.rf.GJOlprTE8cvwD4CrUmlP.png,0.971383,0,1
yolo11m-seg_black_coco_seed45,YOLO M,conf=0.8,B1 0hr 1_png.rf.HQmAp3GBzLOJSBnrI49n.png,0.973135,0,1
yolo11m-seg_black_coco_seed45,YOLO M,conf=0.8,B1 0hr 1_png.rf.IpACHL1Orw6aFOfMt2L4.png,0.97329,0,1
yolo11m-seg_black_coco_seed45,YOLO M,conf=0.8,B1 0hr 1_png.rf.MsTYgRqpBawgbfwCxIBh.png,0.980061,0,1
yolo11m-seg_black_coco_seed45,YOLO M,conf=0.8,B1 0hr 2_png.rf.XjumgmgMNkQhrRGLEgFA.png,0.953214,0,1
yolo11m-seg_black_coco_seed45,YOLO M,conf=0.8,B1 0hr_1_png.rf.DUGXTEiLp7a24s7ag9dO.png,0.972491,0,1
yolo11m-seg_black_coco_seed45,YOLO M,conf=0.8,B1 0hr_2_png.rf.wWUkB0l85vJDlD6q526J.png,0.978599,0,1
yolo11m-seg_black_coco_seed45,YOLO M,conf=0.8,B1 12H 1_png.rf.VB9B0BXSFCbQoytWKIkL.png,0.92529,0,1
yolo11m-seg_black_coco_seed45,YOLO M,conf=0.8,B1 12H 2_png.rf.cFU7xmBfmqqkIIa5q7nh.png,0.892642,0,1
yolo11m-seg_black_coco_seed45,YOLO M,conf=0.8,B1 12HR 1_png.rf.iGQ0raXb1cPFjLpTE8Qs.png,0.958019,0,1
yolo11m-seg_black_coco_seed45,YOLO M,conf=0.8,B1 12hr 1_png.rf.Basp8dmX2exqZZBqydBx.png,0.948566,0,1
yolo11m-seg_black_coco_seed45,YOLO M,conf=0.8,B1 12hr 1_png.rf.MkOpH7SVtG5q4EYuFmK2.png,0.936996,0,1
yolo11m-seg_black_coco_seed45,YOLO M,conf=0.8,B1 12hr 1_png.rf.sRUPpw6VBKsEL7UWcuqg.png,0.958167,0,1
yolo11m-seg_black_coco_seed45,YOLO M,conf=0.8,B1 12hr_1_png.rf.dB4OztvLmzVa4BGq5jCN.png,0.924532,0,1
yolo11m-seg_black_coco_seed45,YOLO M,conf=0.8,B1 24H 1_png.rf.GJ99b6zJDkCcdldeprAL.png,0.883069,0,1
yolo11m-seg_black_coco_seed45,YOLO M,conf=0.8,B1 24H 2_png.rf.WAXPIALQ8VqzYoMup3J4.png,0.404233,0,1
yolo11m-seg_black_coco_seed45,YOLO M,conf=0.8,B1 24HR 1_png.rf.ZOXgAwm7pCyA0PxFBFkk.png,0.0,1,1
yolo11m-seg_black_coco_seed45,YOLO M,conf=0.8,B1 24HR 2_png.rf.Ls9u8THJDkrAcAUiOT0Q.png,0.916888,0,1
yolo11m-seg_black_coco_seed45,YOLO M,conf=0.8,B1 24hr 1_png.rf.wZriPsVdQe9B1XYh0ypQ.png,0.0,1,1
yolo11m-seg_black_coco_seed45,YOLO M,conf=0.8,B1 24hr 2_png.rf.kOhjizJROLOCgNfM1IF5.png,0.9048,0,1
yolo11m-seg_black_coco_seed45,YOLO M,conf=0.8,B1 8H 1_png.rf.fqDTrXJGtwGnRUswH16c.png,0.962133,0,1
yolo11m-seg_black_coco_seed45,YOLO M,conf=0.8,B1 8H 2_png.rf.gA6SnVr547LgfEenVrRi.png,0.919246,0,1
yolo11m-seg_black_coco_seed45,YOLO M,conf=0.8,B1 8HR 1_png.rf.AMXvM5M5gyDuLKC5DTa9.png,0.947958,0,1
yolo11m-seg_black_coco_seed45,YOLO M,conf=0.8,B1 8HR 2_png.rf.QKXzmdKQE41ccuWFgbwS.png,0.956837,0,1
yolo11m-seg_black_coco_seed45,YOLO M,conf=0.8,B1 8hr 1_png.rf.pwZlWzk9sZA3CwldABe9.png,0.970286,0,1
yolo11m-seg_black_coco_seed45,YOLO M,conf=0.8,B1 8hr 1_png.rf.xNkp4JfkmuylOQerzD1Q.png,0.969399,0,1
yolo11m-seg_black_coco_seed45,YOLO M,conf=0.8,B1 8hr 2_png.rf.L73Y3X4Dx7HELGkPVNlg.png,0.95838,0,1
yolo11m-seg_black_coco_seed45,YOLO M,conf=0.8,B4 0H 1_png.rf.UkNByK7H1jadGiO9HCAd.png,0.890539,0,1
yolo11m-seg_black_coco_seed45,YOLO M,conf=0.8,B4 0H 2_png.rf.rXION3PvUG9p2y5KH5ZG.png,0.946464,0,1
yolo11m-seg_black_coco_seed45,YOLO M,conf=0.8,B4 12H 1_png.rf.1ULnxID5MP426B41agfS.png,0.0,1,1
yolo11m-seg_black_coco_seed45,YOLO M,conf=0.8,B4 12H 2_png.rf.BUDIsAimJHwizKA26kde.png,0.894519,0,1
yolo11m-seg_black_coco_seed45,YOLO M,conf=0.8,B4 24H 1_png.rf.b60wYuoI9jxCKCHE2l9q.png,0.864503,0,1
yolo11m-seg_black_coco_seed45,YOLO M,conf=0.8,B4 24H 2_png.rf.Dy3NkPc0L9HXhRCtCbkW.png,1.0,1,0
yolo11m-seg_black_coco_seed45,YOLO M,conf=0.8,B4 8H 1_png.rf.OVZZyofXQpVrU06rEdEV.png,0.916201,0,1
yolo11m-seg_black_coco_seed45,YOLO M,conf=0.8,B4 8H 2_png.rf.ShxIhASvXw8lGbZkLgUb.png,0.767346,0,1
yolo11m-seg_black_coco_seed45,YOLO M,conf=0.8,B5 0HR 1_png.rf.HyxAq2SZFEx1y342m6b9.png,0.962947,0,1
yolo11m-seg_black_coco_seed45,YOLO M,conf=0.8,B5 0HR 1_png.rf.J6hP1h51BcAFg4KFN6lN.png,0.977377,0,1
yolo11m-seg_black_coco_seed45,YOLO M,conf=0.8,B5 0HR 2_png.rf.MUU0CWJgRWrZIA9N0J2X.png,0.974158,0,1
yolo11m-seg_black_coco_seed45,YOLO M,conf=0.8,B5 12HR 1_png.rf.XqoVkA4DK3JbERfwmQPP.png,0.930494,0,1
yolo11m-seg_black_coco_seed45,YOLO M,conf=0.8,B5 12HR 2_png.rf.EZH0RYIN3t8Q75rFyebV.png,0.935201,0,1
yolo11m-seg_black_coco_seed45,YOLO M,conf=0.8,B5 12HR 2_png.rf.mSR2WAZaiHT4hljqFuAE.png,0.856671,0,1
yolo11m-seg_black_coco_seed45,YOLO M,conf=0.8,B5 24HR 1_png.rf.TJTLDoAzR6YqhVVqJjBV.png,1.0,1,0
yolo11m-seg_black_coco_seed45,YOLO M,conf=0.8,B5 24HR _png.rf.g9PDGT1tjMWdiPw6OCJg.png,1.0,1,0
yolo11m-seg_black_coco_seed45,YOLO M,conf=0.8,B5 8HR 1_png.rf.Ym4RLm5f7bEAlTD8XV4Q.png,0.932106,0,1
yolo11m-seg_black_coco_seed45,YOLO M,conf=0.8,B5 8HR 2_png.rf.1bM2nfrE3C3SuMgkQzIF.png,0.956278,0,1
yolo11m-seg_black_coco_seed45,YOLO M,conf=0.8,B5 8HR 2_png.rf.BzRPidTOrz4nL1zIlvSL.png,0.960309,0,1
yolo11m-seg_black_coco_seed45,YOLO M,conf=0.8,B6 0HR 1_png.rf.G9IIgGta9Gbbj9yqetJW.png,0.977928,0,1
yolo11m-seg_black_coco_seed45,YOLO M,conf=0.8,B6 0hr 1_png.rf.tP2kS9n37GFU0hMWW7mV.png,0.968645,0,1
yolo11m-seg_black_coco_seed45,YOLO M,conf=0.8,B6 12HR 1_png.rf.gMy5B0cpXrZXzyMCZhuv.png,0.871104,0,1
yolo11m-seg_black_coco_seed45,YOLO M,conf=0.8,B6 12HR 2_png.rf.BMDqWV1RTxKKoPMgnLal.png,0.933888,0,1
yolo11m-seg_black_coco_seed45,YOLO M,conf=0.8,B6 12hr 1_png.rf.wMEDLQnrMWwVbcfKlQek.png,0.90331,0,1
yolo11m-seg_black_coco_seed45,YOLO M,conf=0.8,B6 12hr 2_png.rf.y4b1NNhMuInMAANEGR5y.png,0.944146,0,1
yolo11m-seg_black_coco_seed45,YOLO M,conf=0.8,B6 24h 1_png.rf.HqRokqEzDfBP5O3ZtezT.png,1.0,1,0
yolo11m-seg_black_coco_seed45,YOLO M,conf=0.8,B6 24h 1_png.rf.Mqv4F4d5b4AUQiStkAzE.png,1.0,1,0
yolo11m-seg_black_coco_seed45,YOLO M,conf=0.8,C5 0H 1_png.rf.OdwF3vyzWYOgZ8CvxU5t.png,0.96086,0,1
yolo11m-seg_black_coco_seed45,YOLO M,conf=0.8,C5 0H 1_png.rf.qfmzlYXXLFM1UbctuHo5.png,0.975158,0,1
yolo11m-seg_black_coco_seed45,YOLO M,conf=0.8,C5 0H 2_png.rf.UQiYCwrvqp79phsQH2z3.png,0.9802,0,1
yolo11m-seg_black_coco_seed45,YOLO M,conf=0.8,C5 12H 1_png.rf.OLiywuVh8Y6xj17HnU6e.png,0.909798,0,1
yolo11m-seg_black_coco_seed45,YOLO M,conf=0.8,C5 12H 1_png.rf.eqPnAQCG5aI0rvfthMNV.png,0.900857,0,1
yolo11m-seg_black_coco_seed45,YOLO M,conf=0.8,C5 12H 2_png.rf.oLP5pb7BztRNGjNEDlAS.png,0.866503,0,1
yolo11m-seg_black_coco_seed45,YOLO M,conf=0.8,C5 12H 2_png.rf.yGOWuMwCESVagvk7Q4HY.png,0.848356,0,1
yolo11m-seg_black_coco_seed45,YOLO M,conf=0.8,C5 24H 1_png.rf.GRabFdMEvh7NdJQw7srC.png,1.0,1,0
yolo11m-seg_black_coco_seed45,YOLO M,conf=0.8,C5 24H 2_png.rf.1BqtMMJEWOuzOCOM43Zl.png,1.0,1,0
yolo11m-seg_black_coco_seed45,YOLO M,conf=0.8,C5 8H 1_png.rf.QRwHfTeZ3iXOWs30KZOS.png,0.914116,0,1
yolo11m-seg_black_coco_seed45,YOLO M,conf=0.8,C5 8H 1_png.rf.m0k3TjlxKvLXDFhuBq52.png,0.889704,0,1
yolo11m-seg_black_coco_seed45,YOLO M,conf=0.8,C5 8H 2_png.rf.Su3UAyP9dztNqZtfn0u1.png,0.928755,0,1
yolo11m-seg_black_coco_seed45,YOLO M,conf=0.8,D1 0H 1_png.rf.fw3oXHFKRwGBIpMcBKY2.png,0.967667,0,1
yolo11m-seg_black_coco_seed45,YOLO M,conf=0.8,D1 0H 2_png.rf.In3g26PLvIPVilZ9guvK.png,0.971884,0,1
yolo11m-seg_black_coco_seed45,YOLO M,conf=0.8,D1 0HR 1_png.rf.X95BBgcop2LdYBHvWj7G.png,0.963997,0,1
yolo11m-seg_black_coco_seed45,YOLO M,conf=0.8,D1 0HR 1_png.rf.pXGKiyw6dpCjGOogRcBS.png,0.963402,0,1
yolo11m-seg_black_coco_seed45,YOLO M,conf=0.8,D1 0HR 2_png.rf.Ak8bfHD2sNvAS5ARU8WU.png,0.974104,0,1
yolo11m-seg_black_coco_seed45,YOLO M,conf=0.8,D1 0HR 2_png.rf.pBkydjxMgVt0vB999uLo.png,0.96154,0,1
yolo11m-seg_black_coco_seed45,YOLO M,conf=0.8,D1 12H 1_png.rf.mKsxEDejqQN6qCQxLyns.png,0.943561,0,1
yolo11m-seg_black_coco_seed45,YOLO M,conf=0.8,D1 12H 2_png.rf.hM6Jhc6UJKSMWKFN6Pta.png,0.958612,0,1
yolo11m-seg_black_coco_seed45,YOLO M,conf=0.8,D1 12HR 1_png.rf.Sa5pwYNBsukEYVE7qdCO.png,0.927937,0,1
yolo11m-seg_black_coco_seed45,YOLO M,conf=0.8,D1 12HR 1_png.rf.mtvtObh31Z25eXwo4BTB.png,0.885265,0,1
yolo11m-seg_black_coco_seed45,YOLO M,conf=0.8,D1 12HR 2_png.rf.E03XFlEmMbe4CLEeQ5L0.png,0.0,1,1
yolo11m-seg_black_coco_seed45,YOLO M,conf=0.8,D1 12HR 2_png.rf.c61b9Qj6PnDGEcivk5oi.png,0.935304,0,1
yolo11m-seg_black_coco_seed45,YOLO M,conf=0.8,D1 24H 1_png.rf.9St1pSdNBqUmYewNNUks.png,0.0,1,1
yolo11m-seg_black_coco_seed45,YOLO M,conf=0.8,D1 24H 2_png.rf.JPXsJfPNRWwnAkf2OC68.png,0.853428,0,1
yolo11m-seg_black_coco_seed45,YOLO M,conf=0.8,D1 24HR 1_png.rf.D7yfyoxo08GRgfqWxkKs.png,0.851646,0,1
yolo11m-seg_black_coco_seed45,YOLO M,conf=0.8,D1 24HR 1_png.rf.EHcrx6DNEOw8vqgtCyC2.png,1.0,1,0
yolo11m-seg_black_coco_seed45,YOLO M,conf=0.8,D1 24HR 2_png.rf.sKzjQXeeTmG65NxFRo5z.png,1.0,1,0
yolo11m-seg_black_coco_seed45,YOLO M,conf=0.8,D1 24HR 2_png.rf.uoxKxnADebGlXimnPrEx.png,0.833329,0,1
yolo11m-seg_black_coco_seed45,YOLO M,conf=0.8,D1 8H 1_png.rf.AmYzGCscmIMNbZlAIVL4.png,0.935131,0,1
yolo11m-seg_black_coco_seed45,YOLO M,conf=0.8,D1 8H 2_png.rf.1Guur0r0WOYFqgYbD8Ix.png,0.0,1,1
yolo11m-seg_black_coco_seed45,YOLO M,conf=0.8,D1 8HR 1_png.rf.7pXlMXWWJkv2xLuAp89c.png,0.939715,0,1
yolo11m-seg_black_coco_seed45,YOLO M,conf=0.8,D1 8HR 1_png.rf.Pm37sn4g0olAl9FUCP58.png,0.923919,0,1
yolo11m-seg_black_coco_seed45,YOLO M,conf=0.8,D1 8HR 2_png.rf.We4y9DkVsrjwHtYEPH1S.png,0.920536,0,1
yolo11m-seg_black_coco_seed45,YOLO M,conf=0.8,D1 8HR 2_png.rf.zXqaP0fHqHbabD0CzjuF.png,0.942532,0,1
yolo11m-seg_black_coco_seed45,YOLO M,conf=0.8,D3 0H 1_png.rf.jWsUip53LaCF4OaEEFcb.png,0.984313,0,1
yolo11m-seg_black_coco_seed45,YOLO M,conf=0.8,D3 0H 2_png.rf.lkEcbAGS1IAwabi3cMT3.png,0.977387,0,1
yolo11m-seg_black_coco_seed45,YOLO M,conf=0.8,D3 12H 1_png.rf.vDKmMF3YJlFSbIbFZHci.png,0.971537,0,1
yolo11m-seg_black_coco_seed45,YOLO M,conf=0.8,D3 12H 2_png.rf.bk65RyMB9bMlU59S1RY7.png,0.973356,0,1
yolo11m-seg_black_coco_seed45,YOLO M,conf=0.8,D3 24H 1_png.rf.lgES3xZvT7KoszPGhV44.png,0.94922,0,1
yolo11m-seg_black_coco_seed45,YOLO M,conf=0.8,D3 24H 2_png.rf.vu9MuWKRyoy3WKGkVrI5.png,0.884603,0,1
yolo11m-seg_black_coco_seed45,YOLO M,conf=0.8,D3 8H 1_png.rf.6ah0Jg4O5oakLSomUxcX.png,0.971578,0,1
yolo11m-seg_black_coco_seed45,YOLO M,conf=0.8,D3 8H 2_png.rf.RmIwn01JNbgfY0VcrlAP.png,0.959083,0,1
yolo11m-seg_black_coco_seed45,YOLO M,conf=0.8,D4 0H 1_png.rf.FutNJ1bcHBCTMEvRlEBr.png,0.971612,0,1
yolo11m-seg_black_coco_seed45,YOLO M,conf=0.8,D4 0H 1_png.rf.hIDWQ46StqSUcKyGmBYY.png,0.973923,0,1
yolo11m-seg_black_coco_seed45,YOLO M,conf=0.8,D4 0H 2_png.rf.7RFXNZEElcEIxiB134la.png,0.979734,0,1
yolo11m-seg_black_coco_seed45,YOLO M,conf=0.8,D4 0H 2_png.rf.eVEb58gAMbcellIRwKuX.png,0.0,1,1
yolo11m-seg_black_coco_seed45,YOLO M,conf=0.8,D4 0HR 1_png.rf.eLqJwBy4PkAeXHhqw8Ir.png,0.968355,0,1
yolo11m-seg_black_coco_seed45,YOLO M,conf=0.8,D4 0HR 2_png.rf.EwNjDB9ss3gmM00iJqPT.png,0.971074,0,1
yolo11m-seg_black_coco_seed45,YOLO M,conf=0.8,D4 12H 1_png.rf.9BeWOTfVwMn3ywdSyPmt.png,0.950339,0,1
yolo11m-seg_black_coco_seed45,YOLO M,conf=0.8,D4 12H 1_png.rf.rmwAgsyRm1ZzZ55GuiPB.png,0.0,1,1
yolo11m-seg_black_coco_seed45,YOLO M,conf=0.8,D4 12H 2_png.rf.JoRndEJA1lep3hprLUOS.png,0.0,1,1
yolo11m-seg_black_coco_seed45,YOLO M,conf=0.8,D4 12H 2_png.rf.txyJ67o8LXpC3sVtUoTH.png,0.0,1,1
yolo11m-seg_black_coco_seed45,YOLO M,conf=0.8,D4 12HR 1_png.rf.coQP5Rm68FoQiPA5lE4l.png,1.0,1,0
yolo11m-seg_black_coco_seed45,YOLO M,conf=0.8,D4 12HR 2_png.rf.3mHz6QXfVp3bYuBorSyN.png,0.871497,0,1
yolo11m-seg_black_coco_seed45,YOLO M,conf=0.8,D4 24H 1_png.rf.4NmTRoRHXyugKUw10i8s.png,1.0,1,0
yolo11m-seg_black_coco_seed45,YOLO M,conf=0.8,D4 24H 1_png.rf.l74W6BtAd1h2vbDdLYa7.png,0.917371,0,1
yolo11m-seg_black_coco_seed45,YOLO M,conf=0.8,D4 24H 2_png.rf.RklTkqfkG2jxmrJIVlDw.png,1.0,1,0
yolo11m-seg_black_coco_seed45,YOLO M,conf=0.8,D4 24HR 1_png.rf.ZeWox4g9WSQYjCRdF5Hj.png,1.0,1,0
yolo11m-seg_black_coco_seed45,YOLO M,conf=0.8,D4 24HR 2_png.rf.aSdWjnYDFFICPSVHPh41.png,1.0,1,0
yolo11m-seg_black_coco_seed45,YOLO M,conf=0.8,D4 8H 1_png.rf.a8mANb97avVu4hPsbo7a.png,0.0,1,1
yolo11m-seg_black_coco_seed45,YOLO M,conf=0.8,D4 8H 1_png.rf.xpR4xGrS7xqp2WqsHOdj.png,0.96144,0,1
yolo11m-seg_black_coco_seed45,YOLO M,conf=0.8,D4 8H 2_png.rf.ixTzZNh35XGijmR7VOtL.png,0.0,1,1
yolo11m-seg_black_coco_seed45,YOLO M,conf=0.8,D4 8H 2_png.rf.mnoVDerLhE6PpOQcbUog.png,0.940851,0,1
yolo11m-seg_black_coco_seed45,YOLO M,conf=0.8,D4 8HR 1_png.rf.VEshHRtiysfYv1YrXVR9.png,0.890498,0,1
yolo11m-seg_black_coco_seed45,YOLO M,conf=0.8,D4 8HR 2_png.rf.1gESfR3nmJtUf5QdqE6H.png,0.860281,0,1
yolo11m-seg_black_coco_seed45,YOLO M,conf=0.8,E1 0H 1_png.rf.O4klFnPAFBZQG7ZiiWoa.png,0.972086,0,1
yolo11m-seg_black_coco_seed45,YOLO M,conf=0.8,E1 0H 2_png.rf.dwk6Z6HVga7ttj23PmV9.png,0.947057,0,1
yolo11m-seg_black_coco_seed45,YOLO M,conf=0.8,E1 12H 1_png.rf.MXhOPdUnNbYD4WTRbftP.png,0.0,1,1
yolo11m-seg_black_coco_seed45,YOLO M,conf=0.8,E1 12H 2_png.rf.GKeGTBMimaglOZhGi5n6.png,0.0,1,1
yolo11m-seg_black_coco_seed45,YOLO M,conf=0.8,E1 24H 1_png.rf.JjdLiNmCus3kSa50aOeW.png,1.0,1,0
yolo11m-seg_black_coco_seed45,YOLO M,conf=0.8,E1 8H 1_png.rf.8l6bvVJjLSjiFIlOhJkG.png,0.818091,0,1
yolo11m-seg_black_coco_seed45,YOLO M,conf=0.8,E1 8H 2_png.rf.5qtx5quA0obTJbOUZCxP.png,0.822024,0,1
yolo11m-seg_black_coco_seed45,YOLO M,conf=0.8,F2 0H 1_png.rf.zPl6vPkH5HpqtxJsWJxj.png,0.967749,0,1
yolo11m-seg_black_coco_seed45,YOLO M,conf=0.8,F2 12H 1_png.rf.h05DU2gxBlXL6JdotHmg.png,0.841439,0,1
yolo11m-seg_black_coco_seed45,YOLO M,conf=0.8,F2 12H 2_png.rf.2goGI5xvDCGG2PJZ8Its.png,0.923264,0,1
yolo11m-seg_black_coco_seed45,YOLO M,conf=0.8,F2 8H 2_png.rf.dUFZVFJ0aVESmoGKjJ05.png,0.827512,0,1
yolo11m-seg_black_coco_seed45,YOLO M,conf=0.8,Snap-08_141_png.rf.xxwXm4vgaTgEnxfrDBvk.png,1.0,1,0
yolo11m-seg_black_coco_seed45,YOLO M,conf=0.8,Snap-09_200_png.rf.T1DuJr60ClWyEIrNPE9K.png,0.0,1,1
yolo11m-seg_black_coco_seed45,YOLO M,conf=0.8,Snap-09_21_png.rf.eX9WeCW8GgIO8pb44zNf.png,1.0,1,0
yolo11m-seg_black_coco_seed45,YOLO M,conf=0.8,Snap-09_66_png.rf.DXbLfCegxmVs4TDoenmh.png,0.766274,0,1
yolo11m-seg_black_coco_seed45,YOLO M,conf=0.8,Snap-10_146_png.rf.J1zTbpCRqsOW6DtsIPzv.png,1.0,1,0
yolo11m-seg_black_coco_seed45,YOLO M,conf=0.8,Snap-10_png.rf.yj7fOx6nAZtfK19C65wZ.png,0.747244,0,1
yolo11m-seg_black_coco_seed45,YOLO M,conf=0.8,Snap-15_15_png.rf.oEkUKHxOZ7qcBLxMlF5e.png,1.0,1,0
yolo11m-seg_black_coco_seed45,YOLO M,conf=0.8,Snap-15_60_png.rf.AUB9Da86Zc4f2GiWRpgF.png,0.861864,0,1
yolo11m-seg_black_coco_seed45,YOLO M,conf=0.8,Snap-18_122_png.rf.rEzRHI9DOsMmEv8NXGFz.png,0.895478,0,1
yolo11m-seg_black_coco_seed45,YOLO M,conf=0.8,Snap-18_182_png.rf.0olrnxTCWxDIVmtPK3HA.png,0.94085,0,1
yolo11m-seg_black_coco_seed45,YOLO M,conf=0.8,Snap-20_104_png.rf.lu9wLu7mqVxquLAseXNa.png,0.759834,0,1
yolo11m-seg_black_coco_seed45,YOLO M,conf=0.8,Snap-21_56_png.rf.ycoY7vPUknblypXrORx3.png,0.0,1,1
yolo11m-seg_black_coco_seed45,YOLO M,conf=0.8,Snap-24_96_png.rf.s6DeTIAvmh6iZiaYgj4W.png,0.0,1,1
yolo11m-seg_black_coco_seed45,YOLO M,conf=0.8,Snap-25_124_png.rf.qhyZRieBWx1vF8Vfj4ck.png,0.782925,0,1
yolo11m-seg_black_coco_seed45,YOLO M,conf=0.8,Snap-25_184_png.rf.fnCmHOHxb5uRZMEeY7RB.png,0.788941,0,1
yolo11m-seg_black_coco_seed45,YOLO M,conf=0.8,Snap-25_50_png.rf.CHeux2nrD5owQB0rBnrP.png,1.0,1,0
yolo11m-seg_black_coco_seed45,YOLO M,conf=0.8,Snap-25_png.rf.NZSC2ldRJFXa4414jttF.png,0.762201,0,1
yolo11m-seg_black_coco_seed45,YOLO M,conf=0.8,Snap-26_283_png.rf.YFDkIZNg1W2rRyv6xoZQ.png,0.0,1,1
yolo11m-seg_black_coco_seed45,YOLO M,conf=0.8,Snap-31_281_png.rf.HrwVzS03qTHBX5RB7awf.png,0.0,1,1
yolo11m-seg_black_coco_seed45,YOLO M,conf=0.8,Snap-36_271_png.rf.sfFr7wfzXmMz4JWE34hv.png,0.921816,0,1
yolo11m-seg_black_coco_seed45,YOLO M,conf=0.8,Snap-37_175_png.rf.FF9MN09bmlSbN40cxQRu.png,0.0,1,1
yolo11m-seg_black_coco_seed45,YOLO M,conf=0.8,Snap-37_235_png.rf.fp1LasdFT1TZbfgrTie6.png,0.911272,0,1
yolo11m-seg_black_coco_seed45,YOLO M,conf=0.8,Snap-39_77_png.rf.FBpms3tKgC2fVOg0pxu7.png,0.0,1,1
yolo11m-seg_black_coco_seed45,YOLO M,conf=0.8,Snap-39_png.rf.B5ZdhBp8JGAo6JQji9gU.png,0.748729,0,1
yolo11m-seg_black_coco_seed45,YOLO M,conf=0.8,Snap-41_270_png.rf.46zb8PtP1Yuu9Wit1FpP.png,0.942239,0,1
yolo11m-seg_black_coco_seed45,YOLO M,conf=0.8,Snap-42_165_png.rf.3eAR7nfV8aWUfPbBc82Q.png,0.555345,0,1
yolo11m-seg_black_coco_seed45,YOLO M,conf=0.8,Snap-42_225_png.rf.mQxoBxfdEUUtVkhWybfs.png,0.938848,0,1
yolo11m-seg_black_coco_seed45,YOLO M,conf=0.8,Snap-42_76_png.rf.erwRb4d1blf6lhZ6UFWy.png,0.901769,0,1
yolo11m-seg_black_coco_seed45,YOLO M,conf=0.8,Snap-42_png.rf.vXnbjKiFLjrY6iWZoR1j.png,0.978335,0,1
yolo11m-seg_black_coco_seed45,YOLO M,conf=0.8,Snap-47_159_png.rf.iWHwHxKcpvJIH7RHtxRu.png,0.957137,0,1
yolo11m-seg_black_coco_seed45,YOLO M,conf=0.8,Snap-47_219_png.rf.tXiQQL4hg3VyVt8yhPHg.png,0.970514,0,1
yolo11m-seg_black_coco_seed45,YOLO M,conf=0.8,Snap-52_153_png.rf.jWozliFwqBh7FtxPjDhr.png,0.928743,0,1
yolo11m-seg_black_coco_seed45,YOLO M,conf=0.8,Snap-52_213_png.rf.YrkkVK1Bonf3TxwPZWyE.png,0.97043,0,1
yolo11m-seg_black_coco_seed45,YOLO M,conf=0.8,Snap-54_106_png.rf.VOFbghvZhHsPNSqUFFkZ.png,0.725453,0,1
yolo11m-seg_black_coco_seed45,YOLO M,conf=0.8,Snap-54_1_png.rf.LYlBIIJ3KoqRfd7QemOX.png,0.519104,0,1
yolo11m-seg_black_coco_seed45,YOLO M,conf=0.8,Snap-54_png.rf.HGYLhnxL2tQsTiXRBg9n.png,0.764699,0,1
yolo11m-seg_black_coco_seed45,YOLO M,conf=0.8,Snap-60_12_png.rf.AiY33Mo4Daj2M4cZgUnh.png,0.830778,0,1
yolo11m-seg_black_coco_seed45,YOLO M,conf=0.8,Snap-60_png.rf.RpcRTxyR97nXnbvR3urB.png,0.771825,0,1
yolo11m-seg_black_coco_seed45,YOLO M,conf=0.8,ct2_3_png.rf.05gH6Q4BVtzjbT8GvpXk.png,0.983948,0,1
yolo11m-seg_black_coco_seed45,YOLO M,conf=0.8,ct2_5_png.rf.V6uuFIT0hRf8VvfkI0ft.png,0.784358,0,1
yolo11m-seg_black_coco_seed45,YOLO M,conf=0.8,ptx1_2_png.rf.mOSxinMIUOQxQUjpAhxb.png,0.985357,0,1
yolo11m-seg_black_coco_seed45,YOLO M,conf=0.8,ptx2_4_png.rf.YEH27Bh4es5Hup4qomsA.png,0.773148,0,1
yolo11m-seg_black_coco_seed46,YOLO M,conf=0.8,A1 0HR 1_png.rf.F8WfJZAyU8hXcsKytbcA.png,0.969282,0,1
yolo11m-seg_black_coco_seed46,YOLO M,conf=0.8,A1 0HR 1_png.rf.bBmfdS8DK3Ixtw1fZ9P3.png,0.969557,0,1
yolo11m-seg_black_coco_seed46,YOLO M,conf=0.8,A1 0HR 2_png.rf.hVdiwx06lI7rOZ5rr9vC.png,0.974921,0,1
yolo11m-seg_black_coco_seed46,YOLO M,conf=0.8,A1 0HR 2_png.rf.wFANdrijgcCbWaNPdyi0.png,0.977003,0,1
yolo11m-seg_black_coco_seed46,YOLO M,conf=0.8,A1 12HR 1_png.rf.8FGxD5kQMiDucxJswxPl.png,0.921783,0,1
yolo11m-seg_black_coco_seed46,YOLO M,conf=0.8,A1 12HR 1_png.rf.XDKS23ySU3ItzW5Kv957.png,0.0,1,1
yolo11m-seg_black_coco_seed46,YOLO M,conf=0.8,A1 12HR 2_png.rf.6p7F3HADokVM7aGI7thQ.png,0.887761,0,1
yolo11m-seg_black_coco_seed46,YOLO M,conf=0.8,A1 12HR 2_png.rf.OoCbkijic6aCx52coryw.png,0.0,1,1
yolo11m-seg_black_coco_seed46,YOLO M,conf=0.8,A1 12hr 1_png.rf.hPnekH9tRkKoF84Y4HTD.png,0.964007,0,1
yolo11m-seg_black_coco_seed46,YOLO M,conf=0.8,A1 12hr 2_png.rf.Zc7e1rWOmWcCj4dykv3Z.png,0.93698,0,1
yolo11m-seg_black_coco_seed46,YOLO M,conf=0.8,A1 24HR 1_png.rf.1ApDRLrpQqSCaPcShIOu.png,1.0,1,0
yolo11m-seg_black_coco_seed46,YOLO M,conf=0.8,A1 24HR 1_png.rf.psHGzfQFFYu0q9OMf12P.png,1.0,1,0
yolo11m-seg_black_coco_seed46,YOLO M,conf=0.8,A1 24HR 2_png.rf.8ZCo4suYfwAmYJVAdrgi.png,1.0,1,0
yolo11m-seg_black_coco_seed46,YOLO M,conf=0.8,A1 24HR 2_png.rf.QvfIHR0lQkYJbWTuhsBX.png,0.0,1,1
yolo11m-seg_black_coco_seed46,YOLO M,conf=0.8,A1 24h 1_png.rf.TlQXP6CHdUFWS07zQImN.png,1.0,1,0
yolo11m-seg_black_coco_seed46,YOLO M,conf=0.8,A1 24h 2_png.rf.o9mYSgMZsKvkMpLuHnpZ.png,1.0,1,0
yolo11m-seg_black_coco_seed46,YOLO M,conf=0.8,A1 24hr 1_png.rf.LkrEN1mHJhJhYU2lmydg.png,0.847076,0,1
yolo11m-seg_black_coco_seed46,YOLO M,conf=0.8,A1 8HR 1_png.rf.7N4eAqgpqfPKb1eNWowl.png,0.912839,0,1
yolo11m-seg_black_coco_seed46,YOLO M,conf=0.8,A1 8HR 1_png.rf.VABkXkmpYjE9yLo5gSBX.png,0.901154,0,1
yolo11m-seg_black_coco_seed46,YOLO M,conf=0.8,A1 8HR 2_png.rf.bvjlWbubzYS3fVyOKsCU.png,0.917606,0,1
yolo11m-seg_black_coco_seed46,YOLO M,conf=0.8,A1 8HR 2_png.rf.emd32984S6mQhEIM0RXU.png,0.959329,0,1
yolo11m-seg_black_coco_seed46,YOLO M,conf=0.8,A2 0H 2_png.rf.wLkBHcGvevKm0A73Vxcz.png,0.975845,0,1
yolo11m-seg_black_coco_seed46,YOLO M,conf=0.8,A2 12H 1_png.rf.xnmVBn7WXmT4yiy3UMlx.png,0.937356,0,1
yolo11m-seg_black_coco_seed46,YOLO M,conf=0.8,A2 12H 2_png.rf.N7tpAQyq0PEGrhaTGLJT.png,0.962822,0,1
yolo11m-seg_black_coco_seed46,YOLO M,conf=0.8,A2 24H 1_png.rf.EFavmtKTLhhnJThESvF0.png,0.931769,0,1
yolo11m-seg_black_coco_seed46,YOLO M,conf=0.8,A2 24H 2_png.rf.E5xmaghZdqaoko8wlaZh.png,0.935208,0,1
yolo11m-seg_black_coco_seed46,YOLO M,conf=0.8,A2 8H 1_png.rf.xvZ2Owwq7kfNeQBUdLj1.png,0.942614,0,1
yolo11m-seg_black_coco_seed46,YOLO M,conf=0.8,A2 8H 2_png.rf.7oLJskKDBKhwtDpwzZqy.png,0.95108,0,1
yolo11m-seg_black_coco_seed46,YOLO M,conf=0.8,A3 0H 1_png.rf.4oL1M95z5XQoppHkibCl.png,0.0,1,1
yolo11m-seg_black_coco_seed46,YOLO M,conf=0.8,A3 0H 2_png.rf.QDCtQGDH1pznmeHT0BNJ.png,0.971036,0,1
yolo11m-seg_black_coco_seed46,YOLO M,conf=0.8,A3 12H 1_png.rf.TU0BGVsD3XJqPwGYBsiu.png,0.911516,0,1
yolo11m-seg_black_coco_seed46,YOLO M,conf=0.8,A3 12H 2_png.rf.r5xe4JQ4Ecgyw1raWv4H.png,0.0,1,1
yolo11m-seg_black_coco_seed46,YOLO M,conf=0.8,A3 24H 1_png.rf.tfdHOCRouEH53EDqy7G0.png,1.0,1,0
yolo11m-seg_black_coco_seed46,YOLO M,conf=0.8,A3 24H 2_png.rf.TOtRUqMkxCrasCpSjZKO.png,1.0,1,0
yolo11m-seg_black_coco_seed46,YOLO M,conf=0.8,A3 8H 1_png.rf.d60KhXvDmSmp3Oia8S8T.png,0.767964,0,1
yolo11m-seg_black_coco_seed46,YOLO M,conf=0.8,A3 8H 2_png.rf.B5nEx5FtZ9JTiEjZrHJb.png,0.898053,0,1
yolo11m-seg_black_coco_seed46,YOLO M,conf=0.8,A5 0HR 1_png.rf.ckTpizxWhCzqrJmwetqV.png,0.977759,0,1
yolo11m-seg_black_coco_seed46,YOLO M,conf=0.8,A5 0HR 2_png.rf.C9gm2A2fkupz9aW1u7b9.png,0.976601,0,1
yolo11m-seg_black_coco_seed46,YOLO M,conf=0.8,A5 12HR 1_png.rf.1xA3zwCvRWDQRrGvHIhA.png,0.939328,0,1
yolo11m-seg_black_coco_seed46,YOLO M,conf=0.8,A5 12HR 1_png.rf.IESDSkszuJatVJfvQ7PW.png,0.0,1,1
yolo11m-seg_black_coco_seed46,YOLO M,conf=0.8,A5 12HR 2_png.rf.mzYpTwvbQHLWffHAkMOe.png,0.92257,0,1
yolo11m-seg_black_coco_seed46,YOLO M,conf=0.8,A5 12HR 2_png.rf.rAr8U7x7uLNYSny2Orvg.png,0.0,1,1
yolo11m-seg_black_coco_seed46,YOLO M,conf=0.8,A5 24HR 1_png.rf.CpfIcPI5krfxTtJFGjKH.png,1.0,1,0
yolo11m-seg_black_coco_seed46,YOLO M,conf=0.8,A5 24HR 1_png.rf.QWraD9H7IOqSfp8mznDQ.png,0.898866,0,1
yolo11m-seg_black_coco_seed46,YOLO M,conf=0.8,A5 24HR 2_png.rf.JBrJ8KO8uH9Jn3iTJvZf.png,1.0,1,0
yolo11m-seg_black_coco_seed46,YOLO M,conf=0.8,A5 24HR 2_png.rf.xE7wqG2pbN9OFXjVvNjl.png,0.896252,0,1
yolo11m-seg_black_coco_seed46,YOLO M,conf=0.8,A5 8HR 1_png.rf.jEYUYpVLybixXNUndrI9.png,0.941431,0,1
yolo11m-seg_black_coco_seed46,YOLO M,conf=0.8,A5 8HR 1_png.rf.qbCCkoclBZRwrN2mNDA9.png,0.867448,0,1
yolo11m-seg_black_coco_seed46,YOLO M,conf=0.8,A5 8HR 2_png.rf.7U0SE5K1r1eXtmiCBL1Q.png,0.85156,0,1
yolo11m-seg_black_coco_seed46,YOLO M,conf=0.8,A6 0H 1_png.rf.rKpcg4iYJ50H0XfmG98n.png,0.864839,0,1
yolo11m-seg_black_coco_seed46,YOLO M,conf=0.8,A6 0H 2_png.rf.xTjPOuBdGBBEAQh6qzcS.png,0.918952,0,1
yolo11m-seg_black_coco_seed46,YOLO M,conf=0.8,A6 12H 1_png.rf.ttiuv3CjzGc6GvMTytlM.png,0.850883,0,1
yolo11m-seg_black_coco_seed46,YOLO M,conf=0.8,A6 12H 2_png.rf.bsoBQRnwC6AtJ5KRBKDv.png,0.940859,0,1
yolo11m-seg_black_coco_seed46,YOLO M,conf=0.8,A6 24H 1_png.rf.nNdt9zlpThgANxpw0Afd.png,0.859672,0,1
yolo11m-seg_black_coco_seed46,YOLO M,conf=0.8,A6 24H 2_png.rf.fnzQMmHMSJJ6YxflXcKp.png,0.833174,0,1
yolo11m-seg_black_coco_seed46,YOLO M,conf=0.8,A6 8H 1_png.rf.0Ed4k50VKrxz80UdTuUb.png,0.8687,0,1
yolo11m-seg_black_coco_seed46,YOLO M,conf=0.8,A6 8H 2_png.rf.8H5VYogwRaw3bc7Ufnp7.png,0.84919,0,1
yolo11m-seg_black_coco_seed46,YOLO M,conf=0.8,B1 0H 1_png.rf.j3ckb2OmuPoN1D2ZNrsL.png,0.975077,0,1
yolo11m-seg_black_coco_seed46,YOLO M,conf=0.8,B1 0H 2_png.rf.M9qDqnfqVRQAN3kixv3Y.png,0.976006,0,1
yolo11m-seg_black_coco_seed46,YOLO M,conf=0.8,B1 0HR 1_png.rf.eIMkkfHeHfLEZ04ezC1L.png,0.972361,0,1
yolo11m-seg_black_coco_seed46,YOLO M,conf=0.8,B1 0HR 2_png.rf.GJOlprTE8cvwD4CrUmlP.png,0.969476,0,1
yolo11m-seg_black_coco_seed46,YOLO M,conf=0.8,B1 0hr 1_png.rf.HQmAp3GBzLOJSBnrI49n.png,0.97529,0,1
yolo11m-seg_black_coco_seed46,YOLO M,conf=0.8,B1 0hr 1_png.rf.IpACHL1Orw6aFOfMt2L4.png,0.971405,0,1
yolo11m-seg_black_coco_seed46,YOLO M,conf=0.8,B1 0hr 1_png.rf.MsTYgRqpBawgbfwCxIBh.png,0.978606,0,1
yolo11m-seg_black_coco_seed46,YOLO M,conf=0.8,B1 0hr 2_png.rf.XjumgmgMNkQhrRGLEgFA.png,0.961951,0,1
yolo11m-seg_black_coco_seed46,YOLO M,conf=0.8,B1 0hr_1_png.rf.DUGXTEiLp7a24s7ag9dO.png,0.972268,0,1
yolo11m-seg_black_coco_seed46,YOLO M,conf=0.8,B1 0hr_2_png.rf.wWUkB0l85vJDlD6q526J.png,0.979013,0,1
yolo11m-seg_black_coco_seed46,YOLO M,conf=0.8,B1 12H 1_png.rf.VB9B0BXSFCbQoytWKIkL.png,0.928139,0,1
yolo11m-seg_black_coco_seed46,YOLO M,conf=0.8,B1 12H 2_png.rf.cFU7xmBfmqqkIIa5q7nh.png,0.878819,0,1
yolo11m-seg_black_coco_seed46,YOLO M,conf=0.8,B1 12HR 1_png.rf.iGQ0raXb1cPFjLpTE8Qs.png,0.958538,0,1
yolo11m-seg_black_coco_seed46,YOLO M,conf=0.8,B1 12hr 1_png.rf.Basp8dmX2exqZZBqydBx.png,0.943336,0,1
yolo11m-seg_black_coco_seed46,YOLO M,conf=0.8,B1 12hr 1_png.rf.MkOpH7SVtG5q4EYuFmK2.png,0.926544,0,1
yolo11m-seg_black_coco_seed46,YOLO M,conf=0.8,B1 12hr 1_png.rf.sRUPpw6VBKsEL7UWcuqg.png,0.951896,0,1
yolo11m-seg_black_coco_seed46,YOLO M,conf=0.8,B1 12hr_1_png.rf.dB4OztvLmzVa4BGq5jCN.png,0.925349,0,1
yolo11m-seg_black_coco_seed46,YOLO M,conf=0.8,B1 24H 1_png.rf.GJ99b6zJDkCcdldeprAL.png,0.886288,0,1
yolo11m-seg_black_coco_seed46,YOLO M,conf=0.8,B1 24H 2_png.rf.WAXPIALQ8VqzYoMup3J4.png,0.414846,0,1
yolo11m-seg_black_coco_seed46,YOLO M,conf=0.8,B1 24HR 1_png.rf.ZOXgAwm7pCyA0PxFBFkk.png,0.855845,0,1
yolo11m-seg_black_coco_seed46,YOLO M,conf=0.8,B1 24HR 2_png.rf.Ls9u8THJDkrAcAUiOT0Q.png,0.915628,0,1
yolo11m-seg_black_coco_seed46,YOLO M,conf=0.8,B1 24hr 1_png.rf.wZriPsVdQe9B1XYh0ypQ.png,0.0,1,1
yolo11m-seg_black_coco_seed46,YOLO M,conf=0.8,B1 24hr 2_png.rf.kOhjizJROLOCgNfM1IF5.png,0.906123,0,1
yolo11m-seg_black_coco_seed46,YOLO M,conf=0.8,B1 8H 1_png.rf.fqDTrXJGtwGnRUswH16c.png,0.962928,0,1
yolo11m-seg_black_coco_seed46,YOLO M,conf=0.8,B1 8H 2_png.rf.gA6SnVr547LgfEenVrRi.png,0.908564,0,1
yolo11m-seg_black_coco_seed46,YOLO M,conf=0.8,B1 8HR 1_png.rf.AMXvM5M5gyDuLKC5DTa9.png,0.943444,0,1
yolo11m-seg_black_coco_seed46,YOLO M,conf=0.8,B1 8HR 2_png.rf.QKXzmdKQE41ccuWFgbwS.png,0.954535,0,1
yolo11m-seg_black_coco_seed46,YOLO M,conf=0.8,B1 8hr 1_png.rf.pwZlWzk9sZA3CwldABe9.png,0.969926,0,1
yolo11m-seg_black_coco_seed46,YOLO M,conf=0.8,B1 8hr 1_png.rf.xNkp4JfkmuylOQerzD1Q.png,0.966929,0,1
yolo11m-seg_black_coco_seed46,YOLO M,conf=0.8,B1 8hr 2_png.rf.L73Y3X4Dx7HELGkPVNlg.png,0.955651,0,1
yolo11m-seg_black_coco_seed46,YOLO M,conf=0.8,B4 0H 1_png.rf.UkNByK7H1jadGiO9HCAd.png,0.899827,0,1
yolo11m-seg_black_coco_seed46,YOLO M,conf=0.8,B4 0H 2_png.rf.rXION3PvUG9p2y5KH5ZG.png,0.947053,0,1
yolo11m-seg_black_coco_seed46,YOLO M,conf=0.8,B4 12H 1_png.rf.1ULnxID5MP426B41agfS.png,0.0,1,1
yolo11m-seg_black_coco_seed46,YOLO M,conf=0.8,B4 12H 2_png.rf.BUDIsAimJHwizKA26kde.png,0.920666,0,1
yolo11m-seg_black_coco_seed46,YOLO M,conf=0.8,B4 24H 1_png.rf.b60wYuoI9jxCKCHE2l9q.png,0.875911,0,1
yolo11m-seg_black_coco_seed46,YOLO M,conf=0.8,B4 24H 2_png.rf.Dy3NkPc0L9HXhRCtCbkW.png,1.0,1,0
yolo11m-seg_black_coco_seed46,YOLO M,conf=0.8,B4 8H 1_png.rf.OVZZyofXQpVrU06rEdEV.png,0.909021,0,1
yolo11m-seg_black_coco_seed46,YOLO M,conf=0.8,B4 8H 2_png.rf.ShxIhASvXw8lGbZkLgUb.png,0.0,1,1
yolo11m-seg_black_coco_seed46,YOLO M,conf=0.8,B5 0HR 1_png.rf.HyxAq2SZFEx1y342m6b9.png,0.968566,0,1
yolo11m-seg_black_coco_seed46,YOLO M,conf=0.8,B5 0HR 1_png.rf.J6hP1h51BcAFg4KFN6lN.png,0.980015,0,1
yolo11m-seg_black_coco_seed46,YOLO M,conf=0.8,B5 0HR 2_png.rf.MUU0CWJgRWrZIA9N0J2X.png,0.972775,0,1
yolo11m-seg_black_coco_seed46,YOLO M,conf=0.8,B5 12HR 1_png.rf.XqoVkA4DK3JbERfwmQPP.png,0.925436,0,1
yolo11m-seg_black_coco_seed46,YOLO M,conf=0.8,B5 12HR 2_png.rf.EZH0RYIN3t8Q75rFyebV.png,0.930998,0,1
yolo11m-seg_black_coco_seed46,YOLO M,conf=0.8,B5 12HR 2_png.rf.mSR2WAZaiHT4hljqFuAE.png,0.850593,0,1
yolo11m-seg_black_coco_seed46,YOLO M,conf=0.8,B5 24HR 1_png.rf.TJTLDoAzR6YqhVVqJjBV.png,1.0,1,0
yolo11m-seg_black_coco_seed46,YOLO M,conf=0.8,B5 24HR _png.rf.g9PDGT1tjMWdiPw6OCJg.png,1.0,1,0
yolo11m-seg_black_coco_seed46,YOLO M,conf=0.8,B5 8HR 1_png.rf.Ym4RLm5f7bEAlTD8XV4Q.png,0.933366,0,1
yolo11m-seg_black_coco_seed46,YOLO M,conf=0.8,B5 8HR 2_png.rf.1bM2nfrE3C3SuMgkQzIF.png,0.955056,0,1
yolo11m-seg_black_coco_seed46,YOLO M,conf=0.8,B5 8HR 2_png.rf.BzRPidTOrz4nL1zIlvSL.png,0.956348,0,1
yolo11m-seg_black_coco_seed46,YOLO M,conf=0.8,B6 0HR 1_png.rf.G9IIgGta9Gbbj9yqetJW.png,0.979237,0,1
yolo11m-seg_black_coco_seed46,YOLO M,conf=0.8,B6 0hr 1_png.rf.tP2kS9n37GFU0hMWW7mV.png,0.979721,0,1
yolo11m-seg_black_coco_seed46,YOLO M,conf=0.8,B6 12HR 1_png.rf.gMy5B0cpXrZXzyMCZhuv.png,0.868755,0,1
yolo11m-seg_black_coco_seed46,YOLO M,conf=0.8,B6 12HR 2_png.rf.BMDqWV1RTxKKoPMgnLal.png,0.929715,0,1
yolo11m-seg_black_coco_seed46,YOLO M,conf=0.8,B6 12hr 1_png.rf.wMEDLQnrMWwVbcfKlQek.png,0.39392,0,1
yolo11m-seg_black_coco_seed46,YOLO M,conf=0.8,B6 12hr 2_png.rf.y4b1NNhMuInMAANEGR5y.png,0.944063,0,1
yolo11m-seg_black_coco_seed46,YOLO M,conf=0.8,B6 24h 1_png.rf.HqRokqEzDfBP5O3ZtezT.png,1.0,1,0
yolo11m-seg_black_coco_seed46,YOLO M,conf=0.8,B6 24h 1_png.rf.Mqv4F4d5b4AUQiStkAzE.png,1.0,1,0
yolo11m-seg_black_coco_seed46,YOLO M,conf=0.8,C5 0H 1_png.rf.OdwF3vyzWYOgZ8CvxU5t.png,0.959698,0,1
yolo11m-seg_black_coco_seed46,YOLO M,conf=0.8,C5 0H 1_png.rf.qfmzlYXXLFM1UbctuHo5.png,0.973231,0,1
yolo11m-seg_black_coco_seed46,YOLO M,conf=0.8,C5 0H 2_png.rf.UQiYCwrvqp79phsQH2z3.png,0.981826,0,1
yolo11m-seg_black_coco_seed46,YOLO M,conf=0.8,C5 12H 1_png.rf.OLiywuVh8Y6xj17HnU6e.png,0.911139,0,1
yolo11m-seg_black_coco_seed46,YOLO M,conf=0.8,C5 12H 1_png.rf.eqPnAQCG5aI0rvfthMNV.png,0.899319,0,1
yolo11m-seg_black_coco_seed46,YOLO M,conf=0.8,C5 12H 2_png.rf.oLP5pb7BztRNGjNEDlAS.png,0.669374,0,1
yolo11m-seg_black_coco_seed46,YOLO M,conf=0.8,C5 12H 2_png.rf.yGOWuMwCESVagvk7Q4HY.png,0.863123,0,1
yolo11m-seg_black_coco_seed46,YOLO M,conf=0.8,C5 24H 1_png.rf.GRabFdMEvh7NdJQw7srC.png,1.0,1,0
yolo11m-seg_black_coco_seed46,YOLO M,conf=0.8,C5 24H 2_png.rf.1BqtMMJEWOuzOCOM43Zl.png,1.0,1,0
yolo11m-seg_black_coco_seed46,YOLO M,conf=0.8,C5 8H 1_png.rf.QRwHfTeZ3iXOWs30KZOS.png,0.91822,0,1
yolo11m-seg_black_coco_seed46,YOLO M,conf=0.8,C5 8H 1_png.rf.m0k3TjlxKvLXDFhuBq52.png,0.884507,0,1
yolo11m-seg_black_coco_seed46,YOLO M,conf=0.8,C5 8H 2_png.rf.Su3UAyP9dztNqZtfn0u1.png,0.927298,0,1
yolo11m-seg_black_coco_seed46,YOLO M,conf=0.8,D1 0H 1_png.rf.fw3oXHFKRwGBIpMcBKY2.png,0.968041,0,1
yolo11m-seg_black_coco_seed46,YOLO M,conf=0.8,D1 0H 2_png.rf.In3g26PLvIPVilZ9guvK.png,0.968425,0,1
yolo11m-seg_black_coco_seed46,YOLO M,conf=0.8,D1 0HR 1_png.rf.X95BBgcop2LdYBHvWj7G.png,0.961278,0,1
yolo11m-seg_black_coco_seed46,YOLO M,conf=0.8,D1 0HR 1_png.rf.pXGKiyw6dpCjGOogRcBS.png,0.956247,0,1
yolo11m-seg_black_coco_seed46,YOLO M,conf=0.8,D1 0HR 2_png.rf.Ak8bfHD2sNvAS5ARU8WU.png,0.976156,0,1
yolo11m-seg_black_coco_seed46,YOLO M,conf=0.8,D1 0HR 2_png.rf.pBkydjxMgVt0vB999uLo.png,0.961512,0,1
yolo11m-seg_black_coco_seed46,YOLO M,conf=0.8,D1 12H 1_png.rf.mKsxEDejqQN6qCQxLyns.png,0.946122,0,1
yolo11m-seg_black_coco_seed46,YOLO M,conf=0.8,D1 12H 2_png.rf.hM6Jhc6UJKSMWKFN6Pta.png,0.963951,0,1
yolo11m-seg_black_coco_seed46,YOLO M,conf=0.8,D1 12HR 1_png.rf.Sa5pwYNBsukEYVE7qdCO.png,0.93347,0,1
yolo11m-seg_black_coco_seed46,YOLO M,conf=0.8,D1 12HR 1_png.rf.mtvtObh31Z25eXwo4BTB.png,0.8866,0,1
yolo11m-seg_black_coco_seed46,YOLO M,conf=0.8,D1 12HR 2_png.rf.E03XFlEmMbe4CLEeQ5L0.png,0.0,1,1
yolo11m-seg_black_coco_seed46,YOLO M,conf=0.8,D1 12HR 2_png.rf.c61b9Qj6PnDGEcivk5oi.png,0.937304,0,1
yolo11m-seg_black_coco_seed46,YOLO M,conf=0.8,D1 24H 1_png.rf.9St1pSdNBqUmYewNNUks.png,0.0,1,1
yolo11m-seg_black_coco_seed46,YOLO M,conf=0.8,D1 24H 2_png.rf.JPXsJfPNRWwnAkf2OC68.png,0.883894,0,1
yolo11m-seg_black_coco_seed46,YOLO M,conf=0.8,D1 24HR 1_png.rf.D7yfyoxo08GRgfqWxkKs.png,0.0,1,1
yolo11m-seg_black_coco_seed46,YOLO M,conf=0.8,D1 24HR 1_png.rf.EHcrx6DNEOw8vqgtCyC2.png,1.0,1,0
yolo11m-seg_black_coco_seed46,YOLO M,conf=0.8,D1 24HR 2_png.rf.sKzjQXeeTmG65NxFRo5z.png,1.0,1,0
yolo11m-seg_black_coco_seed46,YOLO M,conf=0.8,D1 24HR 2_png.rf.uoxKxnADebGlXimnPrEx.png,0.826958,0,1
yolo11m-seg_black_coco_seed46,YOLO M,conf=0.8,D1 8H 1_png.rf.AmYzGCscmIMNbZlAIVL4.png,0.928876,0,1
yolo11m-seg_black_coco_seed46,YOLO M,conf=0.8,D1 8H 2_png.rf.1Guur0r0WOYFqgYbD8Ix.png,0.923883,0,1
yolo11m-seg_black_coco_seed46,YOLO M,conf=0.8,D1 8HR 1_png.rf.7pXlMXWWJkv2xLuAp89c.png,0.943264,0,1
yolo11m-seg_black_coco_seed46,YOLO M,conf=0.8,D1 8HR 1_png.rf.Pm37sn4g0olAl9FUCP58.png,0.921991,0,1
yolo11m-seg_black_coco_seed46,YOLO M,conf=0.8,D1 8HR 2_png.rf.We4y9DkVsrjwHtYEPH1S.png,0.92452,0,1
yolo11m-seg_black_coco_seed46,YOLO M,conf=0.8,D1 8HR 2_png.rf.zXqaP0fHqHbabD0CzjuF.png,0.93891,0,1
yolo11m-seg_black_coco_seed46,YOLO M,conf=0.8,D3 0H 1_png.rf.jWsUip53LaCF4OaEEFcb.png,0.980764,0,1
yolo11m-seg_black_coco_seed46,YOLO M,conf=0.8,D3 0H 2_png.rf.lkEcbAGS1IAwabi3cMT3.png,0.977291,0,1
yolo11m-seg_black_coco_seed46,YOLO M,conf=0.8,D3 12H 1_png.rf.vDKmMF3YJlFSbIbFZHci.png,0.972145,0,1
yolo11m-seg_black_coco_seed46,YOLO M,conf=0.8,D3 12H 2_png.rf.bk65RyMB9bMlU59S1RY7.png,0.976471,0,1
yolo11m-seg_black_coco_seed46,YOLO M,conf=0.8,D3 24H 1_png.rf.lgES3xZvT7KoszPGhV44.png,0.952552,0,1
yolo11m-seg_black_coco_seed46,YOLO M,conf=0.8,D3 24H 2_png.rf.vu9MuWKRyoy3WKGkVrI5.png,0.946305,0,1
yolo11m-seg_black_coco_seed46,YOLO M,conf=0.8,D3 8H 1_png.rf.6ah0Jg4O5oakLSomUxcX.png,0.969845,0,1
yolo11m-seg_black_coco_seed46,YOLO M,conf=0.8,D3 8H 2_png.rf.RmIwn01JNbgfY0VcrlAP.png,0.957876,0,1
yolo11m-seg_black_coco_seed46,YOLO M,conf=0.8,D4 0H 1_png.rf.FutNJ1bcHBCTMEvRlEBr.png,0.974775,0,1
yolo11m-seg_black_coco_seed46,YOLO M,conf=0.8,D4 0H 1_png.rf.hIDWQ46StqSUcKyGmBYY.png,0.973649,0,1
yolo11m-seg_black_coco_seed46,YOLO M,conf=0.8,D4 0H 2_png.rf.7RFXNZEElcEIxiB134la.png,0.975329,0,1
yolo11m-seg_black_coco_seed46,YOLO M,conf=0.8,D4 0H 2_png.rf.eVEb58gAMbcellIRwKuX.png,0.0,1,1
yolo11m-seg_black_coco_seed46,YOLO M,conf=0.8,D4 0HR 1_png.rf.eLqJwBy4PkAeXHhqw8Ir.png,0.967124,0,1
yolo11m-seg_black_coco_seed46,YOLO M,conf=0.8,D4 0HR 2_png.rf.EwNjDB9ss3gmM00iJqPT.png,0.970339,0,1
yolo11m-seg_black_coco_seed46,YOLO M,conf=0.8,D4 12H 1_png.rf.9BeWOTfVwMn3ywdSyPmt.png,0.954272,0,1
yolo11m-seg_black_coco_seed46,YOLO M,conf=0.8,D4 12H 1_png.rf.rmwAgsyRm1ZzZ55GuiPB.png,0.0,1,1
yolo11m-seg_black_coco_seed46,YOLO M,conf=0.8,D4 12H 2_png.rf.JoRndEJA1lep3hprLUOS.png,0.0,1,1
yolo11m-seg_black_coco_seed46,YOLO M,conf=0.8,D4 12H 2_png.rf.txyJ67o8LXpC3sVtUoTH.png,0.718512,0,1
yolo11m-seg_black_coco_seed46,YOLO M,conf=0.8,D4 12HR 1_png.rf.coQP5Rm68FoQiPA5lE4l.png,1.0,1,0
yolo11m-seg_black_coco_seed46,YOLO M,conf=0.8,D4 12HR 2_png.rf.3mHz6QXfVp3bYuBorSyN.png,0.0,1,1
yolo11m-seg_black_coco_seed46,YOLO M,conf=0.8,D4 24H 1_png.rf.4NmTRoRHXyugKUw10i8s.png,1.0,1,0
yolo11m-seg_black_coco_seed46,YOLO M,conf=0.8,D4 24H 1_png.rf.l74W6BtAd1h2vbDdLYa7.png,0.919728,0,1
yolo11m-seg_black_coco_seed46,YOLO M,conf=0.8,D4 24H 2_png.rf.RklTkqfkG2jxmrJIVlDw.png,1.0,1,0
yolo11m-seg_black_coco_seed46,YOLO M,conf=0.8,D4 24HR 1_png.rf.ZeWox4g9WSQYjCRdF5Hj.png,1.0,1,0
yolo11m-seg_black_coco_seed46,YOLO M,conf=0.8,D4 24HR 2_png.rf.aSdWjnYDFFICPSVHPh41.png,1.0,1,0
yolo11m-seg_black_coco_seed46,YOLO M,conf=0.8,D4 8H 1_png.rf.a8mANb97avVu4hPsbo7a.png,0.640274,0,1
yolo11m-seg_black_coco_seed46,YOLO M,conf=0.8,D4 8H 1_png.rf.xpR4xGrS7xqp2WqsHOdj.png,0.961104,0,1
yolo11m-seg_black_coco_seed46,YOLO M,conf=0.8,D4 8H 2_png.rf.ixTzZNh35XGijmR7VOtL.png,0.431434,0,1
yolo11m-seg_black_coco_seed46,YOLO M,conf=0.8,D4 8H 2_png.rf.mnoVDerLhE6PpOQcbUog.png,0.920136,0,1
yolo11m-seg_black_coco_seed46,YOLO M,conf=0.8,D4 8HR 1_png.rf.VEshHRtiysfYv1YrXVR9.png,0.892463,0,1
yolo11m-seg_black_coco_seed46,YOLO M,conf=0.8,D4 8HR 2_png.rf.1gESfR3nmJtUf5QdqE6H.png,0.0,1,1
yolo11m-seg_black_coco_seed46,YOLO M,conf=0.8,E1 0H 1_png.rf.O4klFnPAFBZQG7ZiiWoa.png,0.973964,0,1
yolo11m-seg_black_coco_seed46,YOLO M,conf=0.8,E1 0H 2_png.rf.dwk6Z6HVga7ttj23PmV9.png,0.954839,0,1
yolo11m-seg_black_coco_seed46,YOLO M,conf=0.8,E1 12H 1_png.rf.MXhOPdUnNbYD4WTRbftP.png,0.864866,0,1
yolo11m-seg_black_coco_seed46,YOLO M,conf=0.8,E1 12H 2_png.rf.GKeGTBMimaglOZhGi5n6.png,0.0,1,1
yolo11m-seg_black_coco_seed46,YOLO M,conf=0.8,E1 24H 1_png.rf.JjdLiNmCus3kSa50aOeW.png,1.0,1,0
yolo11m-seg_black_coco_seed46,YOLO M,conf=0.8,E1 8H 1_png.rf.8l6bvVJjLSjiFIlOhJkG.png,0.812582,0,1
yolo11m-seg_black_coco_seed46,YOLO M,conf=0.8,E1 8H 2_png.rf.5qtx5quA0obTJbOUZCxP.png,0.830287,0,1
yolo11m-seg_black_coco_seed46,YOLO M,conf=0.8,F2 0H 1_png.rf.zPl6vPkH5HpqtxJsWJxj.png,0.972913,0,1
yolo11m-seg_black_coco_seed46,YOLO M,conf=0.8,F2 12H 1_png.rf.h05DU2gxBlXL6JdotHmg.png,0.90452,0,1
yolo11m-seg_black_coco_seed46,YOLO M,conf=0.8,F2 12H 2_png.rf.2goGI5xvDCGG2PJZ8Its.png,0.928048,0,1
yolo11m-seg_black_coco_seed46,YOLO M,conf=0.8,F2 8H 2_png.rf.dUFZVFJ0aVESmoGKjJ05.png,0.817335,0,1
yolo11m-seg_black_coco_seed46,YOLO M,conf=0.8,Snap-08_141_png.rf.xxwXm4vgaTgEnxfrDBvk.png,1.0,1,0
yolo11m-seg_black_coco_seed46,YOLO M,conf=0.8,Snap-09_200_png.rf.T1DuJr60ClWyEIrNPE9K.png,0.0,1,1
yolo11m-seg_black_coco_seed46,YOLO M,conf=0.8,Snap-09_21_png.rf.eX9WeCW8GgIO8pb44zNf.png,1.0,1,0
yolo11m-seg_black_coco_seed46,YOLO M,conf=0.8,Snap-09_66_png.rf.DXbLfCegxmVs4TDoenmh.png,0.769894,0,1
yolo11m-seg_black_coco_seed46,YOLO M,conf=0.8,Snap-10_146_png.rf.J1zTbpCRqsOW6DtsIPzv.png,1.0,1,0
yolo11m-seg_black_coco_seed46,YOLO M,conf=0.8,Snap-10_png.rf.yj7fOx6nAZtfK19C65wZ.png,0.75743,0,1
yolo11m-seg_black_coco_seed46,YOLO M,conf=0.8,Snap-15_15_png.rf.oEkUKHxOZ7qcBLxMlF5e.png,1.0,1,0
yolo11m-seg_black_coco_seed46,YOLO M,conf=0.8,Snap-15_60_png.rf.AUB9Da86Zc4f2GiWRpgF.png,0.763218,0,1
yolo11m-seg_black_coco_seed46,YOLO M,conf=0.8,Snap-18_122_png.rf.rEzRHI9DOsMmEv8NXGFz.png,0.896198,0,1
yolo11m-seg_black_coco_seed46,YOLO M,conf=0.8,Snap-18_182_png.rf.0olrnxTCWxDIVmtPK3HA.png,0.951106,0,1
yolo11m-seg_black_coco_seed46,YOLO M,conf=0.8,Snap-20_104_png.rf.lu9wLu7mqVxquLAseXNa.png,0.0,1,1
yolo11m-seg_black_coco_seed46,YOLO M,conf=0.8,Snap-21_56_png.rf.ycoY7vPUknblypXrORx3.png,0.0,1,1
yolo11m-seg_black_coco_seed46,YOLO M,conf=0.8,Snap-24_96_png.rf.s6DeTIAvmh6iZiaYgj4W.png,0.769295,0,1
yolo11m-seg_black_coco_seed46,YOLO M,conf=0.8,Snap-25_124_png.rf.qhyZRieBWx1vF8Vfj4ck.png,0.786436,0,1
yolo11m-seg_black_coco_seed46,YOLO M,conf=0.8,Snap-25_184_png.rf.fnCmHOHxb5uRZMEeY7RB.png,0.794486,0,1
yolo11m-seg_black_coco_seed46,YOLO M,conf=0.8,Snap-25_50_png.rf.CHeux2nrD5owQB0rBnrP.png,1.0,1,0
yolo11m-seg_black_coco_seed46,YOLO M,conf=0.8,Snap-25_png.rf.NZSC2ldRJFXa4414jttF.png,0.761692,0,1
yolo11m-seg_black_coco_seed46,YOLO M,conf=0.8,Snap-26_283_png.rf.YFDkIZNg1W2rRyv6xoZQ.png,0.0,1,1
yolo11m-seg_black_coco_seed46,YOLO M,conf=0.8,Snap-31_281_png.rf.HrwVzS03qTHBX5RB7awf.png,0.0,1,1
yolo11m-seg_black_coco_seed46,YOLO M,conf=0.8,Snap-36_271_png.rf.sfFr7wfzXmMz4JWE34hv.png,0.925748,0,1
yolo11m-seg_black_coco_seed46,YOLO M,conf=0.8,Snap-37_175_png.rf.FF9MN09bmlSbN40cxQRu.png,0.0,1,1
yolo11m-seg_black_coco_seed46,YOLO M,conf=0.8,Snap-37_235_png.rf.fp1LasdFT1TZbfgrTie6.png,0.910467,0,1
yolo11m-seg_black_coco_seed46,YOLO M,conf=0.8,Snap-39_77_png.rf.FBpms3tKgC2fVOg0pxu7.png,0.715064,0,1
yolo11m-seg_black_coco_seed46,YOLO M,conf=0.8,Snap-39_png.rf.B5ZdhBp8JGAo6JQji9gU.png,0.750393,0,1
yolo11m-seg_black_coco_seed46,YOLO M,conf=0.8,Snap-41_270_png.rf.46zb8PtP1Yuu9Wit1FpP.png,0.952279,0,1
yolo11m-seg_black_coco_seed46,YOLO M,conf=0.8,Snap-42_165_png.rf.3eAR7nfV8aWUfPbBc82Q.png,0.555711,0,1
yolo11m-seg_black_coco_seed46,YOLO M,conf=0.8,Snap-42_225_png.rf.mQxoBxfdEUUtVkhWybfs.png,0.937196,0,1
yolo11m-seg_black_coco_seed46,YOLO M,conf=0.8,Snap-42_76_png.rf.erwRb4d1blf6lhZ6UFWy.png,0.890421,0,1
yolo11m-seg_black_coco_seed46,YOLO M,conf=0.8,Snap-42_png.rf.vXnbjKiFLjrY6iWZoR1j.png,0.976511,0,1
yolo11m-seg_black_coco_seed46,YOLO M,conf=0.8,Snap-47_159_png.rf.iWHwHxKcpvJIH7RHtxRu.png,0.961546,0,1
yolo11m-seg_black_coco_seed46,YOLO M,conf=0.8,Snap-47_219_png.rf.tXiQQL4hg3VyVt8yhPHg.png,0.970213,0,1
yolo11m-seg_black_coco_seed46,YOLO M,conf=0.8,Snap-52_153_png.rf.jWozliFwqBh7FtxPjDhr.png,0.922155,0,1
yolo11m-seg_black_coco_seed46,YOLO M,conf=0.8,Snap-52_213_png.rf.YrkkVK1Bonf3TxwPZWyE.png,0.97057,0,1
yolo11m-seg_black_coco_seed46,YOLO M,conf=0.8,Snap-54_106_png.rf.VOFbghvZhHsPNSqUFFkZ.png,0.748302,0,1
yolo11m-seg_black_coco_seed46,YOLO M,conf=0.8,Snap-54_1_png.rf.LYlBIIJ3KoqRfd7QemOX.png,0.535494,0,1
yolo11m-seg_black_coco_seed46,YOLO M,conf=0.8,Snap-54_png.rf.HGYLhnxL2tQsTiXRBg9n.png,0.753982,0,1
yolo11m-seg_black_coco_seed46,YOLO M,conf=0.8,Snap-60_12_png.rf.AiY33Mo4Daj2M4cZgUnh.png,0.849756,0,1
yolo11m-seg_black_coco_seed46,YOLO M,conf=0.8,Snap-60_png.rf.RpcRTxyR97nXnbvR3urB.png,0.814164,0,1
yolo11m-seg_black_coco_seed46,YOLO M,conf=0.8,ct2_3_png.rf.05gH6Q4BVtzjbT8GvpXk.png,0.990208,0,1
yolo11m-seg_black_coco_seed46,YOLO M,conf=0.8,ct2_5_png.rf.V6uuFIT0hRf8VvfkI0ft.png,0.796007,0,1
yolo11m-seg_black_coco_seed46,YOLO M,conf=0.8,ptx1_2_png.rf.mOSxinMIUOQxQUjpAhxb.png,0.983314,0,1
yolo11m-seg_black_coco_seed46,YOLO M,conf=0.8,ptx2_4_png.rf.YEH27Bh4es5Hup4qomsA.png,0.772325,0,1
unet_black_seed42,U-Net,sigmoid=0.5,A1 0HR 1_png.rf.F8WfJZAyU8hXcsKytbcA.png,0.981948,0,1
unet_black_seed42,U-Net,sigmoid=0.5,A1 0HR 1_png.rf.bBmfdS8DK3Ixtw1fZ9P3.png,0.979861,0,1
unet_black_seed42,U-Net,sigmoid=0.5,A1 0HR 2_png.rf.hVdiwx06lI7rOZ5rr9vC.png,0.974349,0,1
unet_black_seed42,U-Net,sigmoid=0.5,A1 0HR 2_png.rf.wFANdrijgcCbWaNPdyi0.png,0.974845,0,1
unet_black_seed42,U-Net,sigmoid=0.5,A1 12HR 1_png.rf.8FGxD5kQMiDucxJswxPl.png,0.907292,0,1
unet_black_seed42,U-Net,sigmoid=0.5,A1 12HR 1_png.rf.XDKS23ySU3ItzW5Kv957.png,0.861208,0,1
unet_black_seed42,U-Net,sigmoid=0.5,A1 12HR 2_png.rf.6p7F3HADokVM7aGI7thQ.png,0.897241,0,1
unet_black_seed42,U-Net,sigmoid=0.5,A1 12HR 2_png.rf.OoCbkijic6aCx52coryw.png,0.897456,0,1
unet_black_seed42,U-Net,sigmoid=0.5,A1 12hr 1_png.rf.hPnekH9tRkKoF84Y4HTD.png,0.966274,0,1
unet_black_seed42,U-Net,sigmoid=0.5,A1 12hr 2_png.rf.Zc7e1rWOmWcCj4dykv3Z.png,0.936096,0,1
unet_black_seed42,U-Net,sigmoid=0.5,A1 24HR 1_png.rf.1ApDRLrpQqSCaPcShIOu.png,1.0,1,0
unet_black_seed42,U-Net,sigmoid=0.5,A1 24HR 1_png.rf.psHGzfQFFYu0q9OMf12P.png,0.0,0,0
unet_black_seed42,U-Net,sigmoid=0.5,A1 24HR 2_png.rf.8ZCo4suYfwAmYJVAdrgi.png,0.0,0,0
unet_black_seed42,U-Net,sigmoid=0.5,A1 24HR 2_png.rf.QvfIHR0lQkYJbWTuhsBX.png,0.812744,0,1
unet_black_seed42,U-Net,sigmoid=0.5,A1 24h 1_png.rf.TlQXP6CHdUFWS07zQImN.png,0.0,0,0
unet_black_seed42,U-Net,sigmoid=0.5,A1 24h 2_png.rf.o9mYSgMZsKvkMpLuHnpZ.png,0.0,0,0
unet_black_seed42,U-Net,sigmoid=0.5,A1 24hr 1_png.rf.LkrEN1mHJhJhYU2lmydg.png,0.865358,0,1
unet_black_seed42,U-Net,sigmoid=0.5,A1 8HR 1_png.rf.7N4eAqgpqfPKb1eNWowl.png,0.909602,0,1
unet_black_seed42,U-Net,sigmoid=0.5,A1 8HR 1_png.rf.VABkXkmpYjE9yLo5gSBX.png,0.917784,0,1
unet_black_seed42,U-Net,sigmoid=0.5,A1 8HR 2_png.rf.bvjlWbubzYS3fVyOKsCU.png,0.93072,0,1
unet_black_seed42,U-Net,sigmoid=0.5,A1 8HR 2_png.rf.emd32984S6mQhEIM0RXU.png,0.955448,0,1
unet_black_seed42,U-Net,sigmoid=0.5,A2 0H 2_png.rf.wLkBHcGvevKm0A73Vxcz.png,0.967342,0,1
unet_black_seed42,U-Net,sigmoid=0.5,A2 12H 1_png.rf.xnmVBn7WXmT4yiy3UMlx.png,0.763357,0,1
unet_black_seed42,U-Net,sigmoid=0.5,A2 12H 2_png.rf.N7tpAQyq0PEGrhaTGLJT.png,0.95919,0,1
unet_black_seed42,U-Net,sigmoid=0.5,A2 24H 1_png.rf.EFavmtKTLhhnJThESvF0.png,0.788938,0,1
unet_black_seed42,U-Net,sigmoid=0.5,A2 24H 2_png.rf.E5xmaghZdqaoko8wlaZh.png,0.938103,0,1
unet_black_seed42,U-Net,sigmoid=0.5,A2 8H 1_png.rf.xvZ2Owwq7kfNeQBUdLj1.png,0.292145,0,1
unet_black_seed42,U-Net,sigmoid=0.5,A2 8H 2_png.rf.7oLJskKDBKhwtDpwzZqy.png,0.831479,0,1
unet_black_seed42,U-Net,sigmoid=0.5,A3 0H 1_png.rf.4oL1M95z5XQoppHkibCl.png,0.363381,0,1
unet_black_seed42,U-Net,sigmoid=0.5,A3 0H 2_png.rf.QDCtQGDH1pznmeHT0BNJ.png,0.920009,0,1
unet_black_seed42,U-Net,sigmoid=0.5,A3 12H 1_png.rf.TU0BGVsD3XJqPwGYBsiu.png,0.896799,0,1
unet_black_seed42,U-Net,sigmoid=0.5,A3 12H 2_png.rf.r5xe4JQ4Ecgyw1raWv4H.png,0.716938,0,1
unet_black_seed42,U-Net,sigmoid=0.5,A3 24H 1_png.rf.tfdHOCRouEH53EDqy7G0.png,1.0,1,0
unet_black_seed42,U-Net,sigmoid=0.5,A3 24H 2_png.rf.TOtRUqMkxCrasCpSjZKO.png,1.0,1,0
unet_black_seed42,U-Net,sigmoid=0.5,A3 8H 1_png.rf.d60KhXvDmSmp3Oia8S8T.png,0.816604,0,1
unet_black_seed42,U-Net,sigmoid=0.5,A3 8H 2_png.rf.B5nEx5FtZ9JTiEjZrHJb.png,0.881272,0,1
unet_black_seed42,U-Net,sigmoid=0.5,A5 0HR 1_png.rf.ckTpizxWhCzqrJmwetqV.png,0.976282,0,1
unet_black_seed42,U-Net,sigmoid=0.5,A5 0HR 2_png.rf.C9gm2A2fkupz9aW1u7b9.png,0.98333,0,1
unet_black_seed42,U-Net,sigmoid=0.5,A5 12HR 1_png.rf.1xA3zwCvRWDQRrGvHIhA.png,0.926529,0,1
unet_black_seed42,U-Net,sigmoid=0.5,A5 12HR 1_png.rf.IESDSkszuJatVJfvQ7PW.png,0.79908,0,1
unet_black_seed42,U-Net,sigmoid=0.5,A5 12HR 2_png.rf.mzYpTwvbQHLWffHAkMOe.png,0.902279,0,1
unet_black_seed42,U-Net,sigmoid=0.5,A5 12HR 2_png.rf.rAr8U7x7uLNYSny2Orvg.png,0.863998,0,1
unet_black_seed42,U-Net,sigmoid=0.5,A5 24HR 1_png.rf.CpfIcPI5krfxTtJFGjKH.png,1.0,1,0
unet_black_seed42,U-Net,sigmoid=0.5,A5 24HR 1_png.rf.QWraD9H7IOqSfp8mznDQ.png,0.823179,0,1
unet_black_seed42,U-Net,sigmoid=0.5,A5 24HR 2_png.rf.JBrJ8KO8uH9Jn3iTJvZf.png,1.0,1,0
unet_black_seed42,U-Net,sigmoid=0.5,A5 24HR 2_png.rf.xE7wqG2pbN9OFXjVvNjl.png,0.851043,0,1
unet_black_seed42,U-Net,sigmoid=0.5,A5 8HR 1_png.rf.jEYUYpVLybixXNUndrI9.png,0.947272,0,1
unet_black_seed42,U-Net,sigmoid=0.5,A5 8HR 1_png.rf.qbCCkoclBZRwrN2mNDA9.png,0.870362,0,1
unet_black_seed42,U-Net,sigmoid=0.5,A5 8HR 2_png.rf.7U0SE5K1r1eXtmiCBL1Q.png,0.868563,0,1
unet_black_seed42,U-Net,sigmoid=0.5,A6 0H 1_png.rf.rKpcg4iYJ50H0XfmG98n.png,0.76312,0,1
unet_black_seed42,U-Net,sigmoid=0.5,A6 0H 2_png.rf.xTjPOuBdGBBEAQh6qzcS.png,0.89102,0,1
unet_black_seed42,U-Net,sigmoid=0.5,A6 12H 1_png.rf.ttiuv3CjzGc6GvMTytlM.png,0.81453,0,1
unet_black_seed42,U-Net,sigmoid=0.5,A6 12H 2_png.rf.bsoBQRnwC6AtJ5KRBKDv.png,0.947505,0,1
unet_black_seed42,U-Net,sigmoid=0.5,A6 24H 1_png.rf.nNdt9zlpThgANxpw0Afd.png,0.833018,0,1
unet_black_seed42,U-Net,sigmoid=0.5,A6 24H 2_png.rf.fnzQMmHMSJJ6YxflXcKp.png,0.845271,0,1
unet_black_seed42,U-Net,sigmoid=0.5,A6 8H 1_png.rf.0Ed4k50VKrxz80UdTuUb.png,0.811768,0,1
unet_black_seed42,U-Net,sigmoid=0.5,A6 8H 2_png.rf.8H5VYogwRaw3bc7Ufnp7.png,0.182936,0,1
unet_black_seed42,U-Net,sigmoid=0.5,B1 0H 1_png.rf.j3ckb2OmuPoN1D2ZNrsL.png,0.700937,0,1
unet_black_seed42,U-Net,sigmoid=0.5,B1 0H 2_png.rf.M9qDqnfqVRQAN3kixv3Y.png,0.96189,0,1
unet_black_seed42,U-Net,sigmoid=0.5,B1 0HR 1_png.rf.eIMkkfHeHfLEZ04ezC1L.png,0.960044,0,1
unet_black_seed42,U-Net,sigmoid=0.5,B1 0HR 2_png.rf.GJOlprTE8cvwD4CrUmlP.png,0.967862,0,1
unet_black_seed42,U-Net,sigmoid=0.5,B1 0hr 1_png.rf.HQmAp3GBzLOJSBnrI49n.png,0.978625,0,1
unet_black_seed42,U-Net,sigmoid=0.5,B1 0hr 1_png.rf.IpACHL1Orw6aFOfMt2L4.png,0.94971,0,1
unet_black_seed42,U-Net,sigmoid=0.5,B1 0hr 1_png.rf.MsTYgRqpBawgbfwCxIBh.png,0.890402,0,1
unet_black_seed42,U-Net,sigmoid=0.5,B1 0hr 2_png.rf.XjumgmgMNkQhrRGLEgFA.png,0.951364,0,1
unet_black_seed42,U-Net,sigmoid=0.5,B1 0hr_1_png.rf.DUGXTEiLp7a24s7ag9dO.png,0.402072,0,1
unet_black_seed42,U-Net,sigmoid=0.5,B1 0hr_2_png.rf.wWUkB0l85vJDlD6q526J.png,0.484764,0,1
unet_black_seed42,U-Net,sigmoid=0.5,B1 12H 1_png.rf.VB9B0BXSFCbQoytWKIkL.png,0.810449,0,1
unet_black_seed42,U-Net,sigmoid=0.5,B1 12H 2_png.rf.cFU7xmBfmqqkIIa5q7nh.png,0.822613,0,1
unet_black_seed42,U-Net,sigmoid=0.5,B1 12HR 1_png.rf.iGQ0raXb1cPFjLpTE8Qs.png,0.93774,0,1
unet_black_seed42,U-Net,sigmoid=0.5,B1 12hr 1_png.rf.Basp8dmX2exqZZBqydBx.png,0.955236,0,1
unet_black_seed42,U-Net,sigmoid=0.5,B1 12hr 1_png.rf.MkOpH7SVtG5q4EYuFmK2.png,0.922146,0,1
unet_black_seed42,U-Net,sigmoid=0.5,B1 12hr 1_png.rf.sRUPpw6VBKsEL7UWcuqg.png,0.954643,0,1
unet_black_seed42,U-Net,sigmoid=0.5,B1 12hr_1_png.rf.dB4OztvLmzVa4BGq5jCN.png,0.852594,0,1
unet_black_seed42,U-Net,sigmoid=0.5,B1 24H 1_png.rf.GJ99b6zJDkCcdldeprAL.png,0.887717,0,1
unet_black_seed42,U-Net,sigmoid=0.5,B1 24H 2_png.rf.WAXPIALQ8VqzYoMup3J4.png,0.67919,0,1
unet_black_seed42,U-Net,sigmoid=0.5,B1 24HR 1_png.rf.ZOXgAwm7pCyA0PxFBFkk.png,0.852536,0,1
unet_black_seed42,U-Net,sigmoid=0.5,B1 24HR 2_png.rf.Ls9u8THJDkrAcAUiOT0Q.png,0.860605,0,1
unet_black_seed42,U-Net,sigmoid=0.5,B1 24hr 1_png.rf.wZriPsVdQe9B1XYh0ypQ.png,0.834284,0,1
unet_black_seed42,U-Net,sigmoid=0.5,B1 24hr 2_png.rf.kOhjizJROLOCgNfM1IF5.png,0.879726,0,1
unet_black_seed42,U-Net,sigmoid=0.5,B1 8H 1_png.rf.fqDTrXJGtwGnRUswH16c.png,0.958461,0,1
unet_black_seed42,U-Net,sigmoid=0.5,B1 8H 2_png.rf.gA6SnVr547LgfEenVrRi.png,0.911263,0,1
unet_black_seed42,U-Net,sigmoid=0.5,B1 8HR 1_png.rf.AMXvM5M5gyDuLKC5DTa9.png,0.94811,0,1
unet_black_seed42,U-Net,sigmoid=0.5,B1 8HR 2_png.rf.QKXzmdKQE41ccuWFgbwS.png,0.959605,0,1
unet_black_seed42,U-Net,sigmoid=0.5,B1 8hr 1_png.rf.pwZlWzk9sZA3CwldABe9.png,0.962809,0,1
unet_black_seed42,U-Net,sigmoid=0.5,B1 8hr 1_png.rf.xNkp4JfkmuylOQerzD1Q.png,0.967587,0,1
unet_black_seed42,U-Net,sigmoid=0.5,B1 8hr 2_png.rf.L73Y3X4Dx7HELGkPVNlg.png,0.960457,0,1
unet_black_seed42,U-Net,sigmoid=0.5,B4 0H 1_png.rf.UkNByK7H1jadGiO9HCAd.png,0.76752,0,1
unet_black_seed42,U-Net,sigmoid=0.5,B4 0H 2_png.rf.rXION3PvUG9p2y5KH5ZG.png,0.797927,0,1
unet_black_seed42,U-Net,sigmoid=0.5,B4 12H 1_png.rf.1ULnxID5MP426B41agfS.png,0.392623,0,1
unet_black_seed42,U-Net,sigmoid=0.5,B4 12H 2_png.rf.BUDIsAimJHwizKA26kde.png,0.883238,0,1
unet_black_seed42,U-Net,sigmoid=0.5,B4 24H 1_png.rf.b60wYuoI9jxCKCHE2l9q.png,0.883523,0,1
unet_black_seed42,U-Net,sigmoid=0.5,B4 24H 2_png.rf.Dy3NkPc0L9HXhRCtCbkW.png,1.0,1,0
unet_black_seed42,U-Net,sigmoid=0.5,B4 8H 1_png.rf.OVZZyofXQpVrU06rEdEV.png,0.898138,0,1
unet_black_seed42,U-Net,sigmoid=0.5,B4 8H 2_png.rf.ShxIhASvXw8lGbZkLgUb.png,0.770556,0,1
unet_black_seed42,U-Net,sigmoid=0.5,B5 0HR 1_png.rf.HyxAq2SZFEx1y342m6b9.png,0.960353,0,1
unet_black_seed42,U-Net,sigmoid=0.5,B5 0HR 1_png.rf.J6hP1h51BcAFg4KFN6lN.png,0.986373,0,1
unet_black_seed42,U-Net,sigmoid=0.5,B5 0HR 2_png.rf.MUU0CWJgRWrZIA9N0J2X.png,0.968764,0,1
unet_black_seed42,U-Net,sigmoid=0.5,B5 12HR 1_png.rf.XqoVkA4DK3JbERfwmQPP.png,0.906394,0,1
unet_black_seed42,U-Net,sigmoid=0.5,B5 12HR 2_png.rf.EZH0RYIN3t8Q75rFyebV.png,0.916202,0,1
unet_black_seed42,U-Net,sigmoid=0.5,B5 12HR 2_png.rf.mSR2WAZaiHT4hljqFuAE.png,0.851569,0,1
unet_black_seed42,U-Net,sigmoid=0.5,B5 24HR 1_png.rf.TJTLDoAzR6YqhVVqJjBV.png,0.0,0,0
unet_black_seed42,U-Net,sigmoid=0.5,B5 24HR _png.rf.g9PDGT1tjMWdiPw6OCJg.png,1.0,1,0
unet_black_seed42,U-Net,sigmoid=0.5,B5 8HR 1_png.rf.Ym4RLm5f7bEAlTD8XV4Q.png,0.933424,0,1
unet_black_seed42,U-Net,sigmoid=0.5,B5 8HR 2_png.rf.1bM2nfrE3C3SuMgkQzIF.png,0.938741,0,1
unet_black_seed42,U-Net,sigmoid=0.5,B5 8HR 2_png.rf.BzRPidTOrz4nL1zIlvSL.png,0.954418,0,1
unet_black_seed42,U-Net,sigmoid=0.5,B6 0HR 1_png.rf.G9IIgGta9Gbbj9yqetJW.png,0.93634,0,1
unet_black_seed42,U-Net,sigmoid=0.5,B6 0hr 1_png.rf.tP2kS9n37GFU0hMWW7mV.png,0.694209,0,1
unet_black_seed42,U-Net,sigmoid=0.5,B6 12HR 1_png.rf.gMy5B0cpXrZXzyMCZhuv.png,0.842549,0,1
unet_black_seed42,U-Net,sigmoid=0.5,B6 12HR 2_png.rf.BMDqWV1RTxKKoPMgnLal.png,0.918408,0,1
unet_black_seed42,U-Net,sigmoid=0.5,B6 12hr 1_png.rf.wMEDLQnrMWwVbcfKlQek.png,0.869347,0,1
unet_black_seed42,U-Net,sigmoid=0.5,B6 12hr 2_png.rf.y4b1NNhMuInMAANEGR5y.png,0.939697,0,1
unet_black_seed42,U-Net,sigmoid=0.5,B6 24h 1_png.rf.HqRokqEzDfBP5O3ZtezT.png,0.0,0,0
unet_black_seed42,U-Net,sigmoid=0.5,B6 24h 1_png.rf.Mqv4F4d5b4AUQiStkAzE.png,1.0,1,0
unet_black_seed42,U-Net,sigmoid=0.5,C5 0H 1_png.rf.OdwF3vyzWYOgZ8CvxU5t.png,0.9692,0,1
unet_black_seed42,U-Net,sigmoid=0.5,C5 0H 1_png.rf.qfmzlYXXLFM1UbctuHo5.png,0.980335,0,1
unet_black_seed42,U-Net,sigmoid=0.5,C5 0H 2_png.rf.UQiYCwrvqp79phsQH2z3.png,0.806854,0,1
unet_black_seed42,U-Net,sigmoid=0.5,C5 12H 1_png.rf.OLiywuVh8Y6xj17HnU6e.png,0.900982,0,1
unet_black_seed42,U-Net,sigmoid=0.5,C5 12H 1_png.rf.eqPnAQCG5aI0rvfthMNV.png,0.913568,0,1
unet_black_seed42,U-Net,sigmoid=0.5,C5 12H 2_png.rf.oLP5pb7BztRNGjNEDlAS.png,0.73262,0,1
unet_black_seed42,U-Net,sigmoid=0.5,C5 12H 2_png.rf.yGOWuMwCESVagvk7Q4HY.png,0.524853,0,1
unet_black_seed42,U-Net,sigmoid=0.5,C5 24H 1_png.rf.GRabFdMEvh7NdJQw7srC.png,0.0,0,0
unet_black_seed42,U-Net,sigmoid=0.5,C5 24H 2_png.rf.1BqtMMJEWOuzOCOM43Zl.png,0.0,0,0
unet_black_seed42,U-Net,sigmoid=0.5,C5 8H 1_png.rf.QRwHfTeZ3iXOWs30KZOS.png,0.930853,0,1
unet_black_seed42,U-Net,sigmoid=0.5,C5 8H 1_png.rf.m0k3TjlxKvLXDFhuBq52.png,0.906289,0,1
unet_black_seed42,U-Net,sigmoid=0.5,C5 8H 2_png.rf.Su3UAyP9dztNqZtfn0u1.png,0.866268,0,1
unet_black_seed42,U-Net,sigmoid=0.5,D1 0H 1_png.rf.fw3oXHFKRwGBIpMcBKY2.png,0.970527,0,1
unet_black_seed42,U-Net,sigmoid=0.5,D1 0H 2_png.rf.In3g26PLvIPVilZ9guvK.png,0.973325,0,1
unet_black_seed42,U-Net,sigmoid=0.5,D1 0HR 1_png.rf.X95BBgcop2LdYBHvWj7G.png,0.974748,0,1
unet_black_seed42,U-Net,sigmoid=0.5,D1 0HR 1_png.rf.pXGKiyw6dpCjGOogRcBS.png,0.975278,0,1
unet_black_seed42,U-Net,sigmoid=0.5,D1 0HR 2_png.rf.Ak8bfHD2sNvAS5ARU8WU.png,0.982367,0,1
unet_black_seed42,U-Net,sigmoid=0.5,D1 0HR 2_png.rf.pBkydjxMgVt0vB999uLo.png,0.973152,0,1
unet_black_seed42,U-Net,sigmoid=0.5,D1 12H 1_png.rf.mKsxEDejqQN6qCQxLyns.png,0.929656,0,1
unet_black_seed42,U-Net,sigmoid=0.5,D1 12H 2_png.rf.hM6Jhc6UJKSMWKFN6Pta.png,0.950054,0,1
unet_black_seed42,U-Net,sigmoid=0.5,D1 12HR 1_png.rf.Sa5pwYNBsukEYVE7qdCO.png,0.907479,0,1
unet_black_seed42,U-Net,sigmoid=0.5,D1 12HR 1_png.rf.mtvtObh31Z25eXwo4BTB.png,0.869911,0,1
unet_black_seed42,U-Net,sigmoid=0.5,D1 12HR 2_png.rf.E03XFlEmMbe4CLEeQ5L0.png,0.85255,0,1
unet_black_seed42,U-Net,sigmoid=0.5,D1 12HR 2_png.rf.c61b9Qj6PnDGEcivk5oi.png,0.914753,0,1
unet_black_seed42,U-Net,sigmoid=0.5,D1 24H 1_png.rf.9St1pSdNBqUmYewNNUks.png,0.574897,0,1
unet_black_seed42,U-Net,sigmoid=0.5,D1 24H 2_png.rf.JPXsJfPNRWwnAkf2OC68.png,0.87338,0,1
unet_black_seed42,U-Net,sigmoid=0.5,D1 24HR 1_png.rf.D7yfyoxo08GRgfqWxkKs.png,0.85379,0,1
unet_black_seed42,U-Net,sigmoid=0.5,D1 24HR 1_png.rf.EHcrx6DNEOw8vqgtCyC2.png,1.0,1,0
unet_black_seed42,U-Net,sigmoid=0.5,D1 24HR 2_png.rf.sKzjQXeeTmG65NxFRo5z.png,1.0,1,0
unet_black_seed42,U-Net,sigmoid=0.5,D1 24HR 2_png.rf.uoxKxnADebGlXimnPrEx.png,0.805086,0,1
unet_black_seed42,U-Net,sigmoid=0.5,D1 8H 1_png.rf.AmYzGCscmIMNbZlAIVL4.png,0.904503,0,1
unet_black_seed42,U-Net,sigmoid=0.5,D1 8H 2_png.rf.1Guur0r0WOYFqgYbD8Ix.png,0.766502,0,1
unet_black_seed42,U-Net,sigmoid=0.5,D1 8HR 1_png.rf.7pXlMXWWJkv2xLuAp89c.png,0.939453,0,1
unet_black_seed42,U-Net,sigmoid=0.5,D1 8HR 1_png.rf.Pm37sn4g0olAl9FUCP58.png,0.920219,0,1
unet_black_seed42,U-Net,sigmoid=0.5,D1 8HR 2_png.rf.We4y9DkVsrjwHtYEPH1S.png,0.915941,0,1
unet_black_seed42,U-Net,sigmoid=0.5,D1 8HR 2_png.rf.zXqaP0fHqHbabD0CzjuF.png,0.953738,0,1
unet_black_seed42,U-Net,sigmoid=0.5,D3 0H 1_png.rf.jWsUip53LaCF4OaEEFcb.png,0.981245,0,1
unet_black_seed42,U-Net,sigmoid=0.5,D3 0H 2_png.rf.lkEcbAGS1IAwabi3cMT3.png,0.918443,0,1
unet_black_seed42,U-Net,sigmoid=0.5,D3 12H 1_png.rf.vDKmMF3YJlFSbIbFZHci.png,0.961767,0,1
unet_black_seed42,U-Net,sigmoid=0.5,D3 12H 2_png.rf.bk65RyMB9bMlU59S1RY7.png,0.725634,0,1
unet_black_seed42,U-Net,sigmoid=0.5,D3 24H 1_png.rf.lgES3xZvT7KoszPGhV44.png,0.949824,0,1
unet_black_seed42,U-Net,sigmoid=0.5,D3 24H 2_png.rf.vu9MuWKRyoy3WKGkVrI5.png,0.887922,0,1
unet_black_seed42,U-Net,sigmoid=0.5,D3 8H 1_png.rf.6ah0Jg4O5oakLSomUxcX.png,0.974498,0,1
unet_black_seed42,U-Net,sigmoid=0.5,D3 8H 2_png.rf.RmIwn01JNbgfY0VcrlAP.png,0.950522,0,1
unet_black_seed42,U-Net,sigmoid=0.5,D4 0H 1_png.rf.FutNJ1bcHBCTMEvRlEBr.png,0.980705,0,1
unet_black_seed42,U-Net,sigmoid=0.5,D4 0H 1_png.rf.hIDWQ46StqSUcKyGmBYY.png,0.974751,0,1
unet_black_seed42,U-Net,sigmoid=0.5,D4 0H 2_png.rf.7RFXNZEElcEIxiB134la.png,0.646542,0,1
unet_black_seed42,U-Net,sigmoid=0.5,D4 0H 2_png.rf.eVEb58gAMbcellIRwKuX.png,0.434386,0,1
unet_black_seed42,U-Net,sigmoid=0.5,D4 0HR 1_png.rf.eLqJwBy4PkAeXHhqw8Ir.png,0.962576,0,1
unet_black_seed42,U-Net,sigmoid=0.5,D4 0HR 2_png.rf.EwNjDB9ss3gmM00iJqPT.png,0.963066,0,1
unet_black_seed42,U-Net,sigmoid=0.5,D4 12H 1_png.rf.9BeWOTfVwMn3ywdSyPmt.png,0.956875,0,1
unet_black_seed42,U-Net,sigmoid=0.5,D4 12H 1_png.rf.rmwAgsyRm1ZzZ55GuiPB.png,0.73049,0,1
unet_black_seed42,U-Net,sigmoid=0.5,D4 12H 2_png.rf.JoRndEJA1lep3hprLUOS.png,0.664321,0,1
unet_black_seed42,U-Net,sigmoid=0.5,D4 12H 2_png.rf.txyJ67o8LXpC3sVtUoTH.png,0.795396,0,1
unet_black_seed42,U-Net,sigmoid=0.5,D4 12HR 1_png.rf.coQP5Rm68FoQiPA5lE4l.png,0.0,0,0
unet_black_seed42,U-Net,sigmoid=0.5,D4 12HR 2_png.rf.3mHz6QXfVp3bYuBorSyN.png,0.855609,0,1
unet_black_seed42,U-Net,sigmoid=0.5,D4 24H 1_png.rf.4NmTRoRHXyugKUw10i8s.png,1.0,1,0
unet_black_seed42,U-Net,sigmoid=0.5,D4 24H 1_png.rf.l74W6BtAd1h2vbDdLYa7.png,0.91306,0,1
unet_black_seed42,U-Net,sigmoid=0.5,D4 24H 2_png.rf.RklTkqfkG2jxmrJIVlDw.png,1.0,1,0
unet_black_seed42,U-Net,sigmoid=0.5,D4 24HR 1_png.rf.ZeWox4g9WSQYjCRdF5Hj.png,1.0,1,0
unet_black_seed42,U-Net,sigmoid=0.5,D4 24HR 2_png.rf.aSdWjnYDFFICPSVHPh41.png,1.0,1,0
unet_black_seed42,U-Net,sigmoid=0.5,D4 8H 1_png.rf.a8mANb97avVu4hPsbo7a.png,0.551044,0,1
unet_black_seed42,U-Net,sigmoid=0.5,D4 8H 1_png.rf.xpR4xGrS7xqp2WqsHOdj.png,0.947873,0,1
unet_black_seed42,U-Net,sigmoid=0.5,D4 8H 2_png.rf.ixTzZNh35XGijmR7VOtL.png,0.473876,0,1
unet_black_seed42,U-Net,sigmoid=0.5,D4 8H 2_png.rf.mnoVDerLhE6PpOQcbUog.png,0.62784,0,1
unet_black_seed42,U-Net,sigmoid=0.5,D4 8HR 1_png.rf.VEshHRtiysfYv1YrXVR9.png,0.891992,0,1
unet_black_seed42,U-Net,sigmoid=0.5,D4 8HR 2_png.rf.1gESfR3nmJtUf5QdqE6H.png,0.895119,0,1
unet_black_seed42,U-Net,sigmoid=0.5,E1 0H 1_png.rf.O4klFnPAFBZQG7ZiiWoa.png,0.943707,0,1
unet_black_seed42,U-Net,sigmoid=0.5,E1 0H 2_png.rf.dwk6Z6HVga7ttj23PmV9.png,0.707158,0,1
unet_black_seed42,U-Net,sigmoid=0.5,E1 12H 1_png.rf.MXhOPdUnNbYD4WTRbftP.png,0.843875,0,1
unet_black_seed42,U-Net,sigmoid=0.5,E1 12H 2_png.rf.GKeGTBMimaglOZhGi5n6.png,0.648569,0,1
unet_black_seed42,U-Net,sigmoid=0.5,E1 24H 1_png.rf.JjdLiNmCus3kSa50aOeW.png,1.0,1,0
unet_black_seed42,U-Net,sigmoid=0.5,E1 8H 1_png.rf.8l6bvVJjLSjiFIlOhJkG.png,0.876198,0,1
unet_black_seed42,U-Net,sigmoid=0.5,E1 8H 2_png.rf.5qtx5quA0obTJbOUZCxP.png,0.83767,0,1
unet_black_seed42,U-Net,sigmoid=0.5,F2 0H 1_png.rf.zPl6vPkH5HpqtxJsWJxj.png,0.899406,0,1
unet_black_seed42,U-Net,sigmoid=0.5,F2 12H 1_png.rf.h05DU2gxBlXL6JdotHmg.png,0.882364,0,1
unet_black_seed42,U-Net,sigmoid=0.5,F2 12H 2_png.rf.2goGI5xvDCGG2PJZ8Its.png,0.816047,0,1
unet_black_seed42,U-Net,sigmoid=0.5,F2 8H 2_png.rf.dUFZVFJ0aVESmoGKjJ05.png,0.732842,0,1
unet_black_seed42,U-Net,sigmoid=0.5,Snap-08_141_png.rf.xxwXm4vgaTgEnxfrDBvk.png,1.0,1,0
unet_black_seed42,U-Net,sigmoid=0.5,Snap-09_200_png.rf.T1DuJr60ClWyEIrNPE9K.png,0.139661,0,1
unet_black_seed42,U-Net,sigmoid=0.5,Snap-09_21_png.rf.eX9WeCW8GgIO8pb44zNf.png,1.0,1,0
unet_black_seed42,U-Net,sigmoid=0.5,Snap-09_66_png.rf.DXbLfCegxmVs4TDoenmh.png,0.826772,0,1
unet_black_seed42,U-Net,sigmoid=0.5,Snap-10_146_png.rf.J1zTbpCRqsOW6DtsIPzv.png,1.0,1,0
unet_black_seed42,U-Net,sigmoid=0.5,Snap-10_png.rf.yj7fOx6nAZtfK19C65wZ.png,0.865976,0,1
unet_black_seed42,U-Net,sigmoid=0.5,Snap-15_15_png.rf.oEkUKHxOZ7qcBLxMlF5e.png,1.0,1,0
unet_black_seed42,U-Net,sigmoid=0.5,Snap-15_60_png.rf.AUB9Da86Zc4f2GiWRpgF.png,0.775985,0,1
unet_black_seed42,U-Net,sigmoid=0.5,Snap-18_122_png.rf.rEzRHI9DOsMmEv8NXGFz.png,0.865828,0,1
unet_black_seed42,U-Net,sigmoid=0.5,Snap-18_182_png.rf.0olrnxTCWxDIVmtPK3HA.png,0.945182,0,1
unet_black_seed42,U-Net,sigmoid=0.5,Snap-20_104_png.rf.lu9wLu7mqVxquLAseXNa.png,0.702792,0,1
unet_black_seed42,U-Net,sigmoid=0.5,Snap-21_56_png.rf.ycoY7vPUknblypXrORx3.png,0.703369,0,1
unet_black_seed42,U-Net,sigmoid=0.5,Snap-24_96_png.rf.s6DeTIAvmh6iZiaYgj4W.png,0.841904,0,1
unet_black_seed42,U-Net,sigmoid=0.5,Snap-25_124_png.rf.qhyZRieBWx1vF8Vfj4ck.png,0.946564,0,1
unet_black_seed42,U-Net,sigmoid=0.5,Snap-25_184_png.rf.fnCmHOHxb5uRZMEeY7RB.png,0.909094,0,1
unet_black_seed42,U-Net,sigmoid=0.5,Snap-25_50_png.rf.CHeux2nrD5owQB0rBnrP.png,1.0,1,0
unet_black_seed42,U-Net,sigmoid=0.5,Snap-25_png.rf.NZSC2ldRJFXa4414jttF.png,0.788569,0,1
unet_black_seed42,U-Net,sigmoid=0.5,Snap-26_283_png.rf.YFDkIZNg1W2rRyv6xoZQ.png,0.795692,0,1
unet_black_seed42,U-Net,sigmoid=0.5,Snap-31_281_png.rf.HrwVzS03qTHBX5RB7awf.png,0.777663,0,1
unet_black_seed42,U-Net,sigmoid=0.5,Snap-36_271_png.rf.sfFr7wfzXmMz4JWE34hv.png,0.929222,0,1
unet_black_seed42,U-Net,sigmoid=0.5,Snap-37_175_png.rf.FF9MN09bmlSbN40cxQRu.png,0.801554,0,1
unet_black_seed42,U-Net,sigmoid=0.5,Snap-37_235_png.rf.fp1LasdFT1TZbfgrTie6.png,0.912874,0,1
unet_black_seed42,U-Net,sigmoid=0.5,Snap-39_77_png.rf.FBpms3tKgC2fVOg0pxu7.png,0.834469,0,1
unet_black_seed42,U-Net,sigmoid=0.5,Snap-39_png.rf.B5ZdhBp8JGAo6JQji9gU.png,0.696084,0,1
unet_black_seed42,U-Net,sigmoid=0.5,Snap-41_270_png.rf.46zb8PtP1Yuu9Wit1FpP.png,0.944241,0,1
unet_black_seed42,U-Net,sigmoid=0.5,Snap-42_165_png.rf.3eAR7nfV8aWUfPbBc82Q.png,0.664275,0,1
unet_black_seed42,U-Net,sigmoid=0.5,Snap-42_225_png.rf.mQxoBxfdEUUtVkhWybfs.png,0.942113,0,1
unet_black_seed42,U-Net,sigmoid=0.5,Snap-42_76_png.rf.erwRb4d1blf6lhZ6UFWy.png,0.898766,0,1
unet_black_seed42,U-Net,sigmoid=0.5,Snap-42_png.rf.vXnbjKiFLjrY6iWZoR1j.png,0.980454,0,1
unet_black_seed42,U-Net,sigmoid=0.5,Snap-47_159_png.rf.iWHwHxKcpvJIH7RHtxRu.png,0.946368,0,1
unet_black_seed42,U-Net,sigmoid=0.5,Snap-47_219_png.rf.tXiQQL4hg3VyVt8yhPHg.png,0.963869,0,1
unet_black_seed42,U-Net,sigmoid=0.5,Snap-52_153_png.rf.jWozliFwqBh7FtxPjDhr.png,0.846865,0,1
unet_black_seed42,U-Net,sigmoid=0.5,Snap-52_213_png.rf.YrkkVK1Bonf3TxwPZWyE.png,0.971388,0,1
unet_black_seed42,U-Net,sigmoid=0.5,Snap-54_106_png.rf.VOFbghvZhHsPNSqUFFkZ.png,0.877629,0,1
unet_black_seed42,U-Net,sigmoid=0.5,Snap-54_1_png.rf.LYlBIIJ3KoqRfd7QemOX.png,0.715376,0,1
unet_black_seed42,U-Net,sigmoid=0.5,Snap-54_png.rf.HGYLhnxL2tQsTiXRBg9n.png,0.892993,0,1
unet_black_seed42,U-Net,sigmoid=0.5,Snap-60_12_png.rf.AiY33Mo4Daj2M4cZgUnh.png,0.870279,0,1
unet_black_seed42,U-Net,sigmoid=0.5,Snap-60_png.rf.RpcRTxyR97nXnbvR3urB.png,0.902902,0,1
unet_black_seed42,U-Net,sigmoid=0.5,ct2_3_png.rf.05gH6Q4BVtzjbT8GvpXk.png,0.957594,0,1
unet_black_seed42,U-Net,sigmoid=0.5,ct2_5_png.rf.V6uuFIT0hRf8VvfkI0ft.png,0.987515,0,1
unet_black_seed42,U-Net,sigmoid=0.5,ptx1_2_png.rf.mOSxinMIUOQxQUjpAhxb.png,0.932973,0,1
unet_black_seed42,U-Net,sigmoid=0.5,ptx2_4_png.rf.YEH27Bh4es5Hup4qomsA.png,0.990236,0,1
unet_black_seed42,U-Net,sigmoid=0.999,A1 0HR 1_png.rf.F8WfJZAyU8hXcsKytbcA.png,0.730018,0,1
unet_black_seed42,U-Net,sigmoid=0.999,A1 0HR 1_png.rf.bBmfdS8DK3Ixtw1fZ9P3.png,0.769947,0,1
unet_black_seed42,U-Net,sigmoid=0.999,A1 0HR 2_png.rf.hVdiwx06lI7rOZ5rr9vC.png,0.494977,0,1
unet_black_seed42,U-Net,sigmoid=0.999,A1 0HR 2_png.rf.wFANdrijgcCbWaNPdyi0.png,0.561904,0,1
unet_black_seed42,U-Net,sigmoid=0.999,A1 12HR 1_png.rf.8FGxD5kQMiDucxJswxPl.png,0.379865,0,1
unet_black_seed42,U-Net,sigmoid=0.999,A1 12HR 1_png.rf.XDKS23ySU3ItzW5Kv957.png,0.501796,0,1
unet_black_seed42,U-Net,sigmoid=0.999,A1 12HR 2_png.rf.6p7F3HADokVM7aGI7thQ.png,0.455782,0,1
unet_black_seed42,U-Net,sigmoid=0.999,A1 12HR 2_png.rf.OoCbkijic6aCx52coryw.png,0.522242,0,1
unet_black_seed42,U-Net,sigmoid=0.999,A1 12hr 1_png.rf.hPnekH9tRkKoF84Y4HTD.png,0.612779,0,1
unet_black_seed42,U-Net,sigmoid=0.999,A1 12hr 2_png.rf.Zc7e1rWOmWcCj4dykv3Z.png,0.61042,0,1
unet_black_seed42,U-Net,sigmoid=0.999,A1 24HR 1_png.rf.1ApDRLrpQqSCaPcShIOu.png,1.0,1,0
unet_black_seed42,U-Net,sigmoid=0.999,A1 24HR 1_png.rf.psHGzfQFFYu0q9OMf12P.png,1.0,1,0
unet_black_seed42,U-Net,sigmoid=0.999,A1 24HR 2_png.rf.8ZCo4suYfwAmYJVAdrgi.png,1.0,1,0
unet_black_seed42,U-Net,sigmoid=0.999,A1 24HR 2_png.rf.QvfIHR0lQkYJbWTuhsBX.png,0.116483,0,1
unet_black_seed42,U-Net,sigmoid=0.999,A1 24h 1_png.rf.TlQXP6CHdUFWS07zQImN.png,1.0,1,0
unet_black_seed42,U-Net,sigmoid=0.999,A1 24h 2_png.rf.o9mYSgMZsKvkMpLuHnpZ.png,1.0,1,0
unet_black_seed42,U-Net,sigmoid=0.999,A1 24hr 1_png.rf.LkrEN1mHJhJhYU2lmydg.png,0.620393,0,1
unet_black_seed42,U-Net,sigmoid=0.999,A1 8HR 1_png.rf.7N4eAqgpqfPKb1eNWowl.png,0.662079,0,1
unet_black_seed42,U-Net,sigmoid=0.999,A1 8HR 1_png.rf.VABkXkmpYjE9yLo5gSBX.png,0.672565,0,1
unet_black_seed42,U-Net,sigmoid=0.999,A1 8HR 2_png.rf.bvjlWbubzYS3fVyOKsCU.png,0.588645,0,1
unet_black_seed42,U-Net,sigmoid=0.999,A1 8HR 2_png.rf.emd32984S6mQhEIM0RXU.png,0.600327,0,1
unet_black_seed42,U-Net,sigmoid=0.999,A2 0H 2_png.rf.wLkBHcGvevKm0A73Vxcz.png,0.081757,0,1
unet_black_seed42,U-Net,sigmoid=0.999,A2 12H 1_png.rf.xnmVBn7WXmT4yiy3UMlx.png,0.166859,0,1
unet_black_seed42,U-Net,sigmoid=0.999,A2 12H 2_png.rf.N7tpAQyq0PEGrhaTGLJT.png,0.270258,0,1
unet_black_seed42,U-Net,sigmoid=0.999,A2 24H 1_png.rf.EFavmtKTLhhnJThESvF0.png,0.506321,0,1
unet_black_seed42,U-Net,sigmoid=0.999,A2 24H 2_png.rf.E5xmaghZdqaoko8wlaZh.png,0.375208,0,1
unet_black_seed42,U-Net,sigmoid=0.999,A2 8H 1_png.rf.xvZ2Owwq7kfNeQBUdLj1.png,0.0,1,1
unet_black_seed42,U-Net,sigmoid=0.999,A2 8H 2_png.rf.7oLJskKDBKhwtDpwzZqy.png,0.032421,0,1
unet_black_seed42,U-Net,sigmoid=0.999,A3 0H 1_png.rf.4oL1M95z5XQoppHkibCl.png,0.0,1,1
unet_black_seed42,U-Net,sigmoid=0.999,A3 0H 2_png.rf.QDCtQGDH1pznmeHT0BNJ.png,0.0,1,1
unet_black_seed42,U-Net,sigmoid=0.999,A3 12H 1_png.rf.TU0BGVsD3XJqPwGYBsiu.png,0.021487,0,1
unet_black_seed42,U-Net,sigmoid=0.999,A3 12H 2_png.rf.r5xe4JQ4Ecgyw1raWv4H.png,0.424448,0,1
unet_black_seed42,U-Net,sigmoid=0.999,A3 24H 1_png.rf.tfdHOCRouEH53EDqy7G0.png,1.0,1,0
unet_black_seed42,U-Net,sigmoid=0.999,A3 24H 2_png.rf.TOtRUqMkxCrasCpSjZKO.png,1.0,1,0
unet_black_seed42,U-Net,sigmoid=0.999,A3 8H 1_png.rf.d60KhXvDmSmp3Oia8S8T.png,0.320771,0,1
unet_black_seed42,U-Net,sigmoid=0.999,A3 8H 2_png.rf.B5nEx5FtZ9JTiEjZrHJb.png,0.066859,0,1
unet_black_seed42,U-Net,sigmoid=0.999,A5 0HR 1_png.rf.ckTpizxWhCzqrJmwetqV.png,0.673755,0,1
unet_black_seed42,U-Net,sigmoid=0.999,A5 0HR 2_png.rf.C9gm2A2fkupz9aW1u7b9.png,0.679858,0,1
unet_black_seed42,U-Net,sigmoid=0.999,A5 12HR 1_png.rf.1xA3zwCvRWDQRrGvHIhA.png,0.464648,0,1
unet_black_seed42,U-Net,sigmoid=0.999,A5 12HR 1_png.rf.IESDSkszuJatVJfvQ7PW.png,0.442897,0,1
unet_black_seed42,U-Net,sigmoid=0.999,A5 12HR 2_png.rf.mzYpTwvbQHLWffHAkMOe.png,0.543082,0,1
unet_black_seed42,U-Net,sigmoid=0.999,A5 12HR 2_png.rf.rAr8U7x7uLNYSny2Orvg.png,0.389203,0,1
unet_black_seed42,U-Net,sigmoid=0.999,A5 24HR 1_png.rf.CpfIcPI5krfxTtJFGjKH.png,1.0,1,0
unet_black_seed42,U-Net,sigmoid=0.999,A5 24HR 1_png.rf.QWraD9H7IOqSfp8mznDQ.png,0.0,1,1
unet_black_seed42,U-Net,sigmoid=0.999,A5 24HR 2_png.rf.JBrJ8KO8uH9Jn3iTJvZf.png,1.0,1,0
unet_black_seed42,U-Net,sigmoid=0.999,A5 24HR 2_png.rf.xE7wqG2pbN9OFXjVvNjl.png,0.332591,0,1
unet_black_seed42,U-Net,sigmoid=0.999,A5 8HR 1_png.rf.jEYUYpVLybixXNUndrI9.png,0.64302,0,1
unet_black_seed42,U-Net,sigmoid=0.999,A5 8HR 1_png.rf.qbCCkoclBZRwrN2mNDA9.png,0.52705,0,1
unet_black_seed42,U-Net,sigmoid=0.999,A5 8HR 2_png.rf.7U0SE5K1r1eXtmiCBL1Q.png,0.696962,0,1
unet_black_seed42,U-Net,sigmoid=0.999,A6 0H 1_png.rf.rKpcg4iYJ50H0XfmG98n.png,0.0,1,1
unet_black_seed42,U-Net,sigmoid=0.999,A6 0H 2_png.rf.xTjPOuBdGBBEAQh6qzcS.png,0.001846,0,1
unet_black_seed42,U-Net,sigmoid=0.999,A6 12H 1_png.rf.ttiuv3CjzGc6GvMTytlM.png,0.087339,0,1
unet_black_seed42,U-Net,sigmoid=0.999,A6 12H 2_png.rf.bsoBQRnwC6AtJ5KRBKDv.png,0.182043,0,1
unet_black_seed42,U-Net,sigmoid=0.999,A6 24H 1_png.rf.nNdt9zlpThgANxpw0Afd.png,0.182092,0,1
unet_black_seed42,U-Net,sigmoid=0.999,A6 24H 2_png.rf.fnzQMmHMSJJ6YxflXcKp.png,0.224475,0,1
unet_black_seed42,U-Net,sigmoid=0.999,A6 8H 1_png.rf.0Ed4k50VKrxz80UdTuUb.png,0.028713,0,1
unet_black_seed42,U-Net,sigmoid=0.999,A6 8H 2_png.rf.8H5VYogwRaw3bc7Ufnp7.png,0.0,1,1
unet_black_seed42,U-Net,sigmoid=0.999,B1 0H 1_png.rf.j3ckb2OmuPoN1D2ZNrsL.png,0.0,1,1
unet_black_seed42,U-Net,sigmoid=0.999,B1 0H 2_png.rf.M9qDqnfqVRQAN3kixv3Y.png,0.045322,0,1
unet_black_seed42,U-Net,sigmoid=0.999,B1 0HR 1_png.rf.eIMkkfHeHfLEZ04ezC1L.png,0.477986,0,1
unet_black_seed42,U-Net,sigmoid=0.999,B1 0HR 2_png.rf.GJOlprTE8cvwD4CrUmlP.png,0.604199,0,1
unet_black_seed42,U-Net,sigmoid=0.999,B1 0hr 1_png.rf.HQmAp3GBzLOJSBnrI49n.png,0.241187,0,1
unet_black_seed42,U-Net,sigmoid=0.999,B1 0hr 1_png.rf.IpACHL1Orw6aFOfMt2L4.png,0.005287,0,1
unet_black_seed42,U-Net,sigmoid=0.999,B1 0hr 1_png.rf.MsTYgRqpBawgbfwCxIBh.png,0.000103,0,1
unet_black_seed42,U-Net,sigmoid=0.999,B1 0hr 2_png.rf.XjumgmgMNkQhrRGLEgFA.png,0.25462,0,1
unet_black_seed42,U-Net,sigmoid=0.999,B1 0hr_1_png.rf.DUGXTEiLp7a24s7ag9dO.png,0.0,1,1
unet_black_seed42,U-Net,sigmoid=0.999,B1 0hr_2_png.rf.wWUkB0l85vJDlD6q526J.png,0.0,1,1
unet_black_seed42,U-Net,sigmoid=0.999,B1 12H 1_png.rf.VB9B0BXSFCbQoytWKIkL.png,0.016445,0,1
unet_black_seed42,U-Net,sigmoid=0.999,B1 12H 2_png.rf.cFU7xmBfmqqkIIa5q7nh.png,0.050118,0,1
unet_black_seed42,U-Net,sigmoid=0.999,B1 12HR 1_png.rf.iGQ0raXb1cPFjLpTE8Qs.png,0.547194,0,1
unet_black_seed42,U-Net,sigmoid=0.999,B1 12hr 1_png.rf.Basp8dmX2exqZZBqydBx.png,0.509825,0,1
unet_black_seed42,U-Net,sigmoid=0.999,B1 12hr 1_png.rf.MkOpH7SVtG5q4EYuFmK2.png,0.079586,0,1
unet_black_seed42,U-Net,sigmoid=0.999,B1 12hr 1_png.rf.sRUPpw6VBKsEL7UWcuqg.png,0.392541,0,1
unet_black_seed42,U-Net,sigmoid=0.999,B1 12hr_1_png.rf.dB4OztvLmzVa4BGq5jCN.png,0.0,1,1
unet_black_seed42,U-Net,sigmoid=0.999,B1 24H 1_png.rf.GJ99b6zJDkCcdldeprAL.png,0.520965,0,1
unet_black_seed42,U-Net,sigmoid=0.999,B1 24H 2_png.rf.WAXPIALQ8VqzYoMup3J4.png,0.137827,0,1
unet_black_seed42,U-Net,sigmoid=0.999,B1 24HR 1_png.rf.ZOXgAwm7pCyA0PxFBFkk.png,0.488966,0,1
unet_black_seed42,U-Net,sigmoid=0.999,B1 24HR 2_png.rf.Ls9u8THJDkrAcAUiOT0Q.png,0.438606,0,1
unet_black_seed42,U-Net,sigmoid=0.999,B1 24hr 1_png.rf.wZriPsVdQe9B1XYh0ypQ.png,0.193262,0,1
unet_black_seed42,U-Net,sigmoid=0.999,B1 24hr 2_png.rf.kOhjizJROLOCgNfM1IF5.png,0.121152,0,1
unet_black_seed42,U-Net,sigmoid=0.999,B1 8H 1_png.rf.fqDTrXJGtwGnRUswH16c.png,0.628953,0,1
unet_black_seed42,U-Net,sigmoid=0.999,B1 8H 2_png.rf.gA6SnVr547LgfEenVrRi.png,0.427399,0,1
unet_black_seed42,U-Net,sigmoid=0.999,B1 8HR 1_png.rf.AMXvM5M5gyDuLKC5DTa9.png,0.582493,0,1
unet_black_seed42,U-Net,sigmoid=0.999,B1 8HR 2_png.rf.QKXzmdKQE41ccuWFgbwS.png,0.658424,0,1
unet_black_seed42,U-Net,sigmoid=0.999,B1 8hr 1_png.rf.pwZlWzk9sZA3CwldABe9.png,0.000661,0,1
unet_black_seed42,U-Net,sigmoid=0.999,B1 8hr 1_png.rf.xNkp4JfkmuylOQerzD1Q.png,0.411385,0,1
unet_black_seed42,U-Net,sigmoid=0.999,B1 8hr 2_png.rf.L73Y3X4Dx7HELGkPVNlg.png,0.271926,0,1
unet_black_seed42,U-Net,sigmoid=0.999,B4 0H 1_png.rf.UkNByK7H1jadGiO9HCAd.png,0.034465,0,1
unet_black_seed42,U-Net,sigmoid=0.999,B4 0H 2_png.rf.rXION3PvUG9p2y5KH5ZG.png,0.0,1,1
unet_black_seed42,U-Net,sigmoid=0.999,B4 12H 1_png.rf.1ULnxID5MP426B41agfS.png,0.0,1,1
unet_black_seed42,U-Net,sigmoid=0.999,B4 12H 2_png.rf.BUDIsAimJHwizKA26kde.png,0.087798,0,1
unet_black_seed42,U-Net,sigmoid=0.999,B4 24H 1_png.rf.b60wYuoI9jxCKCHE2l9q.png,0.369985,0,1
unet_black_seed42,U-Net,sigmoid=0.999,B4 24H 2_png.rf.Dy3NkPc0L9HXhRCtCbkW.png,1.0,1,0
unet_black_seed42,U-Net,sigmoid=0.999,B4 8H 1_png.rf.OVZZyofXQpVrU06rEdEV.png,0.197479,0,1
unet_black_seed42,U-Net,sigmoid=0.999,B4 8H 2_png.rf.ShxIhASvXw8lGbZkLgUb.png,0.142681,0,1
unet_black_seed42,U-Net,sigmoid=0.999,B5 0HR 1_png.rf.HyxAq2SZFEx1y342m6b9.png,8.4e-05,0,1
unet_black_seed42,U-Net,sigmoid=0.999,B5 0HR 1_png.rf.J6hP1h51BcAFg4KFN6lN.png,0.273224,0,1
unet_black_seed42,U-Net,sigmoid=0.999,B5 0HR 2_png.rf.MUU0CWJgRWrZIA9N0J2X.png,0.066539,0,1
unet_black_seed42,U-Net,sigmoid=0.999,B5 12HR 1_png.rf.XqoVkA4DK3JbERfwmQPP.png,0.574848,0,1
unet_black_seed42,U-Net,sigmoid=0.999,B5 12HR 2_png.rf.EZH0RYIN3t8Q75rFyebV.png,0.543077,0,1
unet_black_seed42,U-Net,sigmoid=0.999,B5 12HR 2_png.rf.mSR2WAZaiHT4hljqFuAE.png,0.410718,0,1
unet_black_seed42,U-Net,sigmoid=0.999,B5 24HR 1_png.rf.TJTLDoAzR6YqhVVqJjBV.png,1.0,1,0
unet_black_seed42,U-Net,sigmoid=0.999,B5 24HR _png.rf.g9PDGT1tjMWdiPw6OCJg.png,1.0,1,0
unet_black_seed42,U-Net,sigmoid=0.999,B5 8HR 1_png.rf.Ym4RLm5f7bEAlTD8XV4Q.png,0.696532,0,1
unet_black_seed42,U-Net,sigmoid=0.999,B5 8HR 2_png.rf.1bM2nfrE3C3SuMgkQzIF.png,0.494653,0,1
unet_black_seed42,U-Net,sigmoid=0.999,B5 8HR 2_png.rf.BzRPidTOrz4nL1zIlvSL.png,0.223795,0,1
unet_black_seed42,U-Net,sigmoid=0.999,B6 0HR 1_png.rf.G9IIgGta9Gbbj9yqetJW.png,0.569304,0,1
unet_black_seed42,U-Net,sigmoid=0.999,B6 0hr 1_png.rf.tP2kS9n37GFU0hMWW7mV.png,0.000258,0,1
unet_black_seed42,U-Net,sigmoid=0.999,B6 12HR 1_png.rf.gMy5B0cpXrZXzyMCZhuv.png,0.390204,0,1
unet_black_seed42,U-Net,sigmoid=0.999,B6 12HR 2_png.rf.BMDqWV1RTxKKoPMgnLal.png,0.385216,0,1
unet_black_seed42,U-Net,sigmoid=0.999,B6 12hr 1_png.rf.wMEDLQnrMWwVbcfKlQek.png,0.583009,0,1
unet_black_seed42,U-Net,sigmoid=0.999,B6 12hr 2_png.rf.y4b1NNhMuInMAANEGR5y.png,0.443481,0,1
unet_black_seed42,U-Net,sigmoid=0.999,B6 24h 1_png.rf.HqRokqEzDfBP5O3ZtezT.png,1.0,1,0
unet_black_seed42,U-Net,sigmoid=0.999,B6 24h 1_png.rf.Mqv4F4d5b4AUQiStkAzE.png,1.0,1,0
unet_black_seed42,U-Net,sigmoid=0.999,C5 0H 1_png.rf.OdwF3vyzWYOgZ8CvxU5t.png,0.020097,0,1
unet_black_seed42,U-Net,sigmoid=0.999,C5 0H 1_png.rf.qfmzlYXXLFM1UbctuHo5.png,0.023093,0,1
unet_black_seed42,U-Net,sigmoid=0.999,C5 0H 2_png.rf.UQiYCwrvqp79phsQH2z3.png,0.332926,0,1
unet_black_seed42,U-Net,sigmoid=0.999,C5 12H 1_png.rf.OLiywuVh8Y6xj17HnU6e.png,0.242003,0,1
unet_black_seed42,U-Net,sigmoid=0.999,C5 12H 1_png.rf.eqPnAQCG5aI0rvfthMNV.png,0.557141,0,1
unet_black_seed42,U-Net,sigmoid=0.999,C5 12H 2_png.rf.oLP5pb7BztRNGjNEDlAS.png,0.394522,0,1
unet_black_seed42,U-Net,sigmoid=0.999,C5 12H 2_png.rf.yGOWuMwCESVagvk7Q4HY.png,4.3e-05,0,1
unet_black_seed42,U-Net,sigmoid=0.999,C5 24H 1_png.rf.GRabFdMEvh7NdJQw7srC.png,1.0,1,0
unet_black_seed42,U-Net,sigmoid=0.999,C5 24H 2_png.rf.1BqtMMJEWOuzOCOM43Zl.png,1.0,1,0
unet_black_seed42,U-Net,sigmoid=0.999,C5 8H 1_png.rf.QRwHfTeZ3iXOWs30KZOS.png,0.641996,0,1
unet_black_seed42,U-Net,sigmoid=0.999,C5 8H 1_png.rf.m0k3TjlxKvLXDFhuBq52.png,0.295381,0,1
unet_black_seed42,U-Net,sigmoid=0.999,C5 8H 2_png.rf.Su3UAyP9dztNqZtfn0u1.png,0.547636,0,1
unet_black_seed42,U-Net,sigmoid=0.999,D1 0H 1_png.rf.fw3oXHFKRwGBIpMcBKY2.png,0.534386,0,1
unet_black_seed42,U-Net,sigmoid=0.999,D1 0H 2_png.rf.In3g26PLvIPVilZ9guvK.png,0.411443,0,1
unet_black_seed42,U-Net,sigmoid=0.999,D1 0HR 1_png.rf.X95BBgcop2LdYBHvWj7G.png,0.074039,0,1
unet_black_seed42,U-Net,sigmoid=0.999,D1 0HR 1_png.rf.pXGKiyw6dpCjGOogRcBS.png,0.665104,0,1
unet_black_seed42,U-Net,sigmoid=0.999,D1 0HR 2_png.rf.Ak8bfHD2sNvAS5ARU8WU.png,0.634885,0,1
unet_black_seed42,U-Net,sigmoid=0.999,D1 0HR 2_png.rf.pBkydjxMgVt0vB999uLo.png,0.004496,0,1
unet_black_seed42,U-Net,sigmoid=0.999,D1 12H 1_png.rf.mKsxEDejqQN6qCQxLyns.png,0.491156,0,1
unet_black_seed42,U-Net,sigmoid=0.999,D1 12H 2_png.rf.hM6Jhc6UJKSMWKFN6Pta.png,0.303968,0,1
unet_black_seed42,U-Net,sigmoid=0.999,D1 12HR 1_png.rf.Sa5pwYNBsukEYVE7qdCO.png,0.393812,0,1
unet_black_seed42,U-Net,sigmoid=0.999,D1 12HR 1_png.rf.mtvtObh31Z25eXwo4BTB.png,0.500674,0,1
unet_black_seed42,U-Net,sigmoid=0.999,D1 12HR 2_png.rf.E03XFlEmMbe4CLEeQ5L0.png,0.521205,0,1
unet_black_seed42,U-Net,sigmoid=0.999,D1 12HR 2_png.rf.c61b9Qj6PnDGEcivk5oi.png,0.237373,0,1
unet_black_seed42,U-Net,sigmoid=0.999,D1 24H 1_png.rf.9St1pSdNBqUmYewNNUks.png,0.200317,0,1
unet_black_seed42,U-Net,sigmoid=0.999,D1 24H 2_png.rf.JPXsJfPNRWwnAkf2OC68.png,0.220019,0,1
unet_black_seed42,U-Net,sigmoid=0.999,D1 24HR 1_png.rf.D7yfyoxo08GRgfqWxkKs.png,0.269166,0,1
unet_black_seed42,U-Net,sigmoid=0.999,D1 24HR 1_png.rf.EHcrx6DNEOw8vqgtCyC2.png,1.0,1,0
unet_black_seed42,U-Net,sigmoid=0.999,D1 24HR 2_png.rf.sKzjQXeeTmG65NxFRo5z.png,1.0,1,0
unet_black_seed42,U-Net,sigmoid=0.999,D1 24HR 2_png.rf.uoxKxnADebGlXimnPrEx.png,0.1015,0,1
unet_black_seed42,U-Net,sigmoid=0.999,D1 8H 1_png.rf.AmYzGCscmIMNbZlAIVL4.png,0.018886,0,1
unet_black_seed42,U-Net,sigmoid=0.999,D1 8H 2_png.rf.1Guur0r0WOYFqgYbD8Ix.png,0.001441,0,1
unet_black_seed42,U-Net,sigmoid=0.999,D1 8HR 1_png.rf.7pXlMXWWJkv2xLuAp89c.png,0.297318,0,1
unet_black_seed42,U-Net,sigmoid=0.999,D1 8HR 1_png.rf.Pm37sn4g0olAl9FUCP58.png,0.633746,0,1
unet_black_seed42,U-Net,sigmoid=0.999,D1 8HR 2_png.rf.We4y9DkVsrjwHtYEPH1S.png,0.75786,0,1
unet_black_seed42,U-Net,sigmoid=0.999,D1 8HR 2_png.rf.zXqaP0fHqHbabD0CzjuF.png,0.323211,0,1
unet_black_seed42,U-Net,sigmoid=0.999,D3 0H 1_png.rf.jWsUip53LaCF4OaEEFcb.png,0.188674,0,1
unet_black_seed42,U-Net,sigmoid=0.999,D3 0H 2_png.rf.lkEcbAGS1IAwabi3cMT3.png,0.094552,0,1
unet_black_seed42,U-Net,sigmoid=0.999,D3 12H 1_png.rf.vDKmMF3YJlFSbIbFZHci.png,0.358496,0,1
unet_black_seed42,U-Net,sigmoid=0.999,D3 12H 2_png.rf.bk65RyMB9bMlU59S1RY7.png,0.0,1,1
unet_black_seed42,U-Net,sigmoid=0.999,D3 24H 1_png.rf.lgES3xZvT7KoszPGhV44.png,0.487725,0,1
unet_black_seed42,U-Net,sigmoid=0.999,D3 24H 2_png.rf.vu9MuWKRyoy3WKGkVrI5.png,0.284693,0,1
unet_black_seed42,U-Net,sigmoid=0.999,D3 8H 1_png.rf.6ah0Jg4O5oakLSomUxcX.png,0.498102,0,1
unet_black_seed42,U-Net,sigmoid=0.999,D3 8H 2_png.rf.RmIwn01JNbgfY0VcrlAP.png,0.043066,0,1
unet_black_seed42,U-Net,sigmoid=0.999,D4 0H 1_png.rf.FutNJ1bcHBCTMEvRlEBr.png,0.295916,0,1
unet_black_seed42,U-Net,sigmoid=0.999,D4 0H 1_png.rf.hIDWQ46StqSUcKyGmBYY.png,0.488975,0,1
unet_black_seed42,U-Net,sigmoid=0.999,D4 0H 2_png.rf.7RFXNZEElcEIxiB134la.png,0.373225,0,1
unet_black_seed42,U-Net,sigmoid=0.999,D4 0H 2_png.rf.eVEb58gAMbcellIRwKuX.png,0.000213,0,1
unet_black_seed42,U-Net,sigmoid=0.999,D4 0HR 1_png.rf.eLqJwBy4PkAeXHhqw8Ir.png,0.586267,0,1
unet_black_seed42,U-Net,sigmoid=0.999,D4 0HR 2_png.rf.EwNjDB9ss3gmM00iJqPT.png,0.51072,0,1
unet_black_seed42,U-Net,sigmoid=0.999,D4 12H 1_png.rf.9BeWOTfVwMn3ywdSyPmt.png,0.475698,0,1
unet_black_seed42,U-Net,sigmoid=0.999,D4 12H 1_png.rf.rmwAgsyRm1ZzZ55GuiPB.png,0.003064,0,1
unet_black_seed42,U-Net,sigmoid=0.999,D4 12H 2_png.rf.JoRndEJA1lep3hprLUOS.png,0.000642,0,1
unet_black_seed42,U-Net,sigmoid=0.999,D4 12H 2_png.rf.txyJ67o8LXpC3sVtUoTH.png,0.0,1,1
unet_black_seed42,U-Net,sigmoid=0.999,D4 12HR 1_png.rf.coQP5Rm68FoQiPA5lE4l.png,1.0,1,0
unet_black_seed42,U-Net,sigmoid=0.999,D4 12HR 2_png.rf.3mHz6QXfVp3bYuBorSyN.png,0.547293,0,1
unet_black_seed42,U-Net,sigmoid=0.999,D4 24H 1_png.rf.4NmTRoRHXyugKUw10i8s.png,1.0,1,0
unet_black_seed42,U-Net,sigmoid=0.999,D4 24H 1_png.rf.l74W6BtAd1h2vbDdLYa7.png,0.410767,0,1
unet_black_seed42,U-Net,sigmoid=0.999,D4 24H 2_png.rf.RklTkqfkG2jxmrJIVlDw.png,1.0,1,0
unet_black_seed42,U-Net,sigmoid=0.999,D4 24HR 1_png.rf.ZeWox4g9WSQYjCRdF5Hj.png,1.0,1,0
unet_black_seed42,U-Net,sigmoid=0.999,D4 24HR 2_png.rf.aSdWjnYDFFICPSVHPh41.png,1.0,1,0
unet_black_seed42,U-Net,sigmoid=0.999,D4 8H 1_png.rf.a8mANb97avVu4hPsbo7a.png,0.183498,0,1
unet_black_seed42,U-Net,sigmoid=0.999,D4 8H 1_png.rf.xpR4xGrS7xqp2WqsHOdj.png,0.121571,0,1
unet_black_seed42,U-Net,sigmoid=0.999,D4 8H 2_png.rf.ixTzZNh35XGijmR7VOtL.png,0.0,1,1
unet_black_seed42,U-Net,sigmoid=0.999,D4 8H 2_png.rf.mnoVDerLhE6PpOQcbUog.png,0.036005,0,1
unet_black_seed42,U-Net,sigmoid=0.999,D4 8HR 1_png.rf.VEshHRtiysfYv1YrXVR9.png,0.520156,0,1
unet_black_seed42,U-Net,sigmoid=0.999,D4 8HR 2_png.rf.1gESfR3nmJtUf5QdqE6H.png,0.545356,0,1
unet_black_seed42,U-Net,sigmoid=0.999,E1 0H 1_png.rf.O4klFnPAFBZQG7ZiiWoa.png,0.003693,0,1
unet_black_seed42,U-Net,sigmoid=0.999,E1 0H 2_png.rf.dwk6Z6HVga7ttj23PmV9.png,0.0,1,1
unet_black_seed42,U-Net,sigmoid=0.999,E1 12H 1_png.rf.MXhOPdUnNbYD4WTRbftP.png,0.016752,0,1
unet_black_seed42,U-Net,sigmoid=0.999,E1 12H 2_png.rf.GKeGTBMimaglOZhGi5n6.png,0.0,1,1
unet_black_seed42,U-Net,sigmoid=0.999,E1 24H 1_png.rf.JjdLiNmCus3kSa50aOeW.png,1.0,1,0
unet_black_seed42,U-Net,sigmoid=0.999,E1 8H 1_png.rf.8l6bvVJjLSjiFIlOhJkG.png,0.0,1,1
unet_black_seed42,U-Net,sigmoid=0.999,E1 8H 2_png.rf.5qtx5quA0obTJbOUZCxP.png,0.0,1,1
unet_black_seed42,U-Net,sigmoid=0.999,F2 0H 1_png.rf.zPl6vPkH5HpqtxJsWJxj.png,0.006732,0,1
unet_black_seed42,U-Net,sigmoid=0.999,F2 12H 1_png.rf.h05DU2gxBlXL6JdotHmg.png,0.100236,0,1
unet_black_seed42,U-Net,sigmoid=0.999,F2 12H 2_png.rf.2goGI5xvDCGG2PJZ8Its.png,0.0,1,1
unet_black_seed42,U-Net,sigmoid=0.999,F2 8H 2_png.rf.dUFZVFJ0aVESmoGKjJ05.png,0.043938,0,1
unet_black_seed42,U-Net,sigmoid=0.999,Snap-08_141_png.rf.xxwXm4vgaTgEnxfrDBvk.png,1.0,1,0
unet_black_seed42,U-Net,sigmoid=0.999,Snap-09_200_png.rf.T1DuJr60ClWyEIrNPE9K.png,0.0,1,1
unet_black_seed42,U-Net,sigmoid=0.999,Snap-09_21_png.rf.eX9WeCW8GgIO8pb44zNf.png,1.0,1,0
unet_black_seed42,U-Net,sigmoid=0.999,Snap-09_66_png.rf.DXbLfCegxmVs4TDoenmh.png,0.103393,0,1
unet_black_seed42,U-Net,sigmoid=0.999,Snap-10_146_png.rf.J1zTbpCRqsOW6DtsIPzv.png,1.0,1,0
unet_black_seed42,U-Net,sigmoid=0.999,Snap-10_png.rf.yj7fOx6nAZtfK19C65wZ.png,0.084326,0,1
unet_black_seed42,U-Net,sigmoid=0.999,Snap-15_15_png.rf.oEkUKHxOZ7qcBLxMlF5e.png,1.0,1,0
unet_black_seed42,U-Net,sigmoid=0.999,Snap-15_60_png.rf.AUB9Da86Zc4f2GiWRpgF.png,0.000179,0,1
unet_black_seed42,U-Net,sigmoid=0.999,Snap-18_122_png.rf.rEzRHI9DOsMmEv8NXGFz.png,0.459307,0,1
unet_black_seed42,U-Net,sigmoid=0.999,Snap-18_182_png.rf.0olrnxTCWxDIVmtPK3HA.png,0.694946,0,1
unet_black_seed42,U-Net,sigmoid=0.999,Snap-20_104_png.rf.lu9wLu7mqVxquLAseXNa.png,0.027196,0,1
unet_black_seed42,U-Net,sigmoid=0.999,Snap-21_56_png.rf.ycoY7vPUknblypXrORx3.png,0.309872,0,1
unet_black_seed42,U-Net,sigmoid=0.999,Snap-24_96_png.rf.s6DeTIAvmh6iZiaYgj4W.png,0.400405,0,1
unet_black_seed42,U-Net,sigmoid=0.999,Snap-25_124_png.rf.qhyZRieBWx1vF8Vfj4ck.png,0.305168,0,1
unet_black_seed42,U-Net,sigmoid=0.999,Snap-25_184_png.rf.fnCmHOHxb5uRZMEeY7RB.png,0.150189,0,1
unet_black_seed42,U-Net,sigmoid=0.999,Snap-25_50_png.rf.CHeux2nrD5owQB0rBnrP.png,1.0,1,0
unet_black_seed42,U-Net,sigmoid=0.999,Snap-25_png.rf.NZSC2ldRJFXa4414jttF.png,0.114839,0,1
unet_black_seed42,U-Net,sigmoid=0.999,Snap-26_283_png.rf.YFDkIZNg1W2rRyv6xoZQ.png,0.142644,0,1
unet_black_seed42,U-Net,sigmoid=0.999,Snap-31_281_png.rf.HrwVzS03qTHBX5RB7awf.png,0.223947,0,1
unet_black_seed42,U-Net,sigmoid=0.999,Snap-36_271_png.rf.sfFr7wfzXmMz4JWE34hv.png,0.60272,0,1
unet_black_seed42,U-Net,sigmoid=0.999,Snap-37_175_png.rf.FF9MN09bmlSbN40cxQRu.png,0.16524,0,1
unet_black_seed42,U-Net,sigmoid=0.999,Snap-37_235_png.rf.fp1LasdFT1TZbfgrTie6.png,0.52763,0,1
unet_black_seed42,U-Net,sigmoid=0.999,Snap-39_77_png.rf.FBpms3tKgC2fVOg0pxu7.png,0.031393,0,1
unet_black_seed42,U-Net,sigmoid=0.999,Snap-39_png.rf.B5ZdhBp8JGAo6JQji9gU.png,0.008642,0,1
unet_black_seed42,U-Net,sigmoid=0.999,Snap-41_270_png.rf.46zb8PtP1Yuu9Wit1FpP.png,0.476936,0,1
unet_black_seed42,U-Net,sigmoid=0.999,Snap-42_165_png.rf.3eAR7nfV8aWUfPbBc82Q.png,0.221575,0,1
unet_black_seed42,U-Net,sigmoid=0.999,Snap-42_225_png.rf.mQxoBxfdEUUtVkhWybfs.png,0.632051,0,1
unet_black_seed42,U-Net,sigmoid=0.999,Snap-42_76_png.rf.erwRb4d1blf6lhZ6UFWy.png,0.44706,0,1
unet_black_seed42,U-Net,sigmoid=0.999,Snap-42_png.rf.vXnbjKiFLjrY6iWZoR1j.png,0.294972,0,1
unet_black_seed42,U-Net,sigmoid=0.999,Snap-47_159_png.rf.iWHwHxKcpvJIH7RHtxRu.png,0.504377,0,1
unet_black_seed42,U-Net,sigmoid=0.999,Snap-47_219_png.rf.tXiQQL4hg3VyVt8yhPHg.png,0.615446,0,1
unet_black_seed42,U-Net,sigmoid=0.999,Snap-52_153_png.rf.jWozliFwqBh7FtxPjDhr.png,0.043441,0,1
unet_black_seed42,U-Net,sigmoid=0.999,Snap-52_213_png.rf.YrkkVK1Bonf3TxwPZWyE.png,0.616078,0,1
unet_black_seed42,U-Net,sigmoid=0.999,Snap-54_106_png.rf.VOFbghvZhHsPNSqUFFkZ.png,0.145271,0,1
unet_black_seed42,U-Net,sigmoid=0.999,Snap-54_1_png.rf.LYlBIIJ3KoqRfd7QemOX.png,0.195371,0,1
unet_black_seed42,U-Net,sigmoid=0.999,Snap-54_png.rf.HGYLhnxL2tQsTiXRBg9n.png,0.035239,0,1
unet_black_seed42,U-Net,sigmoid=0.999,Snap-60_12_png.rf.AiY33Mo4Daj2M4cZgUnh.png,0.119944,0,1
unet_black_seed42,U-Net,sigmoid=0.999,Snap-60_png.rf.RpcRTxyR97nXnbvR3urB.png,0.06601,0,1
unet_black_seed42,U-Net,sigmoid=0.999,ct2_3_png.rf.05gH6Q4BVtzjbT8GvpXk.png,0.159699,0,1
unet_black_seed42,U-Net,sigmoid=0.999,ct2_5_png.rf.V6uuFIT0hRf8VvfkI0ft.png,0.059574,0,1
unet_black_seed42,U-Net,sigmoid=0.999,ptx1_2_png.rf.mOSxinMIUOQxQUjpAhxb.png,0.356171,0,1
unet_black_seed42,U-Net,sigmoid=0.999,ptx2_4_png.rf.YEH27Bh4es5Hup4qomsA.png,0.19699,0,1
unet_black_seed43,U-Net,sigmoid=0.5,A1 0HR 1_png.rf.F8WfJZAyU8hXcsKytbcA.png,0.981425,0,1
unet_black_seed43,U-Net,sigmoid=0.5,A1 0HR 1_png.rf.bBmfdS8DK3Ixtw1fZ9P3.png,0.977583,0,1
unet_black_seed43,U-Net,sigmoid=0.5,A1 0HR 2_png.rf.hVdiwx06lI7rOZ5rr9vC.png,0.975343,0,1
unet_black_seed43,U-Net,sigmoid=0.5,A1 0HR 2_png.rf.wFANdrijgcCbWaNPdyi0.png,0.97843,0,1
unet_black_seed43,U-Net,sigmoid=0.5,A1 12HR 1_png.rf.8FGxD5kQMiDucxJswxPl.png,0.898388,0,1
unet_black_seed43,U-Net,sigmoid=0.5,A1 12HR 1_png.rf.XDKS23ySU3ItzW5Kv957.png,0.864832,0,1
unet_black_seed43,U-Net,sigmoid=0.5,A1 12HR 2_png.rf.6p7F3HADokVM7aGI7thQ.png,0.887211,0,1
unet_black_seed43,U-Net,sigmoid=0.5,A1 12HR 2_png.rf.OoCbkijic6aCx52coryw.png,0.894444,0,1
unet_black_seed43,U-Net,sigmoid=0.5,A1 12hr 1_png.rf.hPnekH9tRkKoF84Y4HTD.png,0.965107,0,1
unet_black_seed43,U-Net,sigmoid=0.5,A1 12hr 2_png.rf.Zc7e1rWOmWcCj4dykv3Z.png,0.942041,0,1
unet_black_seed43,U-Net,sigmoid=0.5,A1 24HR 1_png.rf.1ApDRLrpQqSCaPcShIOu.png,1.0,1,0
unet_black_seed43,U-Net,sigmoid=0.5,A1 24HR 1_png.rf.psHGzfQFFYu0q9OMf12P.png,1.0,1,0
unet_black_seed43,U-Net,sigmoid=0.5,A1 24HR 2_png.rf.8ZCo4suYfwAmYJVAdrgi.png,1.0,1,0
unet_black_seed43,U-Net,sigmoid=0.5,A1 24HR 2_png.rf.QvfIHR0lQkYJbWTuhsBX.png,0.687263,0,1
unet_black_seed43,U-Net,sigmoid=0.5,A1 24h 1_png.rf.TlQXP6CHdUFWS07zQImN.png,0.0,0,0
unet_black_seed43,U-Net,sigmoid=0.5,A1 24h 2_png.rf.o9mYSgMZsKvkMpLuHnpZ.png,1.0,1,0
unet_black_seed43,U-Net,sigmoid=0.5,A1 24hr 1_png.rf.LkrEN1mHJhJhYU2lmydg.png,0.872542,0,1
unet_black_seed43,U-Net,sigmoid=0.5,A1 8HR 1_png.rf.7N4eAqgpqfPKb1eNWowl.png,0.894561,0,1
unet_black_seed43,U-Net,sigmoid=0.5,A1 8HR 1_png.rf.VABkXkmpYjE9yLo5gSBX.png,0.907118,0,1
unet_black_seed43,U-Net,sigmoid=0.5,A1 8HR 2_png.rf.bvjlWbubzYS3fVyOKsCU.png,0.922852,0,1
unet_black_seed43,U-Net,sigmoid=0.5,A1 8HR 2_png.rf.emd32984S6mQhEIM0RXU.png,0.957229,0,1
unet_black_seed43,U-Net,sigmoid=0.5,A2 0H 2_png.rf.wLkBHcGvevKm0A73Vxcz.png,0.983987,0,1
unet_black_seed43,U-Net,sigmoid=0.5,A2 12H 1_png.rf.xnmVBn7WXmT4yiy3UMlx.png,0.763098,0,1
unet_black_seed43,U-Net,sigmoid=0.5,A2 12H 2_png.rf.N7tpAQyq0PEGrhaTGLJT.png,0.955264,0,1
unet_black_seed43,U-Net,sigmoid=0.5,A2 24H 1_png.rf.EFavmtKTLhhnJThESvF0.png,0.775637,0,1
unet_black_seed43,U-Net,sigmoid=0.5,A2 24H 2_png.rf.E5xmaghZdqaoko8wlaZh.png,0.940521,0,1
unet_black_seed43,U-Net,sigmoid=0.5,A2 8H 1_png.rf.xvZ2Owwq7kfNeQBUdLj1.png,0.500881,0,1
unet_black_seed43,U-Net,sigmoid=0.5,A2 8H 2_png.rf.7oLJskKDBKhwtDpwzZqy.png,0.956589,0,1
unet_black_seed43,U-Net,sigmoid=0.5,A3 0H 1_png.rf.4oL1M95z5XQoppHkibCl.png,0.582178,0,1
unet_black_seed43,U-Net,sigmoid=0.5,A3 0H 2_png.rf.QDCtQGDH1pznmeHT0BNJ.png,0.966647,0,1
unet_black_seed43,U-Net,sigmoid=0.5,A3 12H 1_png.rf.TU0BGVsD3XJqPwGYBsiu.png,0.901407,0,1
unet_black_seed43,U-Net,sigmoid=0.5,A3 12H 2_png.rf.r5xe4JQ4Ecgyw1raWv4H.png,0.726115,0,1
unet_black_seed43,U-Net,sigmoid=0.5,A3 24H 1_png.rf.tfdHOCRouEH53EDqy7G0.png,1.0,1,0
unet_black_seed43,U-Net,sigmoid=0.5,A3 24H 2_png.rf.TOtRUqMkxCrasCpSjZKO.png,1.0,1,0
unet_black_seed43,U-Net,sigmoid=0.5,A3 8H 1_png.rf.d60KhXvDmSmp3Oia8S8T.png,0.800751,0,1
unet_black_seed43,U-Net,sigmoid=0.5,A3 8H 2_png.rf.B5nEx5FtZ9JTiEjZrHJb.png,0.854215,0,1
unet_black_seed43,U-Net,sigmoid=0.5,A5 0HR 1_png.rf.ckTpizxWhCzqrJmwetqV.png,0.971555,0,1
unet_black_seed43,U-Net,sigmoid=0.5,A5 0HR 2_png.rf.C9gm2A2fkupz9aW1u7b9.png,0.983671,0,1
unet_black_seed43,U-Net,sigmoid=0.5,A5 12HR 1_png.rf.1xA3zwCvRWDQRrGvHIhA.png,0.934213,0,1
unet_black_seed43,U-Net,sigmoid=0.5,A5 12HR 1_png.rf.IESDSkszuJatVJfvQ7PW.png,0.806355,0,1
unet_black_seed43,U-Net,sigmoid=0.5,A5 12HR 2_png.rf.mzYpTwvbQHLWffHAkMOe.png,0.891012,0,1
unet_black_seed43,U-Net,sigmoid=0.5,A5 12HR 2_png.rf.rAr8U7x7uLNYSny2Orvg.png,0.809417,0,1
unet_black_seed43,U-Net,sigmoid=0.5,A5 24HR 1_png.rf.CpfIcPI5krfxTtJFGjKH.png,1.0,1,0
unet_black_seed43,U-Net,sigmoid=0.5,A5 24HR 1_png.rf.QWraD9H7IOqSfp8mznDQ.png,0.856481,0,1
unet_black_seed43,U-Net,sigmoid=0.5,A5 24HR 2_png.rf.JBrJ8KO8uH9Jn3iTJvZf.png,1.0,1,0
unet_black_seed43,U-Net,sigmoid=0.5,A5 24HR 2_png.rf.xE7wqG2pbN9OFXjVvNjl.png,0.873476,0,1
unet_black_seed43,U-Net,sigmoid=0.5,A5 8HR 1_png.rf.jEYUYpVLybixXNUndrI9.png,0.94338,0,1
unet_black_seed43,U-Net,sigmoid=0.5,A5 8HR 1_png.rf.qbCCkoclBZRwrN2mNDA9.png,0.867662,0,1
unet_black_seed43,U-Net,sigmoid=0.5,A5 8HR 2_png.rf.7U0SE5K1r1eXtmiCBL1Q.png,0.860313,0,1
unet_black_seed43,U-Net,sigmoid=0.5,A6 0H 1_png.rf.rKpcg4iYJ50H0XfmG98n.png,0.836426,0,1
unet_black_seed43,U-Net,sigmoid=0.5,A6 0H 2_png.rf.xTjPOuBdGBBEAQh6qzcS.png,0.926502,0,1
unet_black_seed43,U-Net,sigmoid=0.5,A6 12H 1_png.rf.ttiuv3CjzGc6GvMTytlM.png,0.850344,0,1
unet_black_seed43,U-Net,sigmoid=0.5,A6 12H 2_png.rf.bsoBQRnwC6AtJ5KRBKDv.png,0.945947,0,1
unet_black_seed43,U-Net,sigmoid=0.5,A6 24H 1_png.rf.nNdt9zlpThgANxpw0Afd.png,0.859208,0,1
unet_black_seed43,U-Net,sigmoid=0.5,A6 24H 2_png.rf.fnzQMmHMSJJ6YxflXcKp.png,0.844647,0,1
unet_black_seed43,U-Net,sigmoid=0.5,A6 8H 1_png.rf.0Ed4k50VKrxz80UdTuUb.png,0.834488,0,1
unet_black_seed43,U-Net,sigmoid=0.5,A6 8H 2_png.rf.8H5VYogwRaw3bc7Ufnp7.png,0.289286,0,1
unet_black_seed43,U-Net,sigmoid=0.5,B1 0H 1_png.rf.j3ckb2OmuPoN1D2ZNrsL.png,0.830266,0,1
unet_black_seed43,U-Net,sigmoid=0.5,B1 0H 2_png.rf.M9qDqnfqVRQAN3kixv3Y.png,0.973501,0,1
unet_black_seed43,U-Net,sigmoid=0.5,B1 0HR 1_png.rf.eIMkkfHeHfLEZ04ezC1L.png,0.962314,0,1
unet_black_seed43,U-Net,sigmoid=0.5,B1 0HR 2_png.rf.GJOlprTE8cvwD4CrUmlP.png,0.965186,0,1
unet_black_seed43,U-Net,sigmoid=0.5,B1 0hr 1_png.rf.HQmAp3GBzLOJSBnrI49n.png,0.978069,0,1
unet_black_seed43,U-Net,sigmoid=0.5,B1 0hr 1_png.rf.IpACHL1Orw6aFOfMt2L4.png,0.951922,0,1
unet_black_seed43,U-Net,sigmoid=0.5,B1 0hr 1_png.rf.MsTYgRqpBawgbfwCxIBh.png,0.966139,0,1
unet_black_seed43,U-Net,sigmoid=0.5,B1 0hr 2_png.rf.XjumgmgMNkQhrRGLEgFA.png,0.95453,0,1
unet_black_seed43,U-Net,sigmoid=0.5,B1 0hr_1_png.rf.DUGXTEiLp7a24s7ag9dO.png,0.73285,0,1
unet_black_seed43,U-Net,sigmoid=0.5,B1 0hr_2_png.rf.wWUkB0l85vJDlD6q526J.png,0.771263,0,1
unet_black_seed43,U-Net,sigmoid=0.5,B1 12H 1_png.rf.VB9B0BXSFCbQoytWKIkL.png,0.918371,0,1
unet_black_seed43,U-Net,sigmoid=0.5,B1 12H 2_png.rf.cFU7xmBfmqqkIIa5q7nh.png,0.860501,0,1
unet_black_seed43,U-Net,sigmoid=0.5,B1 12HR 1_png.rf.iGQ0raXb1cPFjLpTE8Qs.png,0.953406,0,1
unet_black_seed43,U-Net,sigmoid=0.5,B1 12hr 1_png.rf.Basp8dmX2exqZZBqydBx.png,0.950995,0,1
unet_black_seed43,U-Net,sigmoid=0.5,B1 12hr 1_png.rf.MkOpH7SVtG5q4EYuFmK2.png,0.933997,0,1
unet_black_seed43,U-Net,sigmoid=0.5,B1 12hr 1_png.rf.sRUPpw6VBKsEL7UWcuqg.png,0.956558,0,1
unet_black_seed43,U-Net,sigmoid=0.5,B1 12hr_1_png.rf.dB4OztvLmzVa4BGq5jCN.png,0.872908,0,1
unet_black_seed43,U-Net,sigmoid=0.5,B1 24H 1_png.rf.GJ99b6zJDkCcdldeprAL.png,0.89041,0,1
unet_black_seed43,U-Net,sigmoid=0.5,B1 24H 2_png.rf.WAXPIALQ8VqzYoMup3J4.png,0.637884,0,1
unet_black_seed43,U-Net,sigmoid=0.5,B1 24HR 1_png.rf.ZOXgAwm7pCyA0PxFBFkk.png,0.851897,0,1
unet_black_seed43,U-Net,sigmoid=0.5,B1 24HR 2_png.rf.Ls9u8THJDkrAcAUiOT0Q.png,0.867661,0,1
unet_black_seed43,U-Net,sigmoid=0.5,B1 24hr 1_png.rf.wZriPsVdQe9B1XYh0ypQ.png,0.81307,0,1
unet_black_seed43,U-Net,sigmoid=0.5,B1 24hr 2_png.rf.kOhjizJROLOCgNfM1IF5.png,0.896567,0,1
unet_black_seed43,U-Net,sigmoid=0.5,B1 8H 1_png.rf.fqDTrXJGtwGnRUswH16c.png,0.958607,0,1
unet_black_seed43,U-Net,sigmoid=0.5,B1 8H 2_png.rf.gA6SnVr547LgfEenVrRi.png,0.91844,0,1
unet_black_seed43,U-Net,sigmoid=0.5,B1 8HR 1_png.rf.AMXvM5M5gyDuLKC5DTa9.png,0.949656,0,1
unet_black_seed43,U-Net,sigmoid=0.5,B1 8HR 2_png.rf.QKXzmdKQE41ccuWFgbwS.png,0.958702,0,1
unet_black_seed43,U-Net,sigmoid=0.5,B1 8hr 1_png.rf.pwZlWzk9sZA3CwldABe9.png,0.968866,0,1
unet_black_seed43,U-Net,sigmoid=0.5,B1 8hr 1_png.rf.xNkp4JfkmuylOQerzD1Q.png,0.972125,0,1
unet_black_seed43,U-Net,sigmoid=0.5,B1 8hr 2_png.rf.L73Y3X4Dx7HELGkPVNlg.png,0.960415,0,1
unet_black_seed43,U-Net,sigmoid=0.5,B4 0H 1_png.rf.UkNByK7H1jadGiO9HCAd.png,0.851236,0,1
unet_black_seed43,U-Net,sigmoid=0.5,B4 0H 2_png.rf.rXION3PvUG9p2y5KH5ZG.png,0.858924,0,1
unet_black_seed43,U-Net,sigmoid=0.5,B4 12H 1_png.rf.1ULnxID5MP426B41agfS.png,0.441881,0,1
unet_black_seed43,U-Net,sigmoid=0.5,B4 12H 2_png.rf.BUDIsAimJHwizKA26kde.png,0.908162,0,1
unet_black_seed43,U-Net,sigmoid=0.5,B4 24H 1_png.rf.b60wYuoI9jxCKCHE2l9q.png,0.892671,0,1
unet_black_seed43,U-Net,sigmoid=0.5,B4 24H 2_png.rf.Dy3NkPc0L9HXhRCtCbkW.png,1.0,1,0
unet_black_seed43,U-Net,sigmoid=0.5,B4 8H 1_png.rf.OVZZyofXQpVrU06rEdEV.png,0.901927,0,1
unet_black_seed43,U-Net,sigmoid=0.5,B4 8H 2_png.rf.ShxIhASvXw8lGbZkLgUb.png,0.766403,0,1
unet_black_seed43,U-Net,sigmoid=0.5,B5 0HR 1_png.rf.HyxAq2SZFEx1y342m6b9.png,0.960392,0,1
unet_black_seed43,U-Net,sigmoid=0.5,B5 0HR 1_png.rf.J6hP1h51BcAFg4KFN6lN.png,0.986905,0,1
unet_black_seed43,U-Net,sigmoid=0.5,B5 0HR 2_png.rf.MUU0CWJgRWrZIA9N0J2X.png,0.984395,0,1
unet_black_seed43,U-Net,sigmoid=0.5,B5 12HR 1_png.rf.XqoVkA4DK3JbERfwmQPP.png,0.908744,0,1
unet_black_seed43,U-Net,sigmoid=0.5,B5 12HR 2_png.rf.EZH0RYIN3t8Q75rFyebV.png,0.923038,0,1
unet_black_seed43,U-Net,sigmoid=0.5,B5 12HR 2_png.rf.mSR2WAZaiHT4hljqFuAE.png,0.838459,0,1
unet_black_seed43,U-Net,sigmoid=0.5,B5 24HR 1_png.rf.TJTLDoAzR6YqhVVqJjBV.png,0.0,0,0
unet_black_seed43,U-Net,sigmoid=0.5,B5 24HR _png.rf.g9PDGT1tjMWdiPw6OCJg.png,1.0,1,0
unet_black_seed43,U-Net,sigmoid=0.5,B5 8HR 1_png.rf.Ym4RLm5f7bEAlTD8XV4Q.png,0.932361,0,1
unet_black_seed43,U-Net,sigmoid=0.5,B5 8HR 2_png.rf.1bM2nfrE3C3SuMgkQzIF.png,0.949415,0,1
unet_black_seed43,U-Net,sigmoid=0.5,B5 8HR 2_png.rf.BzRPidTOrz4nL1zIlvSL.png,0.957716,0,1
unet_black_seed43,U-Net,sigmoid=0.5,B6 0HR 1_png.rf.G9IIgGta9Gbbj9yqetJW.png,0.974006,0,1
unet_black_seed43,U-Net,sigmoid=0.5,B6 0hr 1_png.rf.tP2kS9n37GFU0hMWW7mV.png,0.798308,0,1
unet_black_seed43,U-Net,sigmoid=0.5,B6 12HR 1_png.rf.gMy5B0cpXrZXzyMCZhuv.png,0.846671,0,1
unet_black_seed43,U-Net,sigmoid=0.5,B6 12HR 2_png.rf.BMDqWV1RTxKKoPMgnLal.png,0.92363,0,1
unet_black_seed43,U-Net,sigmoid=0.5,B6 12hr 1_png.rf.wMEDLQnrMWwVbcfKlQek.png,0.878833,0,1
unet_black_seed43,U-Net,sigmoid=0.5,B6 12hr 2_png.rf.y4b1NNhMuInMAANEGR5y.png,0.946115,0,1
unet_black_seed43,U-Net,sigmoid=0.5,B6 24h 1_png.rf.HqRokqEzDfBP5O3ZtezT.png,1.0,1,0
unet_black_seed43,U-Net,sigmoid=0.5,B6 24h 1_png.rf.Mqv4F4d5b4AUQiStkAzE.png,1.0,1,0
unet_black_seed43,U-Net,sigmoid=0.5,C5 0H 1_png.rf.OdwF3vyzWYOgZ8CvxU5t.png,0.972212,0,1
unet_black_seed43,U-Net,sigmoid=0.5,C5 0H 1_png.rf.qfmzlYXXLFM1UbctuHo5.png,0.981515,0,1
unet_black_seed43,U-Net,sigmoid=0.5,C5 0H 2_png.rf.UQiYCwrvqp79phsQH2z3.png,0.803664,0,1
unet_black_seed43,U-Net,sigmoid=0.5,C5 12H 1_png.rf.OLiywuVh8Y6xj17HnU6e.png,0.910783,0,1
unet_black_seed43,U-Net,sigmoid=0.5,C5 12H 1_png.rf.eqPnAQCG5aI0rvfthMNV.png,0.906062,0,1
unet_black_seed43,U-Net,sigmoid=0.5,C5 12H 2_png.rf.oLP5pb7BztRNGjNEDlAS.png,0.780884,0,1
unet_black_seed43,U-Net,sigmoid=0.5,C5 12H 2_png.rf.yGOWuMwCESVagvk7Q4HY.png,0.473604,0,1
unet_black_seed43,U-Net,sigmoid=0.5,C5 24H 1_png.rf.GRabFdMEvh7NdJQw7srC.png,0.0,0,0
unet_black_seed43,U-Net,sigmoid=0.5,C5 24H 2_png.rf.1BqtMMJEWOuzOCOM43Zl.png,0.0,0,0
unet_black_seed43,U-Net,sigmoid=0.5,C5 8H 1_png.rf.QRwHfTeZ3iXOWs30KZOS.png,0.929251,0,1
unet_black_seed43,U-Net,sigmoid=0.5,C5 8H 1_png.rf.m0k3TjlxKvLXDFhuBq52.png,0.904464,0,1
unet_black_seed43,U-Net,sigmoid=0.5,C5 8H 2_png.rf.Su3UAyP9dztNqZtfn0u1.png,0.868472,0,1
unet_black_seed43,U-Net,sigmoid=0.5,D1 0H 1_png.rf.fw3oXHFKRwGBIpMcBKY2.png,0.96952,0,1
unet_black_seed43,U-Net,sigmoid=0.5,D1 0H 2_png.rf.In3g26PLvIPVilZ9guvK.png,0.973136,0,1
unet_black_seed43,U-Net,sigmoid=0.5,D1 0HR 1_png.rf.X95BBgcop2LdYBHvWj7G.png,0.976692,0,1
unet_black_seed43,U-Net,sigmoid=0.5,D1 0HR 1_png.rf.pXGKiyw6dpCjGOogRcBS.png,0.972543,0,1
unet_black_seed43,U-Net,sigmoid=0.5,D1 0HR 2_png.rf.Ak8bfHD2sNvAS5ARU8WU.png,0.98181,0,1
unet_black_seed43,U-Net,sigmoid=0.5,D1 0HR 2_png.rf.pBkydjxMgVt0vB999uLo.png,0.974484,0,1
unet_black_seed43,U-Net,sigmoid=0.5,D1 12H 1_png.rf.mKsxEDejqQN6qCQxLyns.png,0.941087,0,1
unet_black_seed43,U-Net,sigmoid=0.5,D1 12H 2_png.rf.hM6Jhc6UJKSMWKFN6Pta.png,0.943166,0,1
unet_black_seed43,U-Net,sigmoid=0.5,D1 12HR 1_png.rf.Sa5pwYNBsukEYVE7qdCO.png,0.898595,0,1
unet_black_seed43,U-Net,sigmoid=0.5,D1 12HR 1_png.rf.mtvtObh31Z25eXwo4BTB.png,0.882411,0,1
unet_black_seed43,U-Net,sigmoid=0.5,D1 12HR 2_png.rf.E03XFlEmMbe4CLEeQ5L0.png,0.854081,0,1
unet_black_seed43,U-Net,sigmoid=0.5,D1 12HR 2_png.rf.c61b9Qj6PnDGEcivk5oi.png,0.922166,0,1
unet_black_seed43,U-Net,sigmoid=0.5,D1 24H 1_png.rf.9St1pSdNBqUmYewNNUks.png,0.550888,0,1
unet_black_seed43,U-Net,sigmoid=0.5,D1 24H 2_png.rf.JPXsJfPNRWwnAkf2OC68.png,0.869897,0,1
unet_black_seed43,U-Net,sigmoid=0.5,D1 24HR 1_png.rf.D7yfyoxo08GRgfqWxkKs.png,0.794709,0,1
unet_black_seed43,U-Net,sigmoid=0.5,D1 24HR 1_png.rf.EHcrx6DNEOw8vqgtCyC2.png,1.0,1,0
unet_black_seed43,U-Net,sigmoid=0.5,D1 24HR 2_png.rf.sKzjQXeeTmG65NxFRo5z.png,1.0,1,0
unet_black_seed43,U-Net,sigmoid=0.5,D1 24HR 2_png.rf.uoxKxnADebGlXimnPrEx.png,0.823026,0,1
unet_black_seed43,U-Net,sigmoid=0.5,D1 8H 1_png.rf.AmYzGCscmIMNbZlAIVL4.png,0.927926,0,1
unet_black_seed43,U-Net,sigmoid=0.5,D1 8H 2_png.rf.1Guur0r0WOYFqgYbD8Ix.png,0.708367,0,1
unet_black_seed43,U-Net,sigmoid=0.5,D1 8HR 1_png.rf.7pXlMXWWJkv2xLuAp89c.png,0.930811,0,1
unet_black_seed43,U-Net,sigmoid=0.5,D1 8HR 1_png.rf.Pm37sn4g0olAl9FUCP58.png,0.924977,0,1
unet_black_seed43,U-Net,sigmoid=0.5,D1 8HR 2_png.rf.We4y9DkVsrjwHtYEPH1S.png,0.89503,0,1
unet_black_seed43,U-Net,sigmoid=0.5,D1 8HR 2_png.rf.zXqaP0fHqHbabD0CzjuF.png,0.939076,0,1
unet_black_seed43,U-Net,sigmoid=0.5,D3 0H 1_png.rf.jWsUip53LaCF4OaEEFcb.png,0.982385,0,1
unet_black_seed43,U-Net,sigmoid=0.5,D3 0H 2_png.rf.lkEcbAGS1IAwabi3cMT3.png,0.938338,0,1
unet_black_seed43,U-Net,sigmoid=0.5,D3 12H 1_png.rf.vDKmMF3YJlFSbIbFZHci.png,0.959988,0,1
unet_black_seed43,U-Net,sigmoid=0.5,D3 12H 2_png.rf.bk65RyMB9bMlU59S1RY7.png,0.948255,0,1
unet_black_seed43,U-Net,sigmoid=0.5,D3 24H 1_png.rf.lgES3xZvT7KoszPGhV44.png,0.953414,0,1
unet_black_seed43,U-Net,sigmoid=0.5,D3 24H 2_png.rf.vu9MuWKRyoy3WKGkVrI5.png,0.888747,0,1
unet_black_seed43,U-Net,sigmoid=0.5,D3 8H 1_png.rf.6ah0Jg4O5oakLSomUxcX.png,0.972554,0,1
unet_black_seed43,U-Net,sigmoid=0.5,D3 8H 2_png.rf.RmIwn01JNbgfY0VcrlAP.png,0.957658,0,1
unet_black_seed43,U-Net,sigmoid=0.5,D4 0H 1_png.rf.FutNJ1bcHBCTMEvRlEBr.png,0.98015,0,1
unet_black_seed43,U-Net,sigmoid=0.5,D4 0H 1_png.rf.hIDWQ46StqSUcKyGmBYY.png,0.968795,0,1
unet_black_seed43,U-Net,sigmoid=0.5,D4 0H 2_png.rf.7RFXNZEElcEIxiB134la.png,0.617157,0,1
unet_black_seed43,U-Net,sigmoid=0.5,D4 0H 2_png.rf.eVEb58gAMbcellIRwKuX.png,0.410797,0,1
unet_black_seed43,U-Net,sigmoid=0.5,D4 0HR 1_png.rf.eLqJwBy4PkAeXHhqw8Ir.png,0.962181,0,1
unet_black_seed43,U-Net,sigmoid=0.5,D4 0HR 2_png.rf.EwNjDB9ss3gmM00iJqPT.png,0.967394,0,1
unet_black_seed43,U-Net,sigmoid=0.5,D4 12H 1_png.rf.9BeWOTfVwMn3ywdSyPmt.png,0.957895,0,1
unet_black_seed43,U-Net,sigmoid=0.5,D4 12H 1_png.rf.rmwAgsyRm1ZzZ55GuiPB.png,0.751737,0,1
unet_black_seed43,U-Net,sigmoid=0.5,D4 12H 2_png.rf.JoRndEJA1lep3hprLUOS.png,0.845509,0,1
unet_black_seed43,U-Net,sigmoid=0.5,D4 12H 2_png.rf.txyJ67o8LXpC3sVtUoTH.png,0.773562,0,1
unet_black_seed43,U-Net,sigmoid=0.5,D4 12HR 1_png.rf.coQP5Rm68FoQiPA5lE4l.png,0.0,0,0
unet_black_seed43,U-Net,sigmoid=0.5,D4 12HR 2_png.rf.3mHz6QXfVp3bYuBorSyN.png,0.841762,0,1
unet_black_seed43,U-Net,sigmoid=0.5,D4 24H 1_png.rf.4NmTRoRHXyugKUw10i8s.png,1.0,1,0
unet_black_seed43,U-Net,sigmoid=0.5,D4 24H 1_png.rf.l74W6BtAd1h2vbDdLYa7.png,0.912507,0,1
unet_black_seed43,U-Net,sigmoid=0.5,D4 24H 2_png.rf.RklTkqfkG2jxmrJIVlDw.png,1.0,1,0
unet_black_seed43,U-Net,sigmoid=0.5,D4 24HR 1_png.rf.ZeWox4g9WSQYjCRdF5Hj.png,1.0,1,0
unet_black_seed43,U-Net,sigmoid=0.5,D4 24HR 2_png.rf.aSdWjnYDFFICPSVHPh41.png,1.0,1,0
unet_black_seed43,U-Net,sigmoid=0.5,D4 8H 1_png.rf.a8mANb97avVu4hPsbo7a.png,0.58381,0,1
unet_black_seed43,U-Net,sigmoid=0.5,D4 8H 1_png.rf.xpR4xGrS7xqp2WqsHOdj.png,0.955921,0,1
unet_black_seed43,U-Net,sigmoid=0.5,D4 8H 2_png.rf.ixTzZNh35XGijmR7VOtL.png,0.525423,0,1
unet_black_seed43,U-Net,sigmoid=0.5,D4 8H 2_png.rf.mnoVDerLhE6PpOQcbUog.png,0.740144,0,1
unet_black_seed43,U-Net,sigmoid=0.5,D4 8HR 1_png.rf.VEshHRtiysfYv1YrXVR9.png,0.876257,0,1
unet_black_seed43,U-Net,sigmoid=0.5,D4 8HR 2_png.rf.1gESfR3nmJtUf5QdqE6H.png,0.879418,0,1
unet_black_seed43,U-Net,sigmoid=0.5,E1 0H 1_png.rf.O4klFnPAFBZQG7ZiiWoa.png,0.964603,0,1
unet_black_seed43,U-Net,sigmoid=0.5,E1 0H 2_png.rf.dwk6Z6HVga7ttj23PmV9.png,0.917884,0,1
unet_black_seed43,U-Net,sigmoid=0.5,E1 12H 1_png.rf.MXhOPdUnNbYD4WTRbftP.png,0.82577,0,1
unet_black_seed43,U-Net,sigmoid=0.5,E1 12H 2_png.rf.GKeGTBMimaglOZhGi5n6.png,0.669137,0,1
unet_black_seed43,U-Net,sigmoid=0.5,E1 24H 1_png.rf.JjdLiNmCus3kSa50aOeW.png,1.0,1,0
unet_black_seed43,U-Net,sigmoid=0.5,E1 8H 1_png.rf.8l6bvVJjLSjiFIlOhJkG.png,0.851618,0,1
unet_black_seed43,U-Net,sigmoid=0.5,E1 8H 2_png.rf.5qtx5quA0obTJbOUZCxP.png,0.817736,0,1
unet_black_seed43,U-Net,sigmoid=0.5,F2 0H 1_png.rf.zPl6vPkH5HpqtxJsWJxj.png,0.945037,0,1
unet_black_seed43,U-Net,sigmoid=0.5,F2 12H 1_png.rf.h05DU2gxBlXL6JdotHmg.png,0.928365,0,1
unet_black_seed43,U-Net,sigmoid=0.5,F2 12H 2_png.rf.2goGI5xvDCGG2PJZ8Its.png,0.883884,0,1
unet_black_seed43,U-Net,sigmoid=0.5,F2 8H 2_png.rf.dUFZVFJ0aVESmoGKjJ05.png,0.859501,0,1
unet_black_seed43,U-Net,sigmoid=0.5,Snap-08_141_png.rf.xxwXm4vgaTgEnxfrDBvk.png,1.0,1,0
unet_black_seed43,U-Net,sigmoid=0.5,Snap-09_200_png.rf.T1DuJr60ClWyEIrNPE9K.png,0.022161,0,1
unet_black_seed43,U-Net,sigmoid=0.5,Snap-09_21_png.rf.eX9WeCW8GgIO8pb44zNf.png,1.0,1,0
unet_black_seed43,U-Net,sigmoid=0.5,Snap-09_66_png.rf.DXbLfCegxmVs4TDoenmh.png,0.799084,0,1
unet_black_seed43,U-Net,sigmoid=0.5,Snap-10_146_png.rf.J1zTbpCRqsOW6DtsIPzv.png,1.0,1,0
unet_black_seed43,U-Net,sigmoid=0.5,Snap-10_png.rf.yj7fOx6nAZtfK19C65wZ.png,0.906842,0,1
unet_black_seed43,U-Net,sigmoid=0.5,Snap-15_15_png.rf.oEkUKHxOZ7qcBLxMlF5e.png,1.0,1,0
unet_black_seed43,U-Net,sigmoid=0.5,Snap-15_60_png.rf.AUB9Da86Zc4f2GiWRpgF.png,0.808913,0,1
unet_black_seed43,U-Net,sigmoid=0.5,Snap-18_122_png.rf.rEzRHI9DOsMmEv8NXGFz.png,0.873184,0,1
unet_black_seed43,U-Net,sigmoid=0.5,Snap-18_182_png.rf.0olrnxTCWxDIVmtPK3HA.png,0.94433,0,1
unet_black_seed43,U-Net,sigmoid=0.5,Snap-20_104_png.rf.lu9wLu7mqVxquLAseXNa.png,0.610462,0,1
unet_black_seed43,U-Net,sigmoid=0.5,Snap-21_56_png.rf.ycoY7vPUknblypXrORx3.png,0.817932,0,1
unet_black_seed43,U-Net,sigmoid=0.5,Snap-24_96_png.rf.s6DeTIAvmh6iZiaYgj4W.png,0.874996,0,1
unet_black_seed43,U-Net,sigmoid=0.5,Snap-25_124_png.rf.qhyZRieBWx1vF8Vfj4ck.png,0.943786,0,1
unet_black_seed43,U-Net,sigmoid=0.5,Snap-25_184_png.rf.fnCmHOHxb5uRZMEeY7RB.png,0.929861,0,1
unet_black_seed43,U-Net,sigmoid=0.5,Snap-25_50_png.rf.CHeux2nrD5owQB0rBnrP.png,1.0,1,0
unet_black_seed43,U-Net,sigmoid=0.5,Snap-25_png.rf.NZSC2ldRJFXa4414jttF.png,0.795543,0,1
unet_black_seed43,U-Net,sigmoid=0.5,Snap-26_283_png.rf.YFDkIZNg1W2rRyv6xoZQ.png,0.798561,0,1
unet_black_seed43,U-Net,sigmoid=0.5,Snap-31_281_png.rf.HrwVzS03qTHBX5RB7awf.png,0.698686,0,1
unet_black_seed43,U-Net,sigmoid=0.5,Snap-36_271_png.rf.sfFr7wfzXmMz4JWE34hv.png,0.926489,0,1
unet_black_seed43,U-Net,sigmoid=0.5,Snap-37_175_png.rf.FF9MN09bmlSbN40cxQRu.png,0.813234,0,1
unet_black_seed43,U-Net,sigmoid=0.5,Snap-37_235_png.rf.fp1LasdFT1TZbfgrTie6.png,0.916445,0,1
unet_black_seed43,U-Net,sigmoid=0.5,Snap-39_77_png.rf.FBpms3tKgC2fVOg0pxu7.png,0.79552,0,1
unet_black_seed43,U-Net,sigmoid=0.5,Snap-39_png.rf.B5ZdhBp8JGAo6JQji9gU.png,0.724033,0,1
unet_black_seed43,U-Net,sigmoid=0.5,Snap-41_270_png.rf.46zb8PtP1Yuu9Wit1FpP.png,0.933266,0,1
unet_black_seed43,U-Net,sigmoid=0.5,Snap-42_165_png.rf.3eAR7nfV8aWUfPbBc82Q.png,0.710426,0,1
unet_black_seed43,U-Net,sigmoid=0.5,Snap-42_225_png.rf.mQxoBxfdEUUtVkhWybfs.png,0.939484,0,1
unet_black_seed43,U-Net,sigmoid=0.5,Snap-42_76_png.rf.erwRb4d1blf6lhZ6UFWy.png,0.907931,0,1
unet_black_seed43,U-Net,sigmoid=0.5,Snap-42_png.rf.vXnbjKiFLjrY6iWZoR1j.png,0.983872,0,1
unet_black_seed43,U-Net,sigmoid=0.5,Snap-47_159_png.rf.iWHwHxKcpvJIH7RHtxRu.png,0.948721,0,1
unet_black_seed43,U-Net,sigmoid=0.5,Snap-47_219_png.rf.tXiQQL4hg3VyVt8yhPHg.png,0.969146,0,1
unet_black_seed43,U-Net,sigmoid=0.5,Snap-52_153_png.rf.jWozliFwqBh7FtxPjDhr.png,0.819396,0,1
unet_black_seed43,U-Net,sigmoid=0.5,Snap-52_213_png.rf.YrkkVK1Bonf3TxwPZWyE.png,0.968597,0,1
unet_black_seed43,U-Net,sigmoid=0.5,Snap-54_106_png.rf.VOFbghvZhHsPNSqUFFkZ.png,0.87834,0,1
unet_black_seed43,U-Net,sigmoid=0.5,Snap-54_1_png.rf.LYlBIIJ3KoqRfd7QemOX.png,0.740495,0,1
unet_black_seed43,U-Net,sigmoid=0.5,Snap-54_png.rf.HGYLhnxL2tQsTiXRBg9n.png,0.912306,0,1
unet_black_seed43,U-Net,sigmoid=0.5,Snap-60_12_png.rf.AiY33Mo4Daj2M4cZgUnh.png,0.890058,0,1
unet_black_seed43,U-Net,sigmoid=0.5,Snap-60_png.rf.RpcRTxyR97nXnbvR3urB.png,0.9359,0,1
unet_black_seed43,U-Net,sigmoid=0.5,ct2_3_png.rf.05gH6Q4BVtzjbT8GvpXk.png,0.991274,0,1
unet_black_seed43,U-Net,sigmoid=0.5,ct2_5_png.rf.V6uuFIT0hRf8VvfkI0ft.png,0.989248,0,1
unet_black_seed43,U-Net,sigmoid=0.5,ptx1_2_png.rf.mOSxinMIUOQxQUjpAhxb.png,0.96134,0,1
unet_black_seed43,U-Net,sigmoid=0.5,ptx2_4_png.rf.YEH27Bh4es5Hup4qomsA.png,0.991423,0,1
unet_black_seed43,U-Net,sigmoid=0.999,A1 0HR 1_png.rf.F8WfJZAyU8hXcsKytbcA.png,0.638477,0,1
unet_black_seed43,U-Net,sigmoid=0.999,A1 0HR 1_png.rf.bBmfdS8DK3Ixtw1fZ9P3.png,0.696363,0,1
unet_black_seed43,U-Net,sigmoid=0.999,A1 0HR 2_png.rf.hVdiwx06lI7rOZ5rr9vC.png,0.384147,0,1
unet_black_seed43,U-Net,sigmoid=0.999,A1 0HR 2_png.rf.wFANdrijgcCbWaNPdyi0.png,0.434636,0,1
unet_black_seed43,U-Net,sigmoid=0.999,A1 12HR 1_png.rf.8FGxD5kQMiDucxJswxPl.png,0.246706,0,1
unet_black_seed43,U-Net,sigmoid=0.999,A1 12HR 1_png.rf.XDKS23ySU3ItzW5Kv957.png,0.382283,0,1
unet_black_seed43,U-Net,sigmoid=0.999,A1 12HR 2_png.rf.6p7F3HADokVM7aGI7thQ.png,0.340966,0,1
unet_black_seed43,U-Net,sigmoid=0.999,A1 12HR 2_png.rf.OoCbkijic6aCx52coryw.png,0.457157,0,1
unet_black_seed43,U-Net,sigmoid=0.999,A1 12hr 1_png.rf.hPnekH9tRkKoF84Y4HTD.png,0.360989,0,1
unet_black_seed43,U-Net,sigmoid=0.999,A1 12hr 2_png.rf.Zc7e1rWOmWcCj4dykv3Z.png,0.498506,0,1
unet_black_seed43,U-Net,sigmoid=0.999,A1 24HR 1_png.rf.1ApDRLrpQqSCaPcShIOu.png,1.0,1,0
unet_black_seed43,U-Net,sigmoid=0.999,A1 24HR 1_png.rf.psHGzfQFFYu0q9OMf12P.png,1.0,1,0
unet_black_seed43,U-Net,sigmoid=0.999,A1 24HR 2_png.rf.8ZCo4suYfwAmYJVAdrgi.png,1.0,1,0
unet_black_seed43,U-Net,sigmoid=0.999,A1 24HR 2_png.rf.QvfIHR0lQkYJbWTuhsBX.png,0.032077,0,1
unet_black_seed43,U-Net,sigmoid=0.999,A1 24h 1_png.rf.TlQXP6CHdUFWS07zQImN.png,1.0,1,0
unet_black_seed43,U-Net,sigmoid=0.999,A1 24h 2_png.rf.o9mYSgMZsKvkMpLuHnpZ.png,1.0,1,0
unet_black_seed43,U-Net,sigmoid=0.999,A1 24hr 1_png.rf.LkrEN1mHJhJhYU2lmydg.png,0.563803,0,1
unet_black_seed43,U-Net,sigmoid=0.999,A1 8HR 1_png.rf.7N4eAqgpqfPKb1eNWowl.png,0.579176,0,1
unet_black_seed43,U-Net,sigmoid=0.999,A1 8HR 1_png.rf.VABkXkmpYjE9yLo5gSBX.png,0.629946,0,1
unet_black_seed43,U-Net,sigmoid=0.999,A1 8HR 2_png.rf.bvjlWbubzYS3fVyOKsCU.png,0.542294,0,1
unet_black_seed43,U-Net,sigmoid=0.999,A1 8HR 2_png.rf.emd32984S6mQhEIM0RXU.png,0.443794,0,1
unet_black_seed43,U-Net,sigmoid=0.999,A2 0H 2_png.rf.wLkBHcGvevKm0A73Vxcz.png,0.153085,0,1
unet_black_seed43,U-Net,sigmoid=0.999,A2 12H 1_png.rf.xnmVBn7WXmT4yiy3UMlx.png,0.410567,0,1
unet_black_seed43,U-Net,sigmoid=0.999,A2 12H 2_png.rf.N7tpAQyq0PEGrhaTGLJT.png,0.526028,0,1
unet_black_seed43,U-Net,sigmoid=0.999,A2 24H 1_png.rf.EFavmtKTLhhnJThESvF0.png,0.532345,0,1
unet_black_seed43,U-Net,sigmoid=0.999,A2 24H 2_png.rf.E5xmaghZdqaoko8wlaZh.png,0.505707,0,1
unet_black_seed43,U-Net,sigmoid=0.999,A2 8H 1_png.rf.xvZ2Owwq7kfNeQBUdLj1.png,0.0,1,1
unet_black_seed43,U-Net,sigmoid=0.999,A2 8H 2_png.rf.7oLJskKDBKhwtDpwzZqy.png,0.166054,0,1
unet_black_seed43,U-Net,sigmoid=0.999,A3 0H 1_png.rf.4oL1M95z5XQoppHkibCl.png,0.0,1,1
unet_black_seed43,U-Net,sigmoid=0.999,A3 0H 2_png.rf.QDCtQGDH1pznmeHT0BNJ.png,0.002954,0,1
unet_black_seed43,U-Net,sigmoid=0.999,A3 12H 1_png.rf.TU0BGVsD3XJqPwGYBsiu.png,0.033392,0,1
unet_black_seed43,U-Net,sigmoid=0.999,A3 12H 2_png.rf.r5xe4JQ4Ecgyw1raWv4H.png,0.487118,0,1
unet_black_seed43,U-Net,sigmoid=0.999,A3 24H 1_png.rf.tfdHOCRouEH53EDqy7G0.png,1.0,1,0
unet_black_seed43,U-Net,sigmoid=0.999,A3 24H 2_png.rf.TOtRUqMkxCrasCpSjZKO.png,1.0,1,0
unet_black_seed43,U-Net,sigmoid=0.999,A3 8H 1_png.rf.d60KhXvDmSmp3Oia8S8T.png,0.433569,0,1
unet_black_seed43,U-Net,sigmoid=0.999,A3 8H 2_png.rf.B5nEx5FtZ9JTiEjZrHJb.png,0.160837,0,1
unet_black_seed43,U-Net,sigmoid=0.999,A5 0HR 1_png.rf.ckTpizxWhCzqrJmwetqV.png,0.525006,0,1
unet_black_seed43,U-Net,sigmoid=0.999,A5 0HR 2_png.rf.C9gm2A2fkupz9aW1u7b9.png,0.463311,0,1
unet_black_seed43,U-Net,sigmoid=0.999,A5 12HR 1_png.rf.1xA3zwCvRWDQRrGvHIhA.png,0.339301,0,1
unet_black_seed43,U-Net,sigmoid=0.999,A5 12HR 1_png.rf.IESDSkszuJatVJfvQ7PW.png,0.34002,0,1
unet_black_seed43,U-Net,sigmoid=0.999,A5 12HR 2_png.rf.mzYpTwvbQHLWffHAkMOe.png,0.546853,0,1
unet_black_seed43,U-Net,sigmoid=0.999,A5 12HR 2_png.rf.rAr8U7x7uLNYSny2Orvg.png,0.328156,0,1
unet_black_seed43,U-Net,sigmoid=0.999,A5 24HR 1_png.rf.CpfIcPI5krfxTtJFGjKH.png,1.0,1,0
unet_black_seed43,U-Net,sigmoid=0.999,A5 24HR 1_png.rf.QWraD9H7IOqSfp8mznDQ.png,0.0,1,1
unet_black_seed43,U-Net,sigmoid=0.999,A5 24HR 2_png.rf.JBrJ8KO8uH9Jn3iTJvZf.png,1.0,1,0
unet_black_seed43,U-Net,sigmoid=0.999,A5 24HR 2_png.rf.xE7wqG2pbN9OFXjVvNjl.png,0.118101,0,1
unet_black_seed43,U-Net,sigmoid=0.999,A5 8HR 1_png.rf.jEYUYpVLybixXNUndrI9.png,0.552328,0,1
unet_black_seed43,U-Net,sigmoid=0.999,A5 8HR 1_png.rf.qbCCkoclBZRwrN2mNDA9.png,0.456706,0,1
unet_black_seed43,U-Net,sigmoid=0.999,A5 8HR 2_png.rf.7U0SE5K1r1eXtmiCBL1Q.png,0.67003,0,1
unet_black_seed43,U-Net,sigmoid=0.999,A6 0H 1_png.rf.rKpcg4iYJ50H0XfmG98n.png,0.0,1,1
unet_black_seed43,U-Net,sigmoid=0.999,A6 0H 2_png.rf.xTjPOuBdGBBEAQh6qzcS.png,0.0,1,1
unet_black_seed43,U-Net,sigmoid=0.999,A6 12H 1_png.rf.ttiuv3CjzGc6GvMTytlM.png,0.223619,0,1
unet_black_seed43,U-Net,sigmoid=0.999,A6 12H 2_png.rf.bsoBQRnwC6AtJ5KRBKDv.png,0.324323,0,1
unet_black_seed43,U-Net,sigmoid=0.999,A6 24H 1_png.rf.nNdt9zlpThgANxpw0Afd.png,0.195476,0,1
unet_black_seed43,U-Net,sigmoid=0.999,A6 24H 2_png.rf.fnzQMmHMSJJ6YxflXcKp.png,0.359696,0,1
unet_black_seed43,U-Net,sigmoid=0.999,A6 8H 1_png.rf.0Ed4k50VKrxz80UdTuUb.png,0.022892,0,1
unet_black_seed43,U-Net,sigmoid=0.999,A6 8H 2_png.rf.8H5VYogwRaw3bc7Ufnp7.png,0.0,1,1
unet_black_seed43,U-Net,sigmoid=0.999,B1 0H 1_png.rf.j3ckb2OmuPoN1D2ZNrsL.png,0.006096,0,1
unet_black_seed43,U-Net,sigmoid=0.999,B1 0H 2_png.rf.M9qDqnfqVRQAN3kixv3Y.png,0.142912,0,1
unet_black_seed43,U-Net,sigmoid=0.999,B1 0HR 1_png.rf.eIMkkfHeHfLEZ04ezC1L.png,0.388906,0,1
unet_black_seed43,U-Net,sigmoid=0.999,B1 0HR 2_png.rf.GJOlprTE8cvwD4CrUmlP.png,0.442844,0,1
unet_black_seed43,U-Net,sigmoid=0.999,B1 0hr 1_png.rf.HQmAp3GBzLOJSBnrI49n.png,0.03988,0,1
unet_black_seed43,U-Net,sigmoid=0.999,B1 0hr 1_png.rf.IpACHL1Orw6aFOfMt2L4.png,0.058013,0,1
unet_black_seed43,U-Net,sigmoid=0.999,B1 0hr 1_png.rf.MsTYgRqpBawgbfwCxIBh.png,0.000628,0,1
unet_black_seed43,U-Net,sigmoid=0.999,B1 0hr 2_png.rf.XjumgmgMNkQhrRGLEgFA.png,0.094313,0,1
unet_black_seed43,U-Net,sigmoid=0.999,B1 0hr_1_png.rf.DUGXTEiLp7a24s7ag9dO.png,0.0,1,1
unet_black_seed43,U-Net,sigmoid=0.999,B1 0hr_2_png.rf.wWUkB0l85vJDlD6q526J.png,0.0,1,1
unet_black_seed43,U-Net,sigmoid=0.999,B1 12H 1_png.rf.VB9B0BXSFCbQoytWKIkL.png,0.106353,0,1
unet_black_seed43,U-Net,sigmoid=0.999,B1 12H 2_png.rf.cFU7xmBfmqqkIIa5q7nh.png,0.056474,0,1
unet_black_seed43,U-Net,sigmoid=0.999,B1 12HR 1_png.rf.iGQ0raXb1cPFjLpTE8Qs.png,0.551848,0,1
unet_black_seed43,U-Net,sigmoid=0.999,B1 12hr 1_png.rf.Basp8dmX2exqZZBqydBx.png,0.556719,0,1
unet_black_seed43,U-Net,sigmoid=0.999,B1 12hr 1_png.rf.MkOpH7SVtG5q4EYuFmK2.png,0.394931,0,1
unet_black_seed43,U-Net,sigmoid=0.999,B1 12hr 1_png.rf.sRUPpw6VBKsEL7UWcuqg.png,0.246532,0,1
unet_black_seed43,U-Net,sigmoid=0.999,B1 12hr_1_png.rf.dB4OztvLmzVa4BGq5jCN.png,0.0,1,1
unet_black_seed43,U-Net,sigmoid=0.999,B1 24H 1_png.rf.GJ99b6zJDkCcdldeprAL.png,0.474844,0,1
unet_black_seed43,U-Net,sigmoid=0.999,B1 24H 2_png.rf.WAXPIALQ8VqzYoMup3J4.png,0.279016,0,1
unet_black_seed43,U-Net,sigmoid=0.999,B1 24HR 1_png.rf.ZOXgAwm7pCyA0PxFBFkk.png,0.485787,0,1
unet_black_seed43,U-Net,sigmoid=0.999,B1 24HR 2_png.rf.Ls9u8THJDkrAcAUiOT0Q.png,0.390044,0,1
unet_black_seed43,U-Net,sigmoid=0.999,B1 24hr 1_png.rf.wZriPsVdQe9B1XYh0ypQ.png,0.112401,0,1
unet_black_seed43,U-Net,sigmoid=0.999,B1 24hr 2_png.rf.kOhjizJROLOCgNfM1IF5.png,0.313836,0,1
unet_black_seed43,U-Net,sigmoid=0.999,B1 8H 1_png.rf.fqDTrXJGtwGnRUswH16c.png,0.625283,0,1
unet_black_seed43,U-Net,sigmoid=0.999,B1 8H 2_png.rf.gA6SnVr547LgfEenVrRi.png,0.439896,0,1
unet_black_seed43,U-Net,sigmoid=0.999,B1 8HR 1_png.rf.AMXvM5M5gyDuLKC5DTa9.png,0.621661,0,1
unet_black_seed43,U-Net,sigmoid=0.999,B1 8HR 2_png.rf.QKXzmdKQE41ccuWFgbwS.png,0.560359,0,1
unet_black_seed43,U-Net,sigmoid=0.999,B1 8hr 1_png.rf.pwZlWzk9sZA3CwldABe9.png,0.08672,0,1
unet_black_seed43,U-Net,sigmoid=0.999,B1 8hr 1_png.rf.xNkp4JfkmuylOQerzD1Q.png,0.133808,0,1
unet_black_seed43,U-Net,sigmoid=0.999,B1 8hr 2_png.rf.L73Y3X4Dx7HELGkPVNlg.png,0.419622,0,1
unet_black_seed43,U-Net,sigmoid=0.999,B4 0H 1_png.rf.UkNByK7H1jadGiO9HCAd.png,0.293798,0,1
unet_black_seed43,U-Net,sigmoid=0.999,B4 0H 2_png.rf.rXION3PvUG9p2y5KH5ZG.png,0.002046,0,1
unet_black_seed43,U-Net,sigmoid=0.999,B4 12H 1_png.rf.1ULnxID5MP426B41agfS.png,0.0,1,1
unet_black_seed43,U-Net,sigmoid=0.999,B4 12H 2_png.rf.BUDIsAimJHwizKA26kde.png,0.127303,0,1
unet_black_seed43,U-Net,sigmoid=0.999,B4 24H 1_png.rf.b60wYuoI9jxCKCHE2l9q.png,0.353744,0,1
unet_black_seed43,U-Net,sigmoid=0.999,B4 24H 2_png.rf.Dy3NkPc0L9HXhRCtCbkW.png,1.0,1,0
unet_black_seed43,U-Net,sigmoid=0.999,B4 8H 1_png.rf.OVZZyofXQpVrU06rEdEV.png,0.312811,0,1
unet_black_seed43,U-Net,sigmoid=0.999,B4 8H 2_png.rf.ShxIhASvXw8lGbZkLgUb.png,0.134799,0,1
unet_black_seed43,U-Net,sigmoid=0.999,B5 0HR 1_png.rf.HyxAq2SZFEx1y342m6b9.png,0.004765,0,1
unet_black_seed43,U-Net,sigmoid=0.999,B5 0HR 1_png.rf.J6hP1h51BcAFg4KFN6lN.png,0.432616,0,1
unet_black_seed43,U-Net,sigmoid=0.999,B5 0HR 2_png.rf.MUU0CWJgRWrZIA9N0J2X.png,0.244038,0,1
unet_black_seed43,U-Net,sigmoid=0.999,B5 12HR 1_png.rf.XqoVkA4DK3JbERfwmQPP.png,0.572319,0,1
unet_black_seed43,U-Net,sigmoid=0.999,B5 12HR 2_png.rf.EZH0RYIN3t8Q75rFyebV.png,0.499705,0,1
unet_black_seed43,U-Net,sigmoid=0.999,B5 12HR 2_png.rf.mSR2WAZaiHT4hljqFuAE.png,0.486425,0,1
unet_black_seed43,U-Net,sigmoid=0.999,B5 24HR 1_png.rf.TJTLDoAzR6YqhVVqJjBV.png,1.0,1,0
unet_black_seed43,U-Net,sigmoid=0.999,B5 24HR _png.rf.g9PDGT1tjMWdiPw6OCJg.png,1.0,1,0
unet_black_seed43,U-Net,sigmoid=0.999,B5 8HR 1_png.rf.Ym4RLm5f7bEAlTD8XV4Q.png,0.633797,0,1
unet_black_seed43,U-Net,sigmoid=0.999,B5 8HR 2_png.rf.1bM2nfrE3C3SuMgkQzIF.png,0.538439,0,1
unet_black_seed43,U-Net,sigmoid=0.999,B5 8HR 2_png.rf.BzRPidTOrz4nL1zIlvSL.png,0.283257,0,1
unet_black_seed43,U-Net,sigmoid=0.999,B6 0HR 1_png.rf.G9IIgGta9Gbbj9yqetJW.png,0.467128,0,1
unet_black_seed43,U-Net,sigmoid=0.999,B6 0hr 1_png.rf.tP2kS9n37GFU0hMWW7mV.png,0.009543,0,1
unet_black_seed43,U-Net,sigmoid=0.999,B6 12HR 1_png.rf.gMy5B0cpXrZXzyMCZhuv.png,0.294063,0,1
unet_black_seed43,U-Net,sigmoid=0.999,B6 12HR 2_png.rf.BMDqWV1RTxKKoPMgnLal.png,0.223005,0,1
unet_black_seed43,U-Net,sigmoid=0.999,B6 12hr 1_png.rf.wMEDLQnrMWwVbcfKlQek.png,0.502799,0,1
unet_black_seed43,U-Net,sigmoid=0.999,B6 12hr 2_png.rf.y4b1NNhMuInMAANEGR5y.png,0.310894,0,1
unet_black_seed43,U-Net,sigmoid=0.999,B6 24h 1_png.rf.HqRokqEzDfBP5O3ZtezT.png,1.0,1,0
unet_black_seed43,U-Net,sigmoid=0.999,B6 24h 1_png.rf.Mqv4F4d5b4AUQiStkAzE.png,1.0,1,0
unet_black_seed43,U-Net,sigmoid=0.999,C5 0H 1_png.rf.OdwF3vyzWYOgZ8CvxU5t.png,0.133757,0,1
unet_black_seed43,U-Net,sigmoid=0.999,C5 0H 1_png.rf.qfmzlYXXLFM1UbctuHo5.png,0.158812,0,1
unet_black_seed43,U-Net,sigmoid=0.999,C5 0H 2_png.rf.UQiYCwrvqp79phsQH2z3.png,0.30015,0,1
unet_black_seed43,U-Net,sigmoid=0.999,C5 12H 1_png.rf.OLiywuVh8Y6xj17HnU6e.png,0.372809,0,1
unet_black_seed43,U-Net,sigmoid=0.999,C5 12H 1_png.rf.eqPnAQCG5aI0rvfthMNV.png,0.515527,0,1
unet_black_seed43,U-Net,sigmoid=0.999,C5 12H 2_png.rf.oLP5pb7BztRNGjNEDlAS.png,0.36518,0,1
unet_black_seed43,U-Net,sigmoid=0.999,C5 12H 2_png.rf.yGOWuMwCESVagvk7Q4HY.png,0.004643,0,1
unet_black_seed43,U-Net,sigmoid=0.999,C5 24H 1_png.rf.GRabFdMEvh7NdJQw7srC.png,1.0,1,0
unet_black_seed43,U-Net,sigmoid=0.999,C5 24H 2_png.rf.1BqtMMJEWOuzOCOM43Zl.png,1.0,1,0
unet_black_seed43,U-Net,sigmoid=0.999,C5 8H 1_png.rf.QRwHfTeZ3iXOWs30KZOS.png,0.584981,0,1
unet_black_seed43,U-Net,sigmoid=0.999,C5 8H 1_png.rf.m0k3TjlxKvLXDFhuBq52.png,0.456167,0,1
unet_black_seed43,U-Net,sigmoid=0.999,C5 8H 2_png.rf.Su3UAyP9dztNqZtfn0u1.png,0.53214,0,1
unet_black_seed43,U-Net,sigmoid=0.999,D1 0H 1_png.rf.fw3oXHFKRwGBIpMcBKY2.png,0.477001,0,1
unet_black_seed43,U-Net,sigmoid=0.999,D1 0H 2_png.rf.In3g26PLvIPVilZ9guvK.png,0.328478,0,1
unet_black_seed43,U-Net,sigmoid=0.999,D1 0HR 1_png.rf.X95BBgcop2LdYBHvWj7G.png,0.255535,0,1
unet_black_seed43,U-Net,sigmoid=0.999,D1 0HR 1_png.rf.pXGKiyw6dpCjGOogRcBS.png,0.57943,0,1
unet_black_seed43,U-Net,sigmoid=0.999,D1 0HR 2_png.rf.Ak8bfHD2sNvAS5ARU8WU.png,0.556141,0,1
unet_black_seed43,U-Net,sigmoid=0.999,D1 0HR 2_png.rf.pBkydjxMgVt0vB999uLo.png,0.035694,0,1
unet_black_seed43,U-Net,sigmoid=0.999,D1 12H 1_png.rf.mKsxEDejqQN6qCQxLyns.png,0.513937,0,1
unet_black_seed43,U-Net,sigmoid=0.999,D1 12H 2_png.rf.hM6Jhc6UJKSMWKFN6Pta.png,0.242742,0,1
unet_black_seed43,U-Net,sigmoid=0.999,D1 12HR 1_png.rf.Sa5pwYNBsukEYVE7qdCO.png,0.383919,0,1
unet_black_seed43,U-Net,sigmoid=0.999,D1 12HR 1_png.rf.mtvtObh31Z25eXwo4BTB.png,0.494844,0,1
unet_black_seed43,U-Net,sigmoid=0.999,D1 12HR 2_png.rf.E03XFlEmMbe4CLEeQ5L0.png,0.491582,0,1
unet_black_seed43,U-Net,sigmoid=0.999,D1 12HR 2_png.rf.c61b9Qj6PnDGEcivk5oi.png,0.315221,0,1
unet_black_seed43,U-Net,sigmoid=0.999,D1 24H 1_png.rf.9St1pSdNBqUmYewNNUks.png,0.111171,0,1
unet_black_seed43,U-Net,sigmoid=0.999,D1 24H 2_png.rf.JPXsJfPNRWwnAkf2OC68.png,0.08504,0,1
unet_black_seed43,U-Net,sigmoid=0.999,D1 24HR 1_png.rf.D7yfyoxo08GRgfqWxkKs.png,0.123732,0,1
unet_black_seed43,U-Net,sigmoid=0.999,D1 24HR 1_png.rf.EHcrx6DNEOw8vqgtCyC2.png,1.0,1,0
unet_black_seed43,U-Net,sigmoid=0.999,D1 24HR 2_png.rf.sKzjQXeeTmG65NxFRo5z.png,1.0,1,0
unet_black_seed43,U-Net,sigmoid=0.999,D1 24HR 2_png.rf.uoxKxnADebGlXimnPrEx.png,0.014006,0,1
unet_black_seed43,U-Net,sigmoid=0.999,D1 8H 1_png.rf.AmYzGCscmIMNbZlAIVL4.png,0.366639,0,1
unet_black_seed43,U-Net,sigmoid=0.999,D1 8H 2_png.rf.1Guur0r0WOYFqgYbD8Ix.png,0.000624,0,1
unet_black_seed43,U-Net,sigmoid=0.999,D1 8HR 1_png.rf.7pXlMXWWJkv2xLuAp89c.png,0.385306,0,1
unet_black_seed43,U-Net,sigmoid=0.999,D1 8HR 1_png.rf.Pm37sn4g0olAl9FUCP58.png,0.608207,0,1
unet_black_seed43,U-Net,sigmoid=0.999,D1 8HR 2_png.rf.We4y9DkVsrjwHtYEPH1S.png,0.74235,0,1
unet_black_seed43,U-Net,sigmoid=0.999,D1 8HR 2_png.rf.zXqaP0fHqHbabD0CzjuF.png,0.383505,0,1
unet_black_seed43,U-Net,sigmoid=0.999,D3 0H 1_png.rf.jWsUip53LaCF4OaEEFcb.png,0.215534,0,1
unet_black_seed43,U-Net,sigmoid=0.999,D3 0H 2_png.rf.lkEcbAGS1IAwabi3cMT3.png,0.052653,0,1
unet_black_seed43,U-Net,sigmoid=0.999,D3 12H 1_png.rf.vDKmMF3YJlFSbIbFZHci.png,0.425224,0,1
unet_black_seed43,U-Net,sigmoid=0.999,D3 12H 2_png.rf.bk65RyMB9bMlU59S1RY7.png,0.001562,0,1
unet_black_seed43,U-Net,sigmoid=0.999,D3 24H 1_png.rf.lgES3xZvT7KoszPGhV44.png,0.564744,0,1
unet_black_seed43,U-Net,sigmoid=0.999,D3 24H 2_png.rf.vu9MuWKRyoy3WKGkVrI5.png,0.440828,0,1
unet_black_seed43,U-Net,sigmoid=0.999,D3 8H 1_png.rf.6ah0Jg4O5oakLSomUxcX.png,0.555705,0,1
unet_black_seed43,U-Net,sigmoid=0.999,D3 8H 2_png.rf.RmIwn01JNbgfY0VcrlAP.png,0.113426,0,1
unet_black_seed43,U-Net,sigmoid=0.999,D4 0H 1_png.rf.FutNJ1bcHBCTMEvRlEBr.png,0.512381,0,1
unet_black_seed43,U-Net,sigmoid=0.999,D4 0H 1_png.rf.hIDWQ46StqSUcKyGmBYY.png,0.279493,0,1
unet_black_seed43,U-Net,sigmoid=0.999,D4 0H 2_png.rf.7RFXNZEElcEIxiB134la.png,0.315242,0,1
unet_black_seed43,U-Net,sigmoid=0.999,D4 0H 2_png.rf.eVEb58gAMbcellIRwKuX.png,0.0,1,1
unet_black_seed43,U-Net,sigmoid=0.999,D4 0HR 1_png.rf.eLqJwBy4PkAeXHhqw8Ir.png,0.495201,0,1
unet_black_seed43,U-Net,sigmoid=0.999,D4 0HR 2_png.rf.EwNjDB9ss3gmM00iJqPT.png,0.426001,0,1
unet_black_seed43,U-Net,sigmoid=0.999,D4 12H 1_png.rf.9BeWOTfVwMn3ywdSyPmt.png,0.435633,0,1
unet_black_seed43,U-Net,sigmoid=0.999,D4 12H 1_png.rf.rmwAgsyRm1ZzZ55GuiPB.png,0.0,1,1
unet_black_seed43,U-Net,sigmoid=0.999,D4 12H 2_png.rf.JoRndEJA1lep3hprLUOS.png,0.026322,0,1
unet_black_seed43,U-Net,sigmoid=0.999,D4 12H 2_png.rf.txyJ67o8LXpC3sVtUoTH.png,0.002676,0,1
unet_black_seed43,U-Net,sigmoid=0.999,D4 12HR 1_png.rf.coQP5Rm68FoQiPA5lE4l.png,1.0,1,0
unet_black_seed43,U-Net,sigmoid=0.999,D4 12HR 2_png.rf.3mHz6QXfVp3bYuBorSyN.png,0.48736,0,1
unet_black_seed43,U-Net,sigmoid=0.999,D4 24H 1_png.rf.4NmTRoRHXyugKUw10i8s.png,1.0,1,0
unet_black_seed43,U-Net,sigmoid=0.999,D4 24H 1_png.rf.l74W6BtAd1h2vbDdLYa7.png,0.2905,0,1
unet_black_seed43,U-Net,sigmoid=0.999,D4 24H 2_png.rf.RklTkqfkG2jxmrJIVlDw.png,1.0,1,0
unet_black_seed43,U-Net,sigmoid=0.999,D4 24HR 1_png.rf.ZeWox4g9WSQYjCRdF5Hj.png,1.0,1,0
unet_black_seed43,U-Net,sigmoid=0.999,D4 24HR 2_png.rf.aSdWjnYDFFICPSVHPh41.png,1.0,1,0
unet_black_seed43,U-Net,sigmoid=0.999,D4 8H 1_png.rf.a8mANb97avVu4hPsbo7a.png,0.178718,0,1
unet_black_seed43,U-Net,sigmoid=0.999,D4 8H 1_png.rf.xpR4xGrS7xqp2WqsHOdj.png,0.245798,0,1
unet_black_seed43,U-Net,sigmoid=0.999,D4 8H 2_png.rf.ixTzZNh35XGijmR7VOtL.png,9.5e-05,0,1
unet_black_seed43,U-Net,sigmoid=0.999,D4 8H 2_png.rf.mnoVDerLhE6PpOQcbUog.png,0.170004,0,1
unet_black_seed43,U-Net,sigmoid=0.999,D4 8HR 1_png.rf.VEshHRtiysfYv1YrXVR9.png,0.456421,0,1
unet_black_seed43,U-Net,sigmoid=0.999,D4 8HR 2_png.rf.1gESfR3nmJtUf5QdqE6H.png,0.565013,0,1
unet_black_seed43,U-Net,sigmoid=0.999,E1 0H 1_png.rf.O4klFnPAFBZQG7ZiiWoa.png,0.123347,0,1
unet_black_seed43,U-Net,sigmoid=0.999,E1 0H 2_png.rf.dwk6Z6HVga7ttj23PmV9.png,0.023455,0,1
unet_black_seed43,U-Net,sigmoid=0.999,E1 12H 1_png.rf.MXhOPdUnNbYD4WTRbftP.png,0.032027,0,1
unet_black_seed43,U-Net,sigmoid=0.999,E1 12H 2_png.rf.GKeGTBMimaglOZhGi5n6.png,0.0,1,1
unet_black_seed43,U-Net,sigmoid=0.999,E1 24H 1_png.rf.JjdLiNmCus3kSa50aOeW.png,1.0,1,0
unet_black_seed43,U-Net,sigmoid=0.999,E1 8H 1_png.rf.8l6bvVJjLSjiFIlOhJkG.png,0.032122,0,1
unet_black_seed43,U-Net,sigmoid=0.999,E1 8H 2_png.rf.5qtx5quA0obTJbOUZCxP.png,0.000528,0,1
unet_black_seed43,U-Net,sigmoid=0.999,F2 0H 1_png.rf.zPl6vPkH5HpqtxJsWJxj.png,0.118274,0,1
unet_black_seed43,U-Net,sigmoid=0.999,F2 12H 1_png.rf.h05DU2gxBlXL6JdotHmg.png,0.123448,0,1
unet_black_seed43,U-Net,sigmoid=0.999,F2 12H 2_png.rf.2goGI5xvDCGG2PJZ8Its.png,0.040169,0,1
unet_black_seed43,U-Net,sigmoid=0.999,F2 8H 2_png.rf.dUFZVFJ0aVESmoGKjJ05.png,0.072097,0,1
unet_black_seed43,U-Net,sigmoid=0.999,Snap-08_141_png.rf.xxwXm4vgaTgEnxfrDBvk.png,1.0,1,0
unet_black_seed43,U-Net,sigmoid=0.999,Snap-09_200_png.rf.T1DuJr60ClWyEIrNPE9K.png,0.0,1,1
unet_black_seed43,U-Net,sigmoid=0.999,Snap-09_21_png.rf.eX9WeCW8GgIO8pb44zNf.png,1.0,1,0
unet_black_seed43,U-Net,sigmoid=0.999,Snap-09_66_png.rf.DXbLfCegxmVs4TDoenmh.png,0.083075,0,1
unet_black_seed43,U-Net,sigmoid=0.999,Snap-10_146_png.rf.J1zTbpCRqsOW6DtsIPzv.png,1.0,1,0
unet_black_seed43,U-Net,sigmoid=0.999,Snap-10_png.rf.yj7fOx6nAZtfK19C65wZ.png,0.185419,0,1
unet_black_seed43,U-Net,sigmoid=0.999,Snap-15_15_png.rf.oEkUKHxOZ7qcBLxMlF5e.png,1.0,1,0
unet_black_seed43,U-Net,sigmoid=0.999,Snap-15_60_png.rf.AUB9Da86Zc4f2GiWRpgF.png,0.001381,0,1
unet_black_seed43,U-Net,sigmoid=0.999,Snap-18_122_png.rf.rEzRHI9DOsMmEv8NXGFz.png,0.432095,0,1
unet_black_seed43,U-Net,sigmoid=0.999,Snap-18_182_png.rf.0olrnxTCWxDIVmtPK3HA.png,0.648251,0,1
unet_black_seed43,U-Net,sigmoid=0.999,Snap-20_104_png.rf.lu9wLu7mqVxquLAseXNa.png,0.007361,0,1
unet_black_seed43,U-Net,sigmoid=0.999,Snap-21_56_png.rf.ycoY7vPUknblypXrORx3.png,0.258763,0,1
unet_black_seed43,U-Net,sigmoid=0.999,Snap-24_96_png.rf.s6DeTIAvmh6iZiaYgj4W.png,0.226499,0,1
unet_black_seed43,U-Net,sigmoid=0.999,Snap-25_124_png.rf.qhyZRieBWx1vF8Vfj4ck.png,0.349214,0,1
unet_black_seed43,U-Net,sigmoid=0.999,Snap-25_184_png.rf.fnCmHOHxb5uRZMEeY7RB.png,0.092194,0,1
unet_black_seed43,U-Net,sigmoid=0.999,Snap-25_50_png.rf.CHeux2nrD5owQB0rBnrP.png,1.0,1,0
unet_black_seed43,U-Net,sigmoid=0.999,Snap-25_png.rf.NZSC2ldRJFXa4414jttF.png,0.19828,0,1
unet_black_seed43,U-Net,sigmoid=0.999,Snap-26_283_png.rf.YFDkIZNg1W2rRyv6xoZQ.png,0.103741,0,1
unet_black_seed43,U-Net,sigmoid=0.999,Snap-31_281_png.rf.HrwVzS03qTHBX5RB7awf.png,0.150958,0,1
unet_black_seed43,U-Net,sigmoid=0.999,Snap-36_271_png.rf.sfFr7wfzXmMz4JWE34hv.png,0.585428,0,1
unet_black_seed43,U-Net,sigmoid=0.999,Snap-37_175_png.rf.FF9MN09bmlSbN40cxQRu.png,0.125955,0,1
unet_black_seed43,U-Net,sigmoid=0.999,Snap-37_235_png.rf.fp1LasdFT1TZbfgrTie6.png,0.509343,0,1
unet_black_seed43,U-Net,sigmoid=0.999,Snap-39_77_png.rf.FBpms3tKgC2fVOg0pxu7.png,0.016131,0,1
unet_black_seed43,U-Net,sigmoid=0.999,Snap-39_png.rf.B5ZdhBp8JGAo6JQji9gU.png,0.115146,0,1
unet_black_seed43,U-Net,sigmoid=0.999,Snap-41_270_png.rf.46zb8PtP1Yuu9Wit1FpP.png,0.482464,0,1
unet_black_seed43,U-Net,sigmoid=0.999,Snap-42_165_png.rf.3eAR7nfV8aWUfPbBc82Q.png,0.249271,0,1
unet_black_seed43,U-Net,sigmoid=0.999,Snap-42_225_png.rf.mQxoBxfdEUUtVkhWybfs.png,0.634654,0,1
unet_black_seed43,U-Net,sigmoid=0.999,Snap-42_76_png.rf.erwRb4d1blf6lhZ6UFWy.png,0.451891,0,1
unet_black_seed43,U-Net,sigmoid=0.999,Snap-42_png.rf.vXnbjKiFLjrY6iWZoR1j.png,0.438441,0,1
unet_black_seed43,U-Net,sigmoid=0.999,Snap-47_159_png.rf.iWHwHxKcpvJIH7RHtxRu.png,0.533172,0,1
unet_black_seed43,U-Net,sigmoid=0.999,Snap-47_219_png.rf.tXiQQL4hg3VyVt8yhPHg.png,0.448075,0,1
unet_black_seed43,U-Net,sigmoid=0.999,Snap-52_153_png.rf.jWozliFwqBh7FtxPjDhr.png,0.030239,0,1
unet_black_seed43,U-Net,sigmoid=0.999,Snap-52_213_png.rf.YrkkVK1Bonf3TxwPZWyE.png,0.62317,0,1
unet_black_seed43,U-Net,sigmoid=0.999,Snap-54_106_png.rf.VOFbghvZhHsPNSqUFFkZ.png,0.130521,0,1
unet_black_seed43,U-Net,sigmoid=0.999,Snap-54_1_png.rf.LYlBIIJ3KoqRfd7QemOX.png,0.156107,0,1
unet_black_seed43,U-Net,sigmoid=0.999,Snap-54_png.rf.HGYLhnxL2tQsTiXRBg9n.png,0.124203,0,1
unet_black_seed43,U-Net,sigmoid=0.999,Snap-60_12_png.rf.AiY33Mo4Daj2M4cZgUnh.png,0.098029,0,1
unet_black_seed43,U-Net,sigmoid=0.999,Snap-60_png.rf.RpcRTxyR97nXnbvR3urB.png,0.186266,0,1
unet_black_seed43,U-Net,sigmoid=0.999,ct2_3_png.rf.05gH6Q4BVtzjbT8GvpXk.png,0.306835,0,1
unet_black_seed43,U-Net,sigmoid=0.999,ct2_5_png.rf.V6uuFIT0hRf8VvfkI0ft.png,0.146851,0,1
unet_black_seed43,U-Net,sigmoid=0.999,ptx1_2_png.rf.mOSxinMIUOQxQUjpAhxb.png,0.186974,0,1
unet_black_seed43,U-Net,sigmoid=0.999,ptx2_4_png.rf.YEH27Bh4es5Hup4qomsA.png,0.254843,0,1
unet_black_seed44,U-Net,sigmoid=0.5,A1 0HR 1_png.rf.F8WfJZAyU8hXcsKytbcA.png,0.978511,0,1
unet_black_seed44,U-Net,sigmoid=0.5,A1 0HR 1_png.rf.bBmfdS8DK3Ixtw1fZ9P3.png,0.973031,0,1
unet_black_seed44,U-Net,sigmoid=0.5,A1 0HR 2_png.rf.hVdiwx06lI7rOZ5rr9vC.png,0.971382,0,1
unet_black_seed44,U-Net,sigmoid=0.5,A1 0HR 2_png.rf.wFANdrijgcCbWaNPdyi0.png,0.97817,0,1
unet_black_seed44,U-Net,sigmoid=0.5,A1 12HR 1_png.rf.8FGxD5kQMiDucxJswxPl.png,0.89143,0,1
unet_black_seed44,U-Net,sigmoid=0.5,A1 12HR 1_png.rf.XDKS23ySU3ItzW5Kv957.png,0.866929,0,1
unet_black_seed44,U-Net,sigmoid=0.5,A1 12HR 2_png.rf.6p7F3HADokVM7aGI7thQ.png,0.864158,0,1
unet_black_seed44,U-Net,sigmoid=0.5,A1 12HR 2_png.rf.OoCbkijic6aCx52coryw.png,0.877225,0,1
unet_black_seed44,U-Net,sigmoid=0.5,A1 12hr 1_png.rf.hPnekH9tRkKoF84Y4HTD.png,0.957843,0,1
unet_black_seed44,U-Net,sigmoid=0.5,A1 12hr 2_png.rf.Zc7e1rWOmWcCj4dykv3Z.png,0.945535,0,1
unet_black_seed44,U-Net,sigmoid=0.5,A1 24HR 1_png.rf.1ApDRLrpQqSCaPcShIOu.png,1.0,1,0
unet_black_seed44,U-Net,sigmoid=0.5,A1 24HR 1_png.rf.psHGzfQFFYu0q9OMf12P.png,1.0,1,0
unet_black_seed44,U-Net,sigmoid=0.5,A1 24HR 2_png.rf.8ZCo4suYfwAmYJVAdrgi.png,1.0,1,0
unet_black_seed44,U-Net,sigmoid=0.5,A1 24HR 2_png.rf.QvfIHR0lQkYJbWTuhsBX.png,0.733122,0,1
unet_black_seed44,U-Net,sigmoid=0.5,A1 24h 1_png.rf.TlQXP6CHdUFWS07zQImN.png,0.0,0,0
unet_black_seed44,U-Net,sigmoid=0.5,A1 24h 2_png.rf.o9mYSgMZsKvkMpLuHnpZ.png,1.0,1,0
unet_black_seed44,U-Net,sigmoid=0.5,A1 24hr 1_png.rf.LkrEN1mHJhJhYU2lmydg.png,0.863804,0,1
unet_black_seed44,U-Net,sigmoid=0.5,A1 8HR 1_png.rf.7N4eAqgpqfPKb1eNWowl.png,0.898241,0,1
unet_black_seed44,U-Net,sigmoid=0.5,A1 8HR 1_png.rf.VABkXkmpYjE9yLo5gSBX.png,0.91036,0,1
unet_black_seed44,U-Net,sigmoid=0.5,A1 8HR 2_png.rf.bvjlWbubzYS3fVyOKsCU.png,0.928942,0,1
unet_black_seed44,U-Net,sigmoid=0.5,A1 8HR 2_png.rf.emd32984S6mQhEIM0RXU.png,0.955454,0,1
unet_black_seed44,U-Net,sigmoid=0.5,A2 0H 2_png.rf.wLkBHcGvevKm0A73Vxcz.png,0.863698,0,1
unet_black_seed44,U-Net,sigmoid=0.5,A2 12H 1_png.rf.xnmVBn7WXmT4yiy3UMlx.png,0.795478,0,1
unet_black_seed44,U-Net,sigmoid=0.5,A2 12H 2_png.rf.N7tpAQyq0PEGrhaTGLJT.png,0.959439,0,1
unet_black_seed44,U-Net,sigmoid=0.5,A2 24H 1_png.rf.EFavmtKTLhhnJThESvF0.png,0.782762,0,1
unet_black_seed44,U-Net,sigmoid=0.5,A2 24H 2_png.rf.E5xmaghZdqaoko8wlaZh.png,0.942393,0,1
unet_black_seed44,U-Net,sigmoid=0.5,A2 8H 1_png.rf.xvZ2Owwq7kfNeQBUdLj1.png,0.263935,0,1
unet_black_seed44,U-Net,sigmoid=0.5,A2 8H 2_png.rf.7oLJskKDBKhwtDpwzZqy.png,0.951793,0,1
unet_black_seed44,U-Net,sigmoid=0.5,A3 0H 1_png.rf.4oL1M95z5XQoppHkibCl.png,0.594497,0,1
unet_black_seed44,U-Net,sigmoid=0.5,A3 0H 2_png.rf.QDCtQGDH1pznmeHT0BNJ.png,0.951326,0,1
unet_black_seed44,U-Net,sigmoid=0.5,A3 12H 1_png.rf.TU0BGVsD3XJqPwGYBsiu.png,0.896772,0,1
unet_black_seed44,U-Net,sigmoid=0.5,A3 12H 2_png.rf.r5xe4JQ4Ecgyw1raWv4H.png,0.714383,0,1
unet_black_seed44,U-Net,sigmoid=0.5,A3 24H 1_png.rf.tfdHOCRouEH53EDqy7G0.png,1.0,1,0
unet_black_seed44,U-Net,sigmoid=0.5,A3 24H 2_png.rf.TOtRUqMkxCrasCpSjZKO.png,1.0,1,0
unet_black_seed44,U-Net,sigmoid=0.5,A3 8H 1_png.rf.d60KhXvDmSmp3Oia8S8T.png,0.811539,0,1
unet_black_seed44,U-Net,sigmoid=0.5,A3 8H 2_png.rf.B5nEx5FtZ9JTiEjZrHJb.png,0.869595,0,1
unet_black_seed44,U-Net,sigmoid=0.5,A5 0HR 1_png.rf.ckTpizxWhCzqrJmwetqV.png,0.970717,0,1
unet_black_seed44,U-Net,sigmoid=0.5,A5 0HR 2_png.rf.C9gm2A2fkupz9aW1u7b9.png,0.981648,0,1
unet_black_seed44,U-Net,sigmoid=0.5,A5 12HR 1_png.rf.1xA3zwCvRWDQRrGvHIhA.png,0.926676,0,1
unet_black_seed44,U-Net,sigmoid=0.5,A5 12HR 1_png.rf.IESDSkszuJatVJfvQ7PW.png,0.787918,0,1
unet_black_seed44,U-Net,sigmoid=0.5,A5 12HR 2_png.rf.mzYpTwvbQHLWffHAkMOe.png,0.892812,0,1
unet_black_seed44,U-Net,sigmoid=0.5,A5 12HR 2_png.rf.rAr8U7x7uLNYSny2Orvg.png,0.795533,0,1
unet_black_seed44,U-Net,sigmoid=0.5,A5 24HR 1_png.rf.CpfIcPI5krfxTtJFGjKH.png,1.0,1,0
unet_black_seed44,U-Net,sigmoid=0.5,A5 24HR 1_png.rf.QWraD9H7IOqSfp8mznDQ.png,0.839146,0,1
unet_black_seed44,U-Net,sigmoid=0.5,A5 24HR 2_png.rf.JBrJ8KO8uH9Jn3iTJvZf.png,1.0,1,0
unet_black_seed44,U-Net,sigmoid=0.5,A5 24HR 2_png.rf.xE7wqG2pbN9OFXjVvNjl.png,0.863357,0,1
unet_black_seed44,U-Net,sigmoid=0.5,A5 8HR 1_png.rf.jEYUYpVLybixXNUndrI9.png,0.94509,0,1
unet_black_seed44,U-Net,sigmoid=0.5,A5 8HR 1_png.rf.qbCCkoclBZRwrN2mNDA9.png,0.861541,0,1
unet_black_seed44,U-Net,sigmoid=0.5,A5 8HR 2_png.rf.7U0SE5K1r1eXtmiCBL1Q.png,0.881769,0,1
unet_black_seed44,U-Net,sigmoid=0.5,A6 0H 1_png.rf.rKpcg4iYJ50H0XfmG98n.png,0.801996,0,1
unet_black_seed44,U-Net,sigmoid=0.5,A6 0H 2_png.rf.xTjPOuBdGBBEAQh6qzcS.png,0.927411,0,1
unet_black_seed44,U-Net,sigmoid=0.5,A6 12H 1_png.rf.ttiuv3CjzGc6GvMTytlM.png,0.843436,0,1
unet_black_seed44,U-Net,sigmoid=0.5,A6 12H 2_png.rf.bsoBQRnwC6AtJ5KRBKDv.png,0.937052,0,1
unet_black_seed44,U-Net,sigmoid=0.5,A6 24H 1_png.rf.nNdt9zlpThgANxpw0Afd.png,0.771823,0,1
unet_black_seed44,U-Net,sigmoid=0.5,A6 24H 2_png.rf.fnzQMmHMSJJ6YxflXcKp.png,0.80529,0,1
unet_black_seed44,U-Net,sigmoid=0.5,A6 8H 1_png.rf.0Ed4k50VKrxz80UdTuUb.png,0.819179,0,1
unet_black_seed44,U-Net,sigmoid=0.5,A6 8H 2_png.rf.8H5VYogwRaw3bc7Ufnp7.png,0.594478,0,1
unet_black_seed44,U-Net,sigmoid=0.5,B1 0H 1_png.rf.j3ckb2OmuPoN1D2ZNrsL.png,0.711658,0,1
unet_black_seed44,U-Net,sigmoid=0.5,B1 0H 2_png.rf.M9qDqnfqVRQAN3kixv3Y.png,0.949593,0,1
unet_black_seed44,U-Net,sigmoid=0.5,B1 0HR 1_png.rf.eIMkkfHeHfLEZ04ezC1L.png,0.960482,0,1
unet_black_seed44,U-Net,sigmoid=0.5,B1 0HR 2_png.rf.GJOlprTE8cvwD4CrUmlP.png,0.966218,0,1
unet_black_seed44,U-Net,sigmoid=0.5,B1 0hr 1_png.rf.HQmAp3GBzLOJSBnrI49n.png,0.976705,0,1
unet_black_seed44,U-Net,sigmoid=0.5,B1 0hr 1_png.rf.IpACHL1Orw6aFOfMt2L4.png,0.938763,0,1
unet_black_seed44,U-Net,sigmoid=0.5,B1 0hr 1_png.rf.MsTYgRqpBawgbfwCxIBh.png,0.886112,0,1
unet_black_seed44,U-Net,sigmoid=0.5,B1 0hr 2_png.rf.XjumgmgMNkQhrRGLEgFA.png,0.954581,0,1
unet_black_seed44,U-Net,sigmoid=0.5,B1 0hr_1_png.rf.DUGXTEiLp7a24s7ag9dO.png,0.443322,0,1
unet_black_seed44,U-Net,sigmoid=0.5,B1 0hr_2_png.rf.wWUkB0l85vJDlD6q526J.png,0.676327,0,1
unet_black_seed44,U-Net,sigmoid=0.5,B1 12H 1_png.rf.VB9B0BXSFCbQoytWKIkL.png,0.903652,0,1
unet_black_seed44,U-Net,sigmoid=0.5,B1 12H 2_png.rf.cFU7xmBfmqqkIIa5q7nh.png,0.86933,0,1
unet_black_seed44,U-Net,sigmoid=0.5,B1 12HR 1_png.rf.iGQ0raXb1cPFjLpTE8Qs.png,0.947002,0,1
unet_black_seed44,U-Net,sigmoid=0.5,B1 12hr 1_png.rf.Basp8dmX2exqZZBqydBx.png,0.9514,0,1
unet_black_seed44,U-Net,sigmoid=0.5,B1 12hr 1_png.rf.MkOpH7SVtG5q4EYuFmK2.png,0.928205,0,1
unet_black_seed44,U-Net,sigmoid=0.5,B1 12hr 1_png.rf.sRUPpw6VBKsEL7UWcuqg.png,0.953033,0,1
unet_black_seed44,U-Net,sigmoid=0.5,B1 12hr_1_png.rf.dB4OztvLmzVa4BGq5jCN.png,0.856675,0,1
unet_black_seed44,U-Net,sigmoid=0.5,B1 24H 1_png.rf.GJ99b6zJDkCcdldeprAL.png,0.882873,0,1
unet_black_seed44,U-Net,sigmoid=0.5,B1 24H 2_png.rf.WAXPIALQ8VqzYoMup3J4.png,0.724,0,1
unet_black_seed44,U-Net,sigmoid=0.5,B1 24HR 1_png.rf.ZOXgAwm7pCyA0PxFBFkk.png,0.885285,0,1
unet_black_seed44,U-Net,sigmoid=0.5,B1 24HR 2_png.rf.Ls9u8THJDkrAcAUiOT0Q.png,0.866649,0,1
unet_black_seed44,U-Net,sigmoid=0.5,B1 24hr 1_png.rf.wZriPsVdQe9B1XYh0ypQ.png,0.640619,0,1
unet_black_seed44,U-Net,sigmoid=0.5,B1 24hr 2_png.rf.kOhjizJROLOCgNfM1IF5.png,0.894162,0,1
unet_black_seed44,U-Net,sigmoid=0.5,B1 8H 1_png.rf.fqDTrXJGtwGnRUswH16c.png,0.950985,0,1
unet_black_seed44,U-Net,sigmoid=0.5,B1 8H 2_png.rf.gA6SnVr547LgfEenVrRi.png,0.902869,0,1
unet_black_seed44,U-Net,sigmoid=0.5,B1 8HR 1_png.rf.AMXvM5M5gyDuLKC5DTa9.png,0.942445,0,1
unet_black_seed44,U-Net,sigmoid=0.5,B1 8HR 2_png.rf.QKXzmdKQE41ccuWFgbwS.png,0.951034,0,1
unet_black_seed44,U-Net,sigmoid=0.5,B1 8hr 1_png.rf.pwZlWzk9sZA3CwldABe9.png,0.96837,0,1
unet_black_seed44,U-Net,sigmoid=0.5,B1 8hr 1_png.rf.xNkp4JfkmuylOQerzD1Q.png,0.967135,0,1
unet_black_seed44,U-Net,sigmoid=0.5,B1 8hr 2_png.rf.L73Y3X4Dx7HELGkPVNlg.png,0.957805,0,1
unet_black_seed44,U-Net,sigmoid=0.5,B4 0H 1_png.rf.UkNByK7H1jadGiO9HCAd.png,0.831173,0,1
unet_black_seed44,U-Net,sigmoid=0.5,B4 0H 2_png.rf.rXION3PvUG9p2y5KH5ZG.png,0.857797,0,1
unet_black_seed44,U-Net,sigmoid=0.5,B4 12H 1_png.rf.1ULnxID5MP426B41agfS.png,0.469633,0,1
unet_black_seed44,U-Net,sigmoid=0.5,B4 12H 2_png.rf.BUDIsAimJHwizKA26kde.png,0.901562,0,1
unet_black_seed44,U-Net,sigmoid=0.5,B4 24H 1_png.rf.b60wYuoI9jxCKCHE2l9q.png,0.882262,0,1
unet_black_seed44,U-Net,sigmoid=0.5,B4 24H 2_png.rf.Dy3NkPc0L9HXhRCtCbkW.png,1.0,1,0
unet_black_seed44,U-Net,sigmoid=0.5,B4 8H 1_png.rf.OVZZyofXQpVrU06rEdEV.png,0.906319,0,1
unet_black_seed44,U-Net,sigmoid=0.5,B4 8H 2_png.rf.ShxIhASvXw8lGbZkLgUb.png,0.750785,0,1
unet_black_seed44,U-Net,sigmoid=0.5,B5 0HR 1_png.rf.HyxAq2SZFEx1y342m6b9.png,0.957134,0,1
unet_black_seed44,U-Net,sigmoid=0.5,B5 0HR 1_png.rf.J6hP1h51BcAFg4KFN6lN.png,0.984015,0,1
unet_black_seed44,U-Net,sigmoid=0.5,B5 0HR 2_png.rf.MUU0CWJgRWrZIA9N0J2X.png,0.980647,0,1
unet_black_seed44,U-Net,sigmoid=0.5,B5 12HR 1_png.rf.XqoVkA4DK3JbERfwmQPP.png,0.909203,0,1
unet_black_seed44,U-Net,sigmoid=0.5,B5 12HR 2_png.rf.EZH0RYIN3t8Q75rFyebV.png,0.914733,0,1
unet_black_seed44,U-Net,sigmoid=0.5,B5 12HR 2_png.rf.mSR2WAZaiHT4hljqFuAE.png,0.84237,0,1
unet_black_seed44,U-Net,sigmoid=0.5,B5 24HR 1_png.rf.TJTLDoAzR6YqhVVqJjBV.png,1.0,1,0
unet_black_seed44,U-Net,sigmoid=0.5,B5 24HR _png.rf.g9PDGT1tjMWdiPw6OCJg.png,1.0,1,0
unet_black_seed44,U-Net,sigmoid=0.5,B5 8HR 1_png.rf.Ym4RLm5f7bEAlTD8XV4Q.png,0.929565,0,1
unet_black_seed44,U-Net,sigmoid=0.5,B5 8HR 2_png.rf.1bM2nfrE3C3SuMgkQzIF.png,0.949037,0,1
unet_black_seed44,U-Net,sigmoid=0.5,B5 8HR 2_png.rf.BzRPidTOrz4nL1zIlvSL.png,0.953662,0,1
unet_black_seed44,U-Net,sigmoid=0.5,B6 0HR 1_png.rf.G9IIgGta9Gbbj9yqetJW.png,0.975302,0,1
unet_black_seed44,U-Net,sigmoid=0.5,B6 0hr 1_png.rf.tP2kS9n37GFU0hMWW7mV.png,0.745634,0,1
unet_black_seed44,U-Net,sigmoid=0.5,B6 12HR 1_png.rf.gMy5B0cpXrZXzyMCZhuv.png,0.847604,0,1
unet_black_seed44,U-Net,sigmoid=0.5,B6 12HR 2_png.rf.BMDqWV1RTxKKoPMgnLal.png,0.918088,0,1
unet_black_seed44,U-Net,sigmoid=0.5,B6 12hr 1_png.rf.wMEDLQnrMWwVbcfKlQek.png,0.874257,0,1
unet_black_seed44,U-Net,sigmoid=0.5,B6 12hr 2_png.rf.y4b1NNhMuInMAANEGR5y.png,0.944928,0,1
unet_black_seed44,U-Net,sigmoid=0.5,B6 24h 1_png.rf.HqRokqEzDfBP5O3ZtezT.png,1.0,1,0
unet_black_seed44,U-Net,sigmoid=0.5,B6 24h 1_png.rf.Mqv4F4d5b4AUQiStkAzE.png,1.0,1,0
unet_black_seed44,U-Net,sigmoid=0.5,C5 0H 1_png.rf.OdwF3vyzWYOgZ8CvxU5t.png,0.969474,0,1
unet_black_seed44,U-Net,sigmoid=0.5,C5 0H 1_png.rf.qfmzlYXXLFM1UbctuHo5.png,0.975996,0,1
unet_black_seed44,U-Net,sigmoid=0.5,C5 0H 2_png.rf.UQiYCwrvqp79phsQH2z3.png,0.815667,0,1
unet_black_seed44,U-Net,sigmoid=0.5,C5 12H 1_png.rf.OLiywuVh8Y6xj17HnU6e.png,0.904098,0,1
unet_black_seed44,U-Net,sigmoid=0.5,C5 12H 1_png.rf.eqPnAQCG5aI0rvfthMNV.png,0.895649,0,1
unet_black_seed44,U-Net,sigmoid=0.5,C5 12H 2_png.rf.oLP5pb7BztRNGjNEDlAS.png,0.863162,0,1
unet_black_seed44,U-Net,sigmoid=0.5,C5 12H 2_png.rf.yGOWuMwCESVagvk7Q4HY.png,0.508037,0,1
unet_black_seed44,U-Net,sigmoid=0.5,C5 24H 1_png.rf.GRabFdMEvh7NdJQw7srC.png,0.0,0,0
unet_black_seed44,U-Net,sigmoid=0.5,C5 24H 2_png.rf.1BqtMMJEWOuzOCOM43Zl.png,0.0,0,0
unet_black_seed44,U-Net,sigmoid=0.5,C5 8H 1_png.rf.QRwHfTeZ3iXOWs30KZOS.png,0.92225,0,1
unet_black_seed44,U-Net,sigmoid=0.5,C5 8H 1_png.rf.m0k3TjlxKvLXDFhuBq52.png,0.899595,0,1
unet_black_seed44,U-Net,sigmoid=0.5,C5 8H 2_png.rf.Su3UAyP9dztNqZtfn0u1.png,0.838834,0,1
unet_black_seed44,U-Net,sigmoid=0.5,D1 0H 1_png.rf.fw3oXHFKRwGBIpMcBKY2.png,0.966325,0,1
unet_black_seed44,U-Net,sigmoid=0.5,D1 0H 2_png.rf.In3g26PLvIPVilZ9guvK.png,0.97185,0,1
unet_black_seed44,U-Net,sigmoid=0.5,D1 0HR 1_png.rf.X95BBgcop2LdYBHvWj7G.png,0.971668,0,1
unet_black_seed44,U-Net,sigmoid=0.5,D1 0HR 1_png.rf.pXGKiyw6dpCjGOogRcBS.png,0.970858,0,1
unet_black_seed44,U-Net,sigmoid=0.5,D1 0HR 2_png.rf.Ak8bfHD2sNvAS5ARU8WU.png,0.981068,0,1
unet_black_seed44,U-Net,sigmoid=0.5,D1 0HR 2_png.rf.pBkydjxMgVt0vB999uLo.png,0.972637,0,1
unet_black_seed44,U-Net,sigmoid=0.5,D1 12H 1_png.rf.mKsxEDejqQN6qCQxLyns.png,0.934084,0,1
unet_black_seed44,U-Net,sigmoid=0.5,D1 12H 2_png.rf.hM6Jhc6UJKSMWKFN6Pta.png,0.934042,0,1
unet_black_seed44,U-Net,sigmoid=0.5,D1 12HR 1_png.rf.Sa5pwYNBsukEYVE7qdCO.png,0.89464,0,1
unet_black_seed44,U-Net,sigmoid=0.5,D1 12HR 1_png.rf.mtvtObh31Z25eXwo4BTB.png,0.869155,0,1
unet_black_seed44,U-Net,sigmoid=0.5,D1 12HR 2_png.rf.E03XFlEmMbe4CLEeQ5L0.png,0.839861,0,1
unet_black_seed44,U-Net,sigmoid=0.5,D1 12HR 2_png.rf.c61b9Qj6PnDGEcivk5oi.png,0.912004,0,1
unet_black_seed44,U-Net,sigmoid=0.5,D1 24H 1_png.rf.9St1pSdNBqUmYewNNUks.png,0.560642,0,1
unet_black_seed44,U-Net,sigmoid=0.5,D1 24H 2_png.rf.JPXsJfPNRWwnAkf2OC68.png,0.860119,0,1
unet_black_seed44,U-Net,sigmoid=0.5,D1 24HR 1_png.rf.D7yfyoxo08GRgfqWxkKs.png,0.778481,0,1
unet_black_seed44,U-Net,sigmoid=0.5,D1 24HR 1_png.rf.EHcrx6DNEOw8vqgtCyC2.png,1.0,1,0
unet_black_seed44,U-Net,sigmoid=0.5,D1 24HR 2_png.rf.sKzjQXeeTmG65NxFRo5z.png,1.0,1,0
unet_black_seed44,U-Net,sigmoid=0.5,D1 24HR 2_png.rf.uoxKxnADebGlXimnPrEx.png,0.813574,0,1
unet_black_seed44,U-Net,sigmoid=0.5,D1 8H 1_png.rf.AmYzGCscmIMNbZlAIVL4.png,0.934179,0,1
unet_black_seed44,U-Net,sigmoid=0.5,D1 8H 2_png.rf.1Guur0r0WOYFqgYbD8Ix.png,0.691554,0,1
unet_black_seed44,U-Net,sigmoid=0.5,D1 8HR 1_png.rf.7pXlMXWWJkv2xLuAp89c.png,0.920495,0,1
unet_black_seed44,U-Net,sigmoid=0.5,D1 8HR 1_png.rf.Pm37sn4g0olAl9FUCP58.png,0.919174,0,1
unet_black_seed44,U-Net,sigmoid=0.5,D1 8HR 2_png.rf.We4y9DkVsrjwHtYEPH1S.png,0.884025,0,1
unet_black_seed44,U-Net,sigmoid=0.5,D1 8HR 2_png.rf.zXqaP0fHqHbabD0CzjuF.png,0.926669,0,1
unet_black_seed44,U-Net,sigmoid=0.5,D3 0H 1_png.rf.jWsUip53LaCF4OaEEFcb.png,0.981776,0,1
unet_black_seed44,U-Net,sigmoid=0.5,D3 0H 2_png.rf.lkEcbAGS1IAwabi3cMT3.png,0.931,0,1
unet_black_seed44,U-Net,sigmoid=0.5,D3 12H 1_png.rf.vDKmMF3YJlFSbIbFZHci.png,0.94059,0,1
unet_black_seed44,U-Net,sigmoid=0.5,D3 12H 2_png.rf.bk65RyMB9bMlU59S1RY7.png,0.851777,0,1
unet_black_seed44,U-Net,sigmoid=0.5,D3 24H 1_png.rf.lgES3xZvT7KoszPGhV44.png,0.943306,0,1
unet_black_seed44,U-Net,sigmoid=0.5,D3 24H 2_png.rf.vu9MuWKRyoy3WKGkVrI5.png,0.920066,0,1
unet_black_seed44,U-Net,sigmoid=0.5,D3 8H 1_png.rf.6ah0Jg4O5oakLSomUxcX.png,0.971773,0,1
unet_black_seed44,U-Net,sigmoid=0.5,D3 8H 2_png.rf.RmIwn01JNbgfY0VcrlAP.png,0.961362,0,1
unet_black_seed44,U-Net,sigmoid=0.5,D4 0H 1_png.rf.FutNJ1bcHBCTMEvRlEBr.png,0.973881,0,1
unet_black_seed44,U-Net,sigmoid=0.5,D4 0H 1_png.rf.hIDWQ46StqSUcKyGmBYY.png,0.965704,0,1
unet_black_seed44,U-Net,sigmoid=0.5,D4 0H 2_png.rf.7RFXNZEElcEIxiB134la.png,0.661296,0,1
unet_black_seed44,U-Net,sigmoid=0.5,D4 0H 2_png.rf.eVEb58gAMbcellIRwKuX.png,0.4454,0,1
unet_black_seed44,U-Net,sigmoid=0.5,D4 0HR 1_png.rf.eLqJwBy4PkAeXHhqw8Ir.png,0.96044,0,1
unet_black_seed44,U-Net,sigmoid=0.5,D4 0HR 2_png.rf.EwNjDB9ss3gmM00iJqPT.png,0.968906,0,1
unet_black_seed44,U-Net,sigmoid=0.5,D4 12H 1_png.rf.9BeWOTfVwMn3ywdSyPmt.png,0.953429,0,1
unet_black_seed44,U-Net,sigmoid=0.5,D4 12H 1_png.rf.rmwAgsyRm1ZzZ55GuiPB.png,0.754482,0,1
unet_black_seed44,U-Net,sigmoid=0.5,D4 12H 2_png.rf.JoRndEJA1lep3hprLUOS.png,0.636588,0,1
unet_black_seed44,U-Net,sigmoid=0.5,D4 12H 2_png.rf.txyJ67o8LXpC3sVtUoTH.png,0.744214,0,1
unet_black_seed44,U-Net,sigmoid=0.5,D4 12HR 1_png.rf.coQP5Rm68FoQiPA5lE4l.png,0.0,0,0
unet_black_seed44,U-Net,sigmoid=0.5,D4 12HR 2_png.rf.3mHz6QXfVp3bYuBorSyN.png,0.85218,0,1
unet_black_seed44,U-Net,sigmoid=0.5,D4 24H 1_png.rf.4NmTRoRHXyugKUw10i8s.png,1.0,1,0
unet_black_seed44,U-Net,sigmoid=0.5,D4 24H 1_png.rf.l74W6BtAd1h2vbDdLYa7.png,0.915329,0,1
unet_black_seed44,U-Net,sigmoid=0.5,D4 24H 2_png.rf.RklTkqfkG2jxmrJIVlDw.png,0.0,0,0
unet_black_seed44,U-Net,sigmoid=0.5,D4 24HR 1_png.rf.ZeWox4g9WSQYjCRdF5Hj.png,1.0,1,0
unet_black_seed44,U-Net,sigmoid=0.5,D4 24HR 2_png.rf.aSdWjnYDFFICPSVHPh41.png,1.0,1,0
unet_black_seed44,U-Net,sigmoid=0.5,D4 8H 1_png.rf.a8mANb97avVu4hPsbo7a.png,0.547292,0,1
unet_black_seed44,U-Net,sigmoid=0.5,D4 8H 1_png.rf.xpR4xGrS7xqp2WqsHOdj.png,0.953908,0,1
unet_black_seed44,U-Net,sigmoid=0.5,D4 8H 2_png.rf.ixTzZNh35XGijmR7VOtL.png,0.522044,0,1
unet_black_seed44,U-Net,sigmoid=0.5,D4 8H 2_png.rf.mnoVDerLhE6PpOQcbUog.png,0.766736,0,1
unet_black_seed44,U-Net,sigmoid=0.5,D4 8HR 1_png.rf.VEshHRtiysfYv1YrXVR9.png,0.890153,0,1
unet_black_seed44,U-Net,sigmoid=0.5,D4 8HR 2_png.rf.1gESfR3nmJtUf5QdqE6H.png,0.893458,0,1
unet_black_seed44,U-Net,sigmoid=0.5,E1 0H 1_png.rf.O4klFnPAFBZQG7ZiiWoa.png,0.960764,0,1
unet_black_seed44,U-Net,sigmoid=0.5,E1 0H 2_png.rf.dwk6Z6HVga7ttj23PmV9.png,0.892241,0,1
unet_black_seed44,U-Net,sigmoid=0.5,E1 12H 1_png.rf.MXhOPdUnNbYD4WTRbftP.png,0.820631,0,1
unet_black_seed44,U-Net,sigmoid=0.5,E1 12H 2_png.rf.GKeGTBMimaglOZhGi5n6.png,0.661119,0,1
unet_black_seed44,U-Net,sigmoid=0.5,E1 24H 1_png.rf.JjdLiNmCus3kSa50aOeW.png,1.0,1,0
unet_black_seed44,U-Net,sigmoid=0.5,E1 8H 1_png.rf.8l6bvVJjLSjiFIlOhJkG.png,0.860531,0,1
unet_black_seed44,U-Net,sigmoid=0.5,E1 8H 2_png.rf.5qtx5quA0obTJbOUZCxP.png,0.814484,0,1
unet_black_seed44,U-Net,sigmoid=0.5,F2 0H 1_png.rf.zPl6vPkH5HpqtxJsWJxj.png,0.937958,0,1
unet_black_seed44,U-Net,sigmoid=0.5,F2 12H 1_png.rf.h05DU2gxBlXL6JdotHmg.png,0.930838,0,1
unet_black_seed44,U-Net,sigmoid=0.5,F2 12H 2_png.rf.2goGI5xvDCGG2PJZ8Its.png,0.910894,0,1
unet_black_seed44,U-Net,sigmoid=0.5,F2 8H 2_png.rf.dUFZVFJ0aVESmoGKjJ05.png,0.85127,0,1
unet_black_seed44,U-Net,sigmoid=0.5,Snap-08_141_png.rf.xxwXm4vgaTgEnxfrDBvk.png,1.0,1,0
unet_black_seed44,U-Net,sigmoid=0.5,Snap-09_200_png.rf.T1DuJr60ClWyEIrNPE9K.png,0.105128,0,1
unet_black_seed44,U-Net,sigmoid=0.5,Snap-09_21_png.rf.eX9WeCW8GgIO8pb44zNf.png,1.0,1,0
unet_black_seed44,U-Net,sigmoid=0.5,Snap-09_66_png.rf.DXbLfCegxmVs4TDoenmh.png,0.718678,0,1
unet_black_seed44,U-Net,sigmoid=0.5,Snap-10_146_png.rf.J1zTbpCRqsOW6DtsIPzv.png,1.0,1,0
unet_black_seed44,U-Net,sigmoid=0.5,Snap-10_png.rf.yj7fOx6nAZtfK19C65wZ.png,0.909239,0,1
unet_black_seed44,U-Net,sigmoid=0.5,Snap-15_15_png.rf.oEkUKHxOZ7qcBLxMlF5e.png,1.0,1,0
unet_black_seed44,U-Net,sigmoid=0.5,Snap-15_60_png.rf.AUB9Da86Zc4f2GiWRpgF.png,0.714586,0,1
unet_black_seed44,U-Net,sigmoid=0.5,Snap-18_122_png.rf.rEzRHI9DOsMmEv8NXGFz.png,0.872745,0,1
unet_black_seed44,U-Net,sigmoid=0.5,Snap-18_182_png.rf.0olrnxTCWxDIVmtPK3HA.png,0.946364,0,1
unet_black_seed44,U-Net,sigmoid=0.5,Snap-20_104_png.rf.lu9wLu7mqVxquLAseXNa.png,0.632139,0,1
unet_black_seed44,U-Net,sigmoid=0.5,Snap-21_56_png.rf.ycoY7vPUknblypXrORx3.png,0.802083,0,1
unet_black_seed44,U-Net,sigmoid=0.5,Snap-24_96_png.rf.s6DeTIAvmh6iZiaYgj4W.png,0.890752,0,1
unet_black_seed44,U-Net,sigmoid=0.5,Snap-25_124_png.rf.qhyZRieBWx1vF8Vfj4ck.png,0.946679,0,1
unet_black_seed44,U-Net,sigmoid=0.5,Snap-25_184_png.rf.fnCmHOHxb5uRZMEeY7RB.png,0.938908,0,1
unet_black_seed44,U-Net,sigmoid=0.5,Snap-25_50_png.rf.CHeux2nrD5owQB0rBnrP.png,1.0,1,0
unet_black_seed44,U-Net,sigmoid=0.5,Snap-25_png.rf.NZSC2ldRJFXa4414jttF.png,0.772256,0,1
unet_black_seed44,U-Net,sigmoid=0.5,Snap-26_283_png.rf.YFDkIZNg1W2rRyv6xoZQ.png,0.753502,0,1
unet_black_seed44,U-Net,sigmoid=0.5,Snap-31_281_png.rf.HrwVzS03qTHBX5RB7awf.png,0.747791,0,1
unet_black_seed44,U-Net,sigmoid=0.5,Snap-36_271_png.rf.sfFr7wfzXmMz4JWE34hv.png,0.931969,0,1
unet_black_seed44,U-Net,sigmoid=0.5,Snap-37_175_png.rf.FF9MN09bmlSbN40cxQRu.png,0.786417,0,1
unet_black_seed44,U-Net,sigmoid=0.5,Snap-37_235_png.rf.fp1LasdFT1TZbfgrTie6.png,0.917026,0,1
unet_black_seed44,U-Net,sigmoid=0.5,Snap-39_77_png.rf.FBpms3tKgC2fVOg0pxu7.png,0.718846,0,1
unet_black_seed44,U-Net,sigmoid=0.5,Snap-39_png.rf.B5ZdhBp8JGAo6JQji9gU.png,0.799817,0,1
unet_black_seed44,U-Net,sigmoid=0.5,Snap-41_270_png.rf.46zb8PtP1Yuu9Wit1FpP.png,0.934837,0,1
unet_black_seed44,U-Net,sigmoid=0.5,Snap-42_165_png.rf.3eAR7nfV8aWUfPbBc82Q.png,0.583259,0,1
unet_black_seed44,U-Net,sigmoid=0.5,Snap-42_225_png.rf.mQxoBxfdEUUtVkhWybfs.png,0.941757,0,1
unet_black_seed44,U-Net,sigmoid=0.5,Snap-42_76_png.rf.erwRb4d1blf6lhZ6UFWy.png,0.913298,0,1
unet_black_seed44,U-Net,sigmoid=0.5,Snap-42_png.rf.vXnbjKiFLjrY6iWZoR1j.png,0.97751,0,1
unet_black_seed44,U-Net,sigmoid=0.5,Snap-47_159_png.rf.iWHwHxKcpvJIH7RHtxRu.png,0.943689,0,1
unet_black_seed44,U-Net,sigmoid=0.5,Snap-47_219_png.rf.tXiQQL4hg3VyVt8yhPHg.png,0.968955,0,1
unet_black_seed44,U-Net,sigmoid=0.5,Snap-52_153_png.rf.jWozliFwqBh7FtxPjDhr.png,0.84724,0,1
unet_black_seed44,U-Net,sigmoid=0.5,Snap-52_213_png.rf.YrkkVK1Bonf3TxwPZWyE.png,0.969459,0,1
unet_black_seed44,U-Net,sigmoid=0.5,Snap-54_106_png.rf.VOFbghvZhHsPNSqUFFkZ.png,0.872689,0,1
unet_black_seed44,U-Net,sigmoid=0.5,Snap-54_1_png.rf.LYlBIIJ3KoqRfd7QemOX.png,0.736408,0,1
unet_black_seed44,U-Net,sigmoid=0.5,Snap-54_png.rf.HGYLhnxL2tQsTiXRBg9n.png,0.925043,0,1
unet_black_seed44,U-Net,sigmoid=0.5,Snap-60_12_png.rf.AiY33Mo4Daj2M4cZgUnh.png,0.881871,0,1
unet_black_seed44,U-Net,sigmoid=0.5,Snap-60_png.rf.RpcRTxyR97nXnbvR3urB.png,0.962838,0,1
unet_black_seed44,U-Net,sigmoid=0.5,ct2_3_png.rf.05gH6Q4BVtzjbT8GvpXk.png,0.809691,0,1
unet_black_seed44,U-Net,sigmoid=0.5,ct2_5_png.rf.V6uuFIT0hRf8VvfkI0ft.png,0.97132,0,1
unet_black_seed44,U-Net,sigmoid=0.5,ptx1_2_png.rf.mOSxinMIUOQxQUjpAhxb.png,0.974388,0,1
unet_black_seed44,U-Net,sigmoid=0.5,ptx2_4_png.rf.YEH27Bh4es5Hup4qomsA.png,0.968205,0,1
unet_black_seed44,U-Net,sigmoid=0.999,A1 0HR 1_png.rf.F8WfJZAyU8hXcsKytbcA.png,0.290371,0,1
unet_black_seed44,U-Net,sigmoid=0.999,A1 0HR 1_png.rf.bBmfdS8DK3Ixtw1fZ9P3.png,0.554767,0,1
unet_black_seed44,U-Net,sigmoid=0.999,A1 0HR 2_png.rf.hVdiwx06lI7rOZ5rr9vC.png,0.082375,0,1
unet_black_seed44,U-Net,sigmoid=0.999,A1 0HR 2_png.rf.wFANdrijgcCbWaNPdyi0.png,0.074693,0,1
unet_black_seed44,U-Net,sigmoid=0.999,A1 12HR 1_png.rf.8FGxD5kQMiDucxJswxPl.png,0.078815,0,1
unet_black_seed44,U-Net,sigmoid=0.999,A1 12HR 1_png.rf.XDKS23ySU3ItzW5Kv957.png,0.267715,0,1
unet_black_seed44,U-Net,sigmoid=0.999,A1 12HR 2_png.rf.6p7F3HADokVM7aGI7thQ.png,0.20623,0,1
unet_black_seed44,U-Net,sigmoid=0.999,A1 12HR 2_png.rf.OoCbkijic6aCx52coryw.png,0.293514,0,1
unet_black_seed44,U-Net,sigmoid=0.999,A1 12hr 1_png.rf.hPnekH9tRkKoF84Y4HTD.png,0.037841,0,1
unet_black_seed44,U-Net,sigmoid=0.999,A1 12hr 2_png.rf.Zc7e1rWOmWcCj4dykv3Z.png,0.265244,0,1
unet_black_seed44,U-Net,sigmoid=0.999,A1 24HR 1_png.rf.1ApDRLrpQqSCaPcShIOu.png,1.0,1,0
unet_black_seed44,U-Net,sigmoid=0.999,A1 24HR 1_png.rf.psHGzfQFFYu0q9OMf12P.png,1.0,1,0
unet_black_seed44,U-Net,sigmoid=0.999,A1 24HR 2_png.rf.8ZCo4suYfwAmYJVAdrgi.png,1.0,1,0
unet_black_seed44,U-Net,sigmoid=0.999,A1 24HR 2_png.rf.QvfIHR0lQkYJbWTuhsBX.png,0.000495,0,1
unet_black_seed44,U-Net,sigmoid=0.999,A1 24h 1_png.rf.TlQXP6CHdUFWS07zQImN.png,1.0,1,0
unet_black_seed44,U-Net,sigmoid=0.999,A1 24h 2_png.rf.o9mYSgMZsKvkMpLuHnpZ.png,1.0,1,0
unet_black_seed44,U-Net,sigmoid=0.999,A1 24hr 1_png.rf.LkrEN1mHJhJhYU2lmydg.png,0.50541,0,1
unet_black_seed44,U-Net,sigmoid=0.999,A1 8HR 1_png.rf.7N4eAqgpqfPKb1eNWowl.png,0.29712,0,1
unet_black_seed44,U-Net,sigmoid=0.999,A1 8HR 1_png.rf.VABkXkmpYjE9yLo5gSBX.png,0.477659,0,1
unet_black_seed44,U-Net,sigmoid=0.999,A1 8HR 2_png.rf.bvjlWbubzYS3fVyOKsCU.png,0.31062,0,1
unet_black_seed44,U-Net,sigmoid=0.999,A1 8HR 2_png.rf.emd32984S6mQhEIM0RXU.png,0.105029,0,1
unet_black_seed44,U-Net,sigmoid=0.999,A2 0H 2_png.rf.wLkBHcGvevKm0A73Vxcz.png,0.000353,0,1
unet_black_seed44,U-Net,sigmoid=0.999,A2 12H 1_png.rf.xnmVBn7WXmT4yiy3UMlx.png,0.038638,0,1
unet_black_seed44,U-Net,sigmoid=0.999,A2 12H 2_png.rf.N7tpAQyq0PEGrhaTGLJT.png,0.06608,0,1
unet_black_seed44,U-Net,sigmoid=0.999,A2 24H 1_png.rf.EFavmtKTLhhnJThESvF0.png,0.439483,0,1
unet_black_seed44,U-Net,sigmoid=0.999,A2 24H 2_png.rf.E5xmaghZdqaoko8wlaZh.png,0.225812,0,1
unet_black_seed44,U-Net,sigmoid=0.999,A2 8H 1_png.rf.xvZ2Owwq7kfNeQBUdLj1.png,0.0,1,1
unet_black_seed44,U-Net,sigmoid=0.999,A2 8H 2_png.rf.7oLJskKDBKhwtDpwzZqy.png,0.0,1,1
unet_black_seed44,U-Net,sigmoid=0.999,A3 0H 1_png.rf.4oL1M95z5XQoppHkibCl.png,0.0,1,1
unet_black_seed44,U-Net,sigmoid=0.999,A3 0H 2_png.rf.QDCtQGDH1pznmeHT0BNJ.png,0.0,1,1
unet_black_seed44,U-Net,sigmoid=0.999,A3 12H 1_png.rf.TU0BGVsD3XJqPwGYBsiu.png,0.0,1,1
unet_black_seed44,U-Net,sigmoid=0.999,A3 12H 2_png.rf.r5xe4JQ4Ecgyw1raWv4H.png,0.289699,0,1
unet_black_seed44,U-Net,sigmoid=0.999,A3 24H 1_png.rf.tfdHOCRouEH53EDqy7G0.png,1.0,1,0
unet_black_seed44,U-Net,sigmoid=0.999,A3 24H 2_png.rf.TOtRUqMkxCrasCpSjZKO.png,1.0,1,0
unet_black_seed44,U-Net,sigmoid=0.999,A3 8H 1_png.rf.d60KhXvDmSmp3Oia8S8T.png,0.220573,0,1
unet_black_seed44,U-Net,sigmoid=0.999,A3 8H 2_png.rf.B5nEx5FtZ9JTiEjZrHJb.png,0.000422,0,1
unet_black_seed44,U-Net,sigmoid=0.999,A5 0HR 1_png.rf.ckTpizxWhCzqrJmwetqV.png,0.298786,0,1
unet_black_seed44,U-Net,sigmoid=0.999,A5 0HR 2_png.rf.C9gm2A2fkupz9aW1u7b9.png,0.217319,0,1
unet_black_seed44,U-Net,sigmoid=0.999,A5 12HR 1_png.rf.1xA3zwCvRWDQRrGvHIhA.png,0.218373,0,1
unet_black_seed44,U-Net,sigmoid=0.999,A5 12HR 1_png.rf.IESDSkszuJatVJfvQ7PW.png,0.216046,0,1
unet_black_seed44,U-Net,sigmoid=0.999,A5 12HR 2_png.rf.mzYpTwvbQHLWffHAkMOe.png,0.351255,0,1
unet_black_seed44,U-Net,sigmoid=0.999,A5 12HR 2_png.rf.rAr8U7x7uLNYSny2Orvg.png,0.19045,0,1
unet_black_seed44,U-Net,sigmoid=0.999,A5 24HR 1_png.rf.CpfIcPI5krfxTtJFGjKH.png,1.0,1,0
unet_black_seed44,U-Net,sigmoid=0.999,A5 24HR 1_png.rf.QWraD9H7IOqSfp8mznDQ.png,0.0,1,1
unet_black_seed44,U-Net,sigmoid=0.999,A5 24HR 2_png.rf.JBrJ8KO8uH9Jn3iTJvZf.png,1.0,1,0
unet_black_seed44,U-Net,sigmoid=0.999,A5 24HR 2_png.rf.xE7wqG2pbN9OFXjVvNjl.png,0.0,1,1
unet_black_seed44,U-Net,sigmoid=0.999,A5 8HR 1_png.rf.jEYUYpVLybixXNUndrI9.png,0.281944,0,1
unet_black_seed44,U-Net,sigmoid=0.999,A5 8HR 1_png.rf.qbCCkoclBZRwrN2mNDA9.png,0.341037,0,1
unet_black_seed44,U-Net,sigmoid=0.999,A5 8HR 2_png.rf.7U0SE5K1r1eXtmiCBL1Q.png,0.538022,0,1
unet_black_seed44,U-Net,sigmoid=0.999,A6 0H 1_png.rf.rKpcg4iYJ50H0XfmG98n.png,0.0,1,1
unet_black_seed44,U-Net,sigmoid=0.999,A6 0H 2_png.rf.xTjPOuBdGBBEAQh6qzcS.png,0.0,1,1
unet_black_seed44,U-Net,sigmoid=0.999,A6 12H 1_png.rf.ttiuv3CjzGc6GvMTytlM.png,0.004349,0,1
unet_black_seed44,U-Net,sigmoid=0.999,A6 12H 2_png.rf.bsoBQRnwC6AtJ5KRBKDv.png,0.000157,0,1
unet_black_seed44,U-Net,sigmoid=0.999,A6 24H 1_png.rf.nNdt9zlpThgANxpw0Afd.png,0.05382,0,1
unet_black_seed44,U-Net,sigmoid=0.999,A6 24H 2_png.rf.fnzQMmHMSJJ6YxflXcKp.png,0.002043,0,1
unet_black_seed44,U-Net,sigmoid=0.999,A6 8H 1_png.rf.0Ed4k50VKrxz80UdTuUb.png,0.0,1,1
unet_black_seed44,U-Net,sigmoid=0.999,A6 8H 2_png.rf.8H5VYogwRaw3bc7Ufnp7.png,0.0,1,1
unet_black_seed44,U-Net,sigmoid=0.999,B1 0H 1_png.rf.j3ckb2OmuPoN1D2ZNrsL.png,0.0,1,1
unet_black_seed44,U-Net,sigmoid=0.999,B1 0H 2_png.rf.M9qDqnfqVRQAN3kixv3Y.png,0.0,1,1
unet_black_seed44,U-Net,sigmoid=0.999,B1 0HR 1_png.rf.eIMkkfHeHfLEZ04ezC1L.png,0.021,0,1
unet_black_seed44,U-Net,sigmoid=0.999,B1 0HR 2_png.rf.GJOlprTE8cvwD4CrUmlP.png,0.03615,0,1
unet_black_seed44,U-Net,sigmoid=0.999,B1 0hr 1_png.rf.HQmAp3GBzLOJSBnrI49n.png,0.000203,0,1
unet_black_seed44,U-Net,sigmoid=0.999,B1 0hr 1_png.rf.IpACHL1Orw6aFOfMt2L4.png,0.0,1,1
unet_black_seed44,U-Net,sigmoid=0.999,B1 0hr 1_png.rf.MsTYgRqpBawgbfwCxIBh.png,0.0,1,1
unet_black_seed44,U-Net,sigmoid=0.999,B1 0hr 2_png.rf.XjumgmgMNkQhrRGLEgFA.png,0.000701,0,1
unet_black_seed44,U-Net,sigmoid=0.999,B1 0hr_1_png.rf.DUGXTEiLp7a24s7ag9dO.png,0.0,1,1
unet_black_seed44,U-Net,sigmoid=0.999,B1 0hr_2_png.rf.wWUkB0l85vJDlD6q526J.png,0.0,1,1
unet_black_seed44,U-Net,sigmoid=0.999,B1 12H 1_png.rf.VB9B0BXSFCbQoytWKIkL.png,0.0,1,1
unet_black_seed44,U-Net,sigmoid=0.999,B1 12H 2_png.rf.cFU7xmBfmqqkIIa5q7nh.png,0.000899,0,1
unet_black_seed44,U-Net,sigmoid=0.999,B1 12HR 1_png.rf.iGQ0raXb1cPFjLpTE8Qs.png,0.421776,0,1
unet_black_seed44,U-Net,sigmoid=0.999,B1 12hr 1_png.rf.Basp8dmX2exqZZBqydBx.png,0.096742,0,1
unet_black_seed44,U-Net,sigmoid=0.999,B1 12hr 1_png.rf.MkOpH7SVtG5q4EYuFmK2.png,0.008441,0,1
unet_black_seed44,U-Net,sigmoid=0.999,B1 12hr 1_png.rf.sRUPpw6VBKsEL7UWcuqg.png,0.019333,0,1
unet_black_seed44,U-Net,sigmoid=0.999,B1 12hr_1_png.rf.dB4OztvLmzVa4BGq5jCN.png,0.0,1,1
unet_black_seed44,U-Net,sigmoid=0.999,B1 24H 1_png.rf.GJ99b6zJDkCcdldeprAL.png,0.176209,0,1
unet_black_seed44,U-Net,sigmoid=0.999,B1 24H 2_png.rf.WAXPIALQ8VqzYoMup3J4.png,0.001943,0,1
unet_black_seed44,U-Net,sigmoid=0.999,B1 24HR 1_png.rf.ZOXgAwm7pCyA0PxFBFkk.png,0.368739,0,1
unet_black_seed44,U-Net,sigmoid=0.999,B1 24HR 2_png.rf.Ls9u8THJDkrAcAUiOT0Q.png,0.217636,0,1
unet_black_seed44,U-Net,sigmoid=0.999,B1 24hr 1_png.rf.wZriPsVdQe9B1XYh0ypQ.png,0.0,1,1
unet_black_seed44,U-Net,sigmoid=0.999,B1 24hr 2_png.rf.kOhjizJROLOCgNfM1IF5.png,0.002352,0,1
unet_black_seed44,U-Net,sigmoid=0.999,B1 8H 1_png.rf.fqDTrXJGtwGnRUswH16c.png,0.138899,0,1
unet_black_seed44,U-Net,sigmoid=0.999,B1 8H 2_png.rf.gA6SnVr547LgfEenVrRi.png,0.262485,0,1
unet_black_seed44,U-Net,sigmoid=0.999,B1 8HR 1_png.rf.AMXvM5M5gyDuLKC5DTa9.png,0.467131,0,1
unet_black_seed44,U-Net,sigmoid=0.999,B1 8HR 2_png.rf.QKXzmdKQE41ccuWFgbwS.png,0.553837,0,1
unet_black_seed44,U-Net,sigmoid=0.999,B1 8hr 1_png.rf.pwZlWzk9sZA3CwldABe9.png,0.0,1,1
unet_black_seed44,U-Net,sigmoid=0.999,B1 8hr 1_png.rf.xNkp4JfkmuylOQerzD1Q.png,0.003058,0,1
unet_black_seed44,U-Net,sigmoid=0.999,B1 8hr 2_png.rf.L73Y3X4Dx7HELGkPVNlg.png,0.040648,0,1
unet_black_seed44,U-Net,sigmoid=0.999,B4 0H 1_png.rf.UkNByK7H1jadGiO9HCAd.png,0.003745,0,1
unet_black_seed44,U-Net,sigmoid=0.999,B4 0H 2_png.rf.rXION3PvUG9p2y5KH5ZG.png,0.0,1,1
unet_black_seed44,U-Net,sigmoid=0.999,B4 12H 1_png.rf.1ULnxID5MP426B41agfS.png,0.0,1,1
unet_black_seed44,U-Net,sigmoid=0.999,B4 12H 2_png.rf.BUDIsAimJHwizKA26kde.png,0.0,1,1
unet_black_seed44,U-Net,sigmoid=0.999,B4 24H 1_png.rf.b60wYuoI9jxCKCHE2l9q.png,0.064962,0,1
unet_black_seed44,U-Net,sigmoid=0.999,B4 24H 2_png.rf.Dy3NkPc0L9HXhRCtCbkW.png,1.0,1,0
unet_black_seed44,U-Net,sigmoid=0.999,B4 8H 1_png.rf.OVZZyofXQpVrU06rEdEV.png,0.025991,0,1
unet_black_seed44,U-Net,sigmoid=0.999,B4 8H 2_png.rf.ShxIhASvXw8lGbZkLgUb.png,0.0,1,1
unet_black_seed44,U-Net,sigmoid=0.999,B5 0HR 1_png.rf.HyxAq2SZFEx1y342m6b9.png,0.0,1,1
unet_black_seed44,U-Net,sigmoid=0.999,B5 0HR 1_png.rf.J6hP1h51BcAFg4KFN6lN.png,0.045498,0,1
unet_black_seed44,U-Net,sigmoid=0.999,B5 0HR 2_png.rf.MUU0CWJgRWrZIA9N0J2X.png,0.017373,0,1
unet_black_seed44,U-Net,sigmoid=0.999,B5 12HR 1_png.rf.XqoVkA4DK3JbERfwmQPP.png,0.454292,0,1
unet_black_seed44,U-Net,sigmoid=0.999,B5 12HR 2_png.rf.EZH0RYIN3t8Q75rFyebV.png,0.283169,0,1
unet_black_seed44,U-Net,sigmoid=0.999,B5 12HR 2_png.rf.mSR2WAZaiHT4hljqFuAE.png,0.001516,0,1
unet_black_seed44,U-Net,sigmoid=0.999,B5 24HR 1_png.rf.TJTLDoAzR6YqhVVqJjBV.png,1.0,1,0
unet_black_seed44,U-Net,sigmoid=0.999,B5 24HR _png.rf.g9PDGT1tjMWdiPw6OCJg.png,1.0,1,0
unet_black_seed44,U-Net,sigmoid=0.999,B5 8HR 1_png.rf.Ym4RLm5f7bEAlTD8XV4Q.png,0.553803,0,1
unet_black_seed44,U-Net,sigmoid=0.999,B5 8HR 2_png.rf.1bM2nfrE3C3SuMgkQzIF.png,0.255255,0,1
unet_black_seed44,U-Net,sigmoid=0.999,B5 8HR 2_png.rf.BzRPidTOrz4nL1zIlvSL.png,0.0,1,1
unet_black_seed44,U-Net,sigmoid=0.999,B6 0HR 1_png.rf.G9IIgGta9Gbbj9yqetJW.png,0.202665,0,1
unet_black_seed44,U-Net,sigmoid=0.999,B6 0hr 1_png.rf.tP2kS9n37GFU0hMWW7mV.png,0.0,1,1
unet_black_seed44,U-Net,sigmoid=0.999,B6 12HR 1_png.rf.gMy5B0cpXrZXzyMCZhuv.png,0.049993,0,1
unet_black_seed44,U-Net,sigmoid=0.999,B6 12HR 2_png.rf.BMDqWV1RTxKKoPMgnLal.png,0.102306,0,1
unet_black_seed44,U-Net,sigmoid=0.999,B6 12hr 1_png.rf.wMEDLQnrMWwVbcfKlQek.png,0.419554,0,1
unet_black_seed44,U-Net,sigmoid=0.999,B6 12hr 2_png.rf.y4b1NNhMuInMAANEGR5y.png,0.000385,0,1
unet_black_seed44,U-Net,sigmoid=0.999,B6 24h 1_png.rf.HqRokqEzDfBP5O3ZtezT.png,1.0,1,0
unet_black_seed44,U-Net,sigmoid=0.999,B6 24h 1_png.rf.Mqv4F4d5b4AUQiStkAzE.png,1.0,1,0
unet_black_seed44,U-Net,sigmoid=0.999,C5 0H 1_png.rf.OdwF3vyzWYOgZ8CvxU5t.png,0.0,1,1
unet_black_seed44,U-Net,sigmoid=0.999,C5 0H 1_png.rf.qfmzlYXXLFM1UbctuHo5.png,0.0,1,1
unet_black_seed44,U-Net,sigmoid=0.999,C5 0H 2_png.rf.UQiYCwrvqp79phsQH2z3.png,0.008769,0,1
unet_black_seed44,U-Net,sigmoid=0.999,C5 12H 1_png.rf.OLiywuVh8Y6xj17HnU6e.png,0.023639,0,1
unet_black_seed44,U-Net,sigmoid=0.999,C5 12H 1_png.rf.eqPnAQCG5aI0rvfthMNV.png,0.319949,0,1
unet_black_seed44,U-Net,sigmoid=0.999,C5 12H 2_png.rf.oLP5pb7BztRNGjNEDlAS.png,0.063929,0,1
unet_black_seed44,U-Net,sigmoid=0.999,C5 12H 2_png.rf.yGOWuMwCESVagvk7Q4HY.png,0.0,1,1
unet_black_seed44,U-Net,sigmoid=0.999,C5 24H 1_png.rf.GRabFdMEvh7NdJQw7srC.png,1.0,1,0
unet_black_seed44,U-Net,sigmoid=0.999,C5 24H 2_png.rf.1BqtMMJEWOuzOCOM43Zl.png,1.0,1,0
unet_black_seed44,U-Net,sigmoid=0.999,C5 8H 1_png.rf.QRwHfTeZ3iXOWs30KZOS.png,0.449909,0,1
unet_black_seed44,U-Net,sigmoid=0.999,C5 8H 1_png.rf.m0k3TjlxKvLXDFhuBq52.png,0.135357,0,1
unet_black_seed44,U-Net,sigmoid=0.999,C5 8H 2_png.rf.Su3UAyP9dztNqZtfn0u1.png,0.359698,0,1
unet_black_seed44,U-Net,sigmoid=0.999,D1 0H 1_png.rf.fw3oXHFKRwGBIpMcBKY2.png,0.140435,0,1
unet_black_seed44,U-Net,sigmoid=0.999,D1 0H 2_png.rf.In3g26PLvIPVilZ9guvK.png,0.081701,0,1
unet_black_seed44,U-Net,sigmoid=0.999,D1 0HR 1_png.rf.X95BBgcop2LdYBHvWj7G.png,0.008738,0,1
unet_black_seed44,U-Net,sigmoid=0.999,D1 0HR 1_png.rf.pXGKiyw6dpCjGOogRcBS.png,0.171552,0,1
unet_black_seed44,U-Net,sigmoid=0.999,D1 0HR 2_png.rf.Ak8bfHD2sNvAS5ARU8WU.png,0.284186,0,1
unet_black_seed44,U-Net,sigmoid=0.999,D1 0HR 2_png.rf.pBkydjxMgVt0vB999uLo.png,0.0,1,1
unet_black_seed44,U-Net,sigmoid=0.999,D1 12H 1_png.rf.mKsxEDejqQN6qCQxLyns.png,0.320658,0,1
unet_black_seed44,U-Net,sigmoid=0.999,D1 12H 2_png.rf.hM6Jhc6UJKSMWKFN6Pta.png,0.058281,0,1
unet_black_seed44,U-Net,sigmoid=0.999,D1 12HR 1_png.rf.Sa5pwYNBsukEYVE7qdCO.png,0.000279,0,1
unet_black_seed44,U-Net,sigmoid=0.999,D1 12HR 1_png.rf.mtvtObh31Z25eXwo4BTB.png,0.323839,0,1
unet_black_seed44,U-Net,sigmoid=0.999,D1 12HR 2_png.rf.E03XFlEmMbe4CLEeQ5L0.png,0.386768,0,1
unet_black_seed44,U-Net,sigmoid=0.999,D1 12HR 2_png.rf.c61b9Qj6PnDGEcivk5oi.png,0.000778,0,1
unet_black_seed44,U-Net,sigmoid=0.999,D1 24H 1_png.rf.9St1pSdNBqUmYewNNUks.png,0.0,1,1
unet_black_seed44,U-Net,sigmoid=0.999,D1 24H 2_png.rf.JPXsJfPNRWwnAkf2OC68.png,9.8e-05,0,1
unet_black_seed44,U-Net,sigmoid=0.999,D1 24HR 1_png.rf.D7yfyoxo08GRgfqWxkKs.png,0.08534,0,1
unet_black_seed44,U-Net,sigmoid=0.999,D1 24HR 1_png.rf.EHcrx6DNEOw8vqgtCyC2.png,1.0,1,0
unet_black_seed44,U-Net,sigmoid=0.999,D1 24HR 2_png.rf.sKzjQXeeTmG65NxFRo5z.png,1.0,1,0
unet_black_seed44,U-Net,sigmoid=0.999,D1 24HR 2_png.rf.uoxKxnADebGlXimnPrEx.png,0.0,1,1
unet_black_seed44,U-Net,sigmoid=0.999,D1 8H 1_png.rf.AmYzGCscmIMNbZlAIVL4.png,0.020484,0,1
unet_black_seed44,U-Net,sigmoid=0.999,D1 8H 2_png.rf.1Guur0r0WOYFqgYbD8Ix.png,0.0,1,1
unet_black_seed44,U-Net,sigmoid=0.999,D1 8HR 1_png.rf.7pXlMXWWJkv2xLuAp89c.png,0.045408,0,1
unet_black_seed44,U-Net,sigmoid=0.999,D1 8HR 1_png.rf.Pm37sn4g0olAl9FUCP58.png,0.548004,0,1
unet_black_seed44,U-Net,sigmoid=0.999,D1 8HR 2_png.rf.We4y9DkVsrjwHtYEPH1S.png,0.749959,0,1
unet_black_seed44,U-Net,sigmoid=0.999,D1 8HR 2_png.rf.zXqaP0fHqHbabD0CzjuF.png,0.006341,0,1
unet_black_seed44,U-Net,sigmoid=0.999,D3 0H 1_png.rf.jWsUip53LaCF4OaEEFcb.png,5.2e-05,0,1
unet_black_seed44,U-Net,sigmoid=0.999,D3 0H 2_png.rf.lkEcbAGS1IAwabi3cMT3.png,0.0,1,1
unet_black_seed44,U-Net,sigmoid=0.999,D3 12H 1_png.rf.vDKmMF3YJlFSbIbFZHci.png,0.006043,0,1
unet_black_seed44,U-Net,sigmoid=0.999,D3 12H 2_png.rf.bk65RyMB9bMlU59S1RY7.png,0.0,1,1
unet_black_seed44,U-Net,sigmoid=0.999,D3 24H 1_png.rf.lgES3xZvT7KoszPGhV44.png,0.114101,0,1
unet_black_seed44,U-Net,sigmoid=0.999,D3 24H 2_png.rf.vu9MuWKRyoy3WKGkVrI5.png,0.004374,0,1
unet_black_seed44,U-Net,sigmoid=0.999,D3 8H 1_png.rf.6ah0Jg4O5oakLSomUxcX.png,0.116695,0,1
unet_black_seed44,U-Net,sigmoid=0.999,D3 8H 2_png.rf.RmIwn01JNbgfY0VcrlAP.png,0.0,1,1
unet_black_seed44,U-Net,sigmoid=0.999,D4 0H 1_png.rf.FutNJ1bcHBCTMEvRlEBr.png,0.017131,0,1
unet_black_seed44,U-Net,sigmoid=0.999,D4 0H 1_png.rf.hIDWQ46StqSUcKyGmBYY.png,0.0,1,1
unet_black_seed44,U-Net,sigmoid=0.999,D4 0H 2_png.rf.7RFXNZEElcEIxiB134la.png,0.0,1,1
unet_black_seed44,U-Net,sigmoid=0.999,D4 0H 2_png.rf.eVEb58gAMbcellIRwKuX.png,0.0,1,1
unet_black_seed44,U-Net,sigmoid=0.999,D4 0HR 1_png.rf.eLqJwBy4PkAeXHhqw8Ir.png,0.35418,0,1
unet_black_seed44,U-Net,sigmoid=0.999,D4 0HR 2_png.rf.EwNjDB9ss3gmM00iJqPT.png,0.117149,0,1
unet_black_seed44,U-Net,sigmoid=0.999,D4 12H 1_png.rf.9BeWOTfVwMn3ywdSyPmt.png,0.019854,0,1
unet_black_seed44,U-Net,sigmoid=0.999,D4 12H 1_png.rf.rmwAgsyRm1ZzZ55GuiPB.png,0.0,1,1
unet_black_seed44,U-Net,sigmoid=0.999,D4 12H 2_png.rf.JoRndEJA1lep3hprLUOS.png,0.0,1,1
unet_black_seed44,U-Net,sigmoid=0.999,D4 12H 2_png.rf.txyJ67o8LXpC3sVtUoTH.png,0.0,1,1
unet_black_seed44,U-Net,sigmoid=0.999,D4 12HR 1_png.rf.coQP5Rm68FoQiPA5lE4l.png,1.0,1,0
unet_black_seed44,U-Net,sigmoid=0.999,D4 12HR 2_png.rf.3mHz6QXfVp3bYuBorSyN.png,0.23019,0,1
unet_black_seed44,U-Net,sigmoid=0.999,D4 24H 1_png.rf.4NmTRoRHXyugKUw10i8s.png,1.0,1,0
unet_black_seed44,U-Net,sigmoid=0.999,D4 24H 1_png.rf.l74W6BtAd1h2vbDdLYa7.png,0.0,1,1
unet_black_seed44,U-Net,sigmoid=0.999,D4 24H 2_png.rf.RklTkqfkG2jxmrJIVlDw.png,1.0,1,0
unet_black_seed44,U-Net,sigmoid=0.999,D4 24HR 1_png.rf.ZeWox4g9WSQYjCRdF5Hj.png,1.0,1,0
unet_black_seed44,U-Net,sigmoid=0.999,D4 24HR 2_png.rf.aSdWjnYDFFICPSVHPh41.png,1.0,1,0
unet_black_seed44,U-Net,sigmoid=0.999,D4 8H 1_png.rf.a8mANb97avVu4hPsbo7a.png,0.082618,0,1
unet_black_seed44,U-Net,sigmoid=0.999,D4 8H 1_png.rf.xpR4xGrS7xqp2WqsHOdj.png,0.01855,0,1
unet_black_seed44,U-Net,sigmoid=0.999,D4 8H 2_png.rf.ixTzZNh35XGijmR7VOtL.png,0.0,1,1
unet_black_seed44,U-Net,sigmoid=0.999,D4 8H 2_png.rf.mnoVDerLhE6PpOQcbUog.png,0.0,1,1
unet_black_seed44,U-Net,sigmoid=0.999,D4 8HR 1_png.rf.VEshHRtiysfYv1YrXVR9.png,0.294382,0,1
unet_black_seed44,U-Net,sigmoid=0.999,D4 8HR 2_png.rf.1gESfR3nmJtUf5QdqE6H.png,0.445394,0,1
unet_black_seed44,U-Net,sigmoid=0.999,E1 0H 1_png.rf.O4klFnPAFBZQG7ZiiWoa.png,0.0,1,1
unet_black_seed44,U-Net,sigmoid=0.999,E1 0H 2_png.rf.dwk6Z6HVga7ttj23PmV9.png,0.0,1,1
unet_black_seed44,U-Net,sigmoid=0.999,E1 12H 1_png.rf.MXhOPdUnNbYD4WTRbftP.png,0.0,1,1
unet_black_seed44,U-Net,sigmoid=0.999,E1 12H 2_png.rf.GKeGTBMimaglOZhGi5n6.png,0.0,1,1
unet_black_seed44,U-Net,sigmoid=0.999,E1 24H 1_png.rf.JjdLiNmCus3kSa50aOeW.png,1.0,1,0
unet_black_seed44,U-Net,sigmoid=0.999,E1 8H 1_png.rf.8l6bvVJjLSjiFIlOhJkG.png,0.0,1,1
unet_black_seed44,U-Net,sigmoid=0.999,E1 8H 2_png.rf.5qtx5quA0obTJbOUZCxP.png,0.0,1,1
unet_black_seed44,U-Net,sigmoid=0.999,F2 0H 1_png.rf.zPl6vPkH5HpqtxJsWJxj.png,0.0,1,1
unet_black_seed44,U-Net,sigmoid=0.999,F2 12H 1_png.rf.h05DU2gxBlXL6JdotHmg.png,0.0,1,1
unet_black_seed44,U-Net,sigmoid=0.999,F2 12H 2_png.rf.2goGI5xvDCGG2PJZ8Its.png,0.0,1,1
unet_black_seed44,U-Net,sigmoid=0.999,F2 8H 2_png.rf.dUFZVFJ0aVESmoGKjJ05.png,0.0,1,1
unet_black_seed44,U-Net,sigmoid=0.999,Snap-08_141_png.rf.xxwXm4vgaTgEnxfrDBvk.png,1.0,1,0
unet_black_seed44,U-Net,sigmoid=0.999,Snap-09_200_png.rf.T1DuJr60ClWyEIrNPE9K.png,0.0,1,1
unet_black_seed44,U-Net,sigmoid=0.999,Snap-09_21_png.rf.eX9WeCW8GgIO8pb44zNf.png,1.0,1,0
unet_black_seed44,U-Net,sigmoid=0.999,Snap-09_66_png.rf.DXbLfCegxmVs4TDoenmh.png,0.0,1,1
unet_black_seed44,U-Net,sigmoid=0.999,Snap-10_146_png.rf.J1zTbpCRqsOW6DtsIPzv.png,1.0,1,0
unet_black_seed44,U-Net,sigmoid=0.999,Snap-10_png.rf.yj7fOx6nAZtfK19C65wZ.png,3.8e-05,0,1
unet_black_seed44,U-Net,sigmoid=0.999,Snap-15_15_png.rf.oEkUKHxOZ7qcBLxMlF5e.png,1.0,1,0
unet_black_seed44,U-Net,sigmoid=0.999,Snap-15_60_png.rf.AUB9Da86Zc4f2GiWRpgF.png,0.0,1,1
unet_black_seed44,U-Net,sigmoid=0.999,Snap-18_122_png.rf.rEzRHI9DOsMmEv8NXGFz.png,0.402098,0,1
unet_black_seed44,U-Net,sigmoid=0.999,Snap-18_182_png.rf.0olrnxTCWxDIVmtPK3HA.png,0.587962,0,1
unet_black_seed44,U-Net,sigmoid=0.999,Snap-20_104_png.rf.lu9wLu7mqVxquLAseXNa.png,0.0,1,1
unet_black_seed44,U-Net,sigmoid=0.999,Snap-21_56_png.rf.ycoY7vPUknblypXrORx3.png,0.054084,0,1
unet_black_seed44,U-Net,sigmoid=0.999,Snap-24_96_png.rf.s6DeTIAvmh6iZiaYgj4W.png,0.000293,0,1
unet_black_seed44,U-Net,sigmoid=0.999,Snap-25_124_png.rf.qhyZRieBWx1vF8Vfj4ck.png,0.008405,0,1
unet_black_seed44,U-Net,sigmoid=0.999,Snap-25_184_png.rf.fnCmHOHxb5uRZMEeY7RB.png,0.0,1,1
unet_black_seed44,U-Net,sigmoid=0.999,Snap-25_50_png.rf.CHeux2nrD5owQB0rBnrP.png,1.0,1,0
unet_black_seed44,U-Net,sigmoid=0.999,Snap-25_png.rf.NZSC2ldRJFXa4414jttF.png,0.004128,0,1
unet_black_seed44,U-Net,sigmoid=0.999,Snap-26_283_png.rf.YFDkIZNg1W2rRyv6xoZQ.png,0.112519,0,1
unet_black_seed44,U-Net,sigmoid=0.999,Snap-31_281_png.rf.HrwVzS03qTHBX5RB7awf.png,0.106352,0,1
unet_black_seed44,U-Net,sigmoid=0.999,Snap-36_271_png.rf.sfFr7wfzXmMz4JWE34hv.png,0.27512,0,1
unet_black_seed44,U-Net,sigmoid=0.999,Snap-37_175_png.rf.FF9MN09bmlSbN40cxQRu.png,0.0,1,1
unet_black_seed44,U-Net,sigmoid=0.999,Snap-37_235_png.rf.fp1LasdFT1TZbfgrTie6.png,0.273418,0,1
unet_black_seed44,U-Net,sigmoid=0.999,Snap-39_77_png.rf.FBpms3tKgC2fVOg0pxu7.png,5.4e-05,0,1
unet_black_seed44,U-Net,sigmoid=0.999,Snap-39_png.rf.B5ZdhBp8JGAo6JQji9gU.png,0.0,1,1
unet_black_seed44,U-Net,sigmoid=0.999,Snap-41_270_png.rf.46zb8PtP1Yuu9Wit1FpP.png,0.260845,0,1
unet_black_seed44,U-Net,sigmoid=0.999,Snap-42_165_png.rf.3eAR7nfV8aWUfPbBc82Q.png,0.155886,0,1
unet_black_seed44,U-Net,sigmoid=0.999,Snap-42_225_png.rf.mQxoBxfdEUUtVkhWybfs.png,0.422839,0,1
unet_black_seed44,U-Net,sigmoid=0.999,Snap-42_76_png.rf.erwRb4d1blf6lhZ6UFWy.png,0.129148,0,1
unet_black_seed44,U-Net,sigmoid=0.999,Snap-42_png.rf.vXnbjKiFLjrY6iWZoR1j.png,0.03407,0,1
unet_black_seed44,U-Net,sigmoid=0.999,Snap-47_159_png.rf.iWHwHxKcpvJIH7RHtxRu.png,0.285091,0,1
unet_black_seed44,U-Net,sigmoid=0.999,Snap-47_219_png.rf.tXiQQL4hg3VyVt8yhPHg.png,0.070607,0,1
unet_black_seed44,U-Net,sigmoid=0.999,Snap-52_153_png.rf.jWozliFwqBh7FtxPjDhr.png,0.0,1,1
unet_black_seed44,U-Net,sigmoid=0.999,Snap-52_213_png.rf.YrkkVK1Bonf3TxwPZWyE.png,0.144042,0,1
unet_black_seed44,U-Net,sigmoid=0.999,Snap-54_106_png.rf.VOFbghvZhHsPNSqUFFkZ.png,0.02903,0,1
unet_black_seed44,U-Net,sigmoid=0.999,Snap-54_1_png.rf.LYlBIIJ3KoqRfd7QemOX.png,0.021635,0,1
unet_black_seed44,U-Net,sigmoid=0.999,Snap-54_png.rf.HGYLhnxL2tQsTiXRBg9n.png,0.0,1,1
unet_black_seed44,U-Net,sigmoid=0.999,Snap-60_12_png.rf.AiY33Mo4Daj2M4cZgUnh.png,0.023048,0,1
unet_black_seed44,U-Net,sigmoid=0.999,Snap-60_png.rf.RpcRTxyR97nXnbvR3urB.png,0.0,1,1
unet_black_seed44,U-Net,sigmoid=0.999,ct2_3_png.rf.05gH6Q4BVtzjbT8GvpXk.png,0.013122,0,1
unet_black_seed44,U-Net,sigmoid=0.999,ct2_5_png.rf.V6uuFIT0hRf8VvfkI0ft.png,4.7e-05,0,1
unet_black_seed44,U-Net,sigmoid=0.999,ptx1_2_png.rf.mOSxinMIUOQxQUjpAhxb.png,0.03953,0,1
unet_black_seed44,U-Net,sigmoid=0.999,ptx2_4_png.rf.YEH27Bh4es5Hup4qomsA.png,0.011222,0,1
unet_black_seed45,U-Net,sigmoid=0.5,A1 0HR 1_png.rf.F8WfJZAyU8hXcsKytbcA.png,0.979558,0,1
unet_black_seed45,U-Net,sigmoid=0.5,A1 0HR 1_png.rf.bBmfdS8DK3Ixtw1fZ9P3.png,0.977407,0,1
unet_black_seed45,U-Net,sigmoid=0.5,A1 0HR 2_png.rf.hVdiwx06lI7rOZ5rr9vC.png,0.975323,0,1
unet_black_seed45,U-Net,sigmoid=0.5,A1 0HR 2_png.rf.wFANdrijgcCbWaNPdyi0.png,0.978178,0,1
unet_black_seed45,U-Net,sigmoid=0.5,A1 12HR 1_png.rf.8FGxD5kQMiDucxJswxPl.png,0.894119,0,1
unet_black_seed45,U-Net,sigmoid=0.5,A1 12HR 1_png.rf.XDKS23ySU3ItzW5Kv957.png,0.867717,0,1
unet_black_seed45,U-Net,sigmoid=0.5,A1 12HR 2_png.rf.6p7F3HADokVM7aGI7thQ.png,0.875155,0,1
unet_black_seed45,U-Net,sigmoid=0.5,A1 12HR 2_png.rf.OoCbkijic6aCx52coryw.png,0.901712,0,1
unet_black_seed45,U-Net,sigmoid=0.5,A1 12hr 1_png.rf.hPnekH9tRkKoF84Y4HTD.png,0.96571,0,1
unet_black_seed45,U-Net,sigmoid=0.5,A1 12hr 2_png.rf.Zc7e1rWOmWcCj4dykv3Z.png,0.939803,0,1
unet_black_seed45,U-Net,sigmoid=0.5,A1 24HR 1_png.rf.1ApDRLrpQqSCaPcShIOu.png,1.0,1,0
unet_black_seed45,U-Net,sigmoid=0.5,A1 24HR 1_png.rf.psHGzfQFFYu0q9OMf12P.png,1.0,1,0
unet_black_seed45,U-Net,sigmoid=0.5,A1 24HR 2_png.rf.8ZCo4suYfwAmYJVAdrgi.png,1.0,1,0
unet_black_seed45,U-Net,sigmoid=0.5,A1 24HR 2_png.rf.QvfIHR0lQkYJbWTuhsBX.png,0.683922,0,1
unet_black_seed45,U-Net,sigmoid=0.5,A1 24h 1_png.rf.TlQXP6CHdUFWS07zQImN.png,1.0,1,0
unet_black_seed45,U-Net,sigmoid=0.5,A1 24h 2_png.rf.o9mYSgMZsKvkMpLuHnpZ.png,1.0,1,0
unet_black_seed45,U-Net,sigmoid=0.5,A1 24hr 1_png.rf.LkrEN1mHJhJhYU2lmydg.png,0.860869,0,1
unet_black_seed45,U-Net,sigmoid=0.5,A1 8HR 1_png.rf.7N4eAqgpqfPKb1eNWowl.png,0.901045,0,1
unet_black_seed45,U-Net,sigmoid=0.5,A1 8HR 1_png.rf.VABkXkmpYjE9yLo5gSBX.png,0.911715,0,1
unet_black_seed45,U-Net,sigmoid=0.5,A1 8HR 2_png.rf.bvjlWbubzYS3fVyOKsCU.png,0.922938,0,1
unet_black_seed45,U-Net,sigmoid=0.5,A1 8HR 2_png.rf.emd32984S6mQhEIM0RXU.png,0.957347,0,1
unet_black_seed45,U-Net,sigmoid=0.5,A2 0H 2_png.rf.wLkBHcGvevKm0A73Vxcz.png,0.980301,0,1
unet_black_seed45,U-Net,sigmoid=0.5,A2 12H 1_png.rf.xnmVBn7WXmT4yiy3UMlx.png,0.760261,0,1
unet_black_seed45,U-Net,sigmoid=0.5,A2 12H 2_png.rf.N7tpAQyq0PEGrhaTGLJT.png,0.960496,0,1
unet_black_seed45,U-Net,sigmoid=0.5,A2 24H 1_png.rf.EFavmtKTLhhnJThESvF0.png,0.785865,0,1
unet_black_seed45,U-Net,sigmoid=0.5,A2 24H 2_png.rf.E5xmaghZdqaoko8wlaZh.png,0.942349,0,1
unet_black_seed45,U-Net,sigmoid=0.5,A2 8H 1_png.rf.xvZ2Owwq7kfNeQBUdLj1.png,0.414741,0,1
unet_black_seed45,U-Net,sigmoid=0.5,A2 8H 2_png.rf.7oLJskKDBKhwtDpwzZqy.png,0.962194,0,1
unet_black_seed45,U-Net,sigmoid=0.5,A3 0H 1_png.rf.4oL1M95z5XQoppHkibCl.png,0.586803,0,1
unet_black_seed45,U-Net,sigmoid=0.5,A3 0H 2_png.rf.QDCtQGDH1pznmeHT0BNJ.png,0.955202,0,1
unet_black_seed45,U-Net,sigmoid=0.5,A3 12H 1_png.rf.TU0BGVsD3XJqPwGYBsiu.png,0.899899,0,1
unet_black_seed45,U-Net,sigmoid=0.5,A3 12H 2_png.rf.r5xe4JQ4Ecgyw1raWv4H.png,0.740658,0,1
unet_black_seed45,U-Net,sigmoid=0.5,A3 24H 1_png.rf.tfdHOCRouEH53EDqy7G0.png,1.0,1,0
unet_black_seed45,U-Net,sigmoid=0.5,A3 24H 2_png.rf.TOtRUqMkxCrasCpSjZKO.png,1.0,1,0
unet_black_seed45,U-Net,sigmoid=0.5,A3 8H 1_png.rf.d60KhXvDmSmp3Oia8S8T.png,0.787169,0,1
unet_black_seed45,U-Net,sigmoid=0.5,A3 8H 2_png.rf.B5nEx5FtZ9JTiEjZrHJb.png,0.846548,0,1
unet_black_seed45,U-Net,sigmoid=0.5,A5 0HR 1_png.rf.ckTpizxWhCzqrJmwetqV.png,0.969952,0,1
unet_black_seed45,U-Net,sigmoid=0.5,A5 0HR 2_png.rf.C9gm2A2fkupz9aW1u7b9.png,0.983861,0,1
unet_black_seed45,U-Net,sigmoid=0.5,A5 12HR 1_png.rf.1xA3zwCvRWDQRrGvHIhA.png,0.934039,0,1
unet_black_seed45,U-Net,sigmoid=0.5,A5 12HR 1_png.rf.IESDSkszuJatVJfvQ7PW.png,0.791942,0,1
unet_black_seed45,U-Net,sigmoid=0.5,A5 12HR 2_png.rf.mzYpTwvbQHLWffHAkMOe.png,0.901819,0,1
unet_black_seed45,U-Net,sigmoid=0.5,A5 12HR 2_png.rf.rAr8U7x7uLNYSny2Orvg.png,0.818683,0,1
unet_black_seed45,U-Net,sigmoid=0.5,A5 24HR 1_png.rf.CpfIcPI5krfxTtJFGjKH.png,1.0,1,0
unet_black_seed45,U-Net,sigmoid=0.5,A5 24HR 1_png.rf.QWraD9H7IOqSfp8mznDQ.png,0.782991,0,1
unet_black_seed45,U-Net,sigmoid=0.5,A5 24HR 2_png.rf.JBrJ8KO8uH9Jn3iTJvZf.png,1.0,1,0
unet_black_seed45,U-Net,sigmoid=0.5,A5 24HR 2_png.rf.xE7wqG2pbN9OFXjVvNjl.png,0.860311,0,1
unet_black_seed45,U-Net,sigmoid=0.5,A5 8HR 1_png.rf.jEYUYpVLybixXNUndrI9.png,0.946917,0,1
unet_black_seed45,U-Net,sigmoid=0.5,A5 8HR 1_png.rf.qbCCkoclBZRwrN2mNDA9.png,0.861947,0,1
unet_black_seed45,U-Net,sigmoid=0.5,A5 8HR 2_png.rf.7U0SE5K1r1eXtmiCBL1Q.png,0.874778,0,1
unet_black_seed45,U-Net,sigmoid=0.5,A6 0H 1_png.rf.rKpcg4iYJ50H0XfmG98n.png,0.779107,0,1
unet_black_seed45,U-Net,sigmoid=0.5,A6 0H 2_png.rf.xTjPOuBdGBBEAQh6qzcS.png,0.904375,0,1
unet_black_seed45,U-Net,sigmoid=0.5,A6 12H 1_png.rf.ttiuv3CjzGc6GvMTytlM.png,0.859711,0,1
unet_black_seed45,U-Net,sigmoid=0.5,A6 12H 2_png.rf.bsoBQRnwC6AtJ5KRBKDv.png,0.94458,0,1
unet_black_seed45,U-Net,sigmoid=0.5,A6 24H 1_png.rf.nNdt9zlpThgANxpw0Afd.png,0.797168,0,1
unet_black_seed45,U-Net,sigmoid=0.5,A6 24H 2_png.rf.fnzQMmHMSJJ6YxflXcKp.png,0.817607,0,1
unet_black_seed45,U-Net,sigmoid=0.5,A6 8H 1_png.rf.0Ed4k50VKrxz80UdTuUb.png,0.832123,0,1
unet_black_seed45,U-Net,sigmoid=0.5,A6 8H 2_png.rf.8H5VYogwRaw3bc7Ufnp7.png,0.237123,0,1
unet_black_seed45,U-Net,sigmoid=0.5,B1 0H 1_png.rf.j3ckb2OmuPoN1D2ZNrsL.png,0.870371,0,1
unet_black_seed45,U-Net,sigmoid=0.5,B1 0H 2_png.rf.M9qDqnfqVRQAN3kixv3Y.png,0.982051,0,1
unet_black_seed45,U-Net,sigmoid=0.5,B1 0HR 1_png.rf.eIMkkfHeHfLEZ04ezC1L.png,0.962752,0,1
unet_black_seed45,U-Net,sigmoid=0.5,B1 0HR 2_png.rf.GJOlprTE8cvwD4CrUmlP.png,0.966403,0,1
unet_black_seed45,U-Net,sigmoid=0.5,B1 0hr 1_png.rf.HQmAp3GBzLOJSBnrI49n.png,0.982396,0,1
unet_black_seed45,U-Net,sigmoid=0.5,B1 0hr 1_png.rf.IpACHL1Orw6aFOfMt2L4.png,0.952672,0,1
unet_black_seed45,U-Net,sigmoid=0.5,B1 0hr 1_png.rf.MsTYgRqpBawgbfwCxIBh.png,0.953477,0,1
unet_black_seed45,U-Net,sigmoid=0.5,B1 0hr 2_png.rf.XjumgmgMNkQhrRGLEgFA.png,0.96005,0,1
unet_black_seed45,U-Net,sigmoid=0.5,B1 0hr_1_png.rf.DUGXTEiLp7a24s7ag9dO.png,0.605047,0,1
unet_black_seed45,U-Net,sigmoid=0.5,B1 0hr_2_png.rf.wWUkB0l85vJDlD6q526J.png,0.740488,0,1
unet_black_seed45,U-Net,sigmoid=0.5,B1 12H 1_png.rf.VB9B0BXSFCbQoytWKIkL.png,0.910876,0,1
unet_black_seed45,U-Net,sigmoid=0.5,B1 12H 2_png.rf.cFU7xmBfmqqkIIa5q7nh.png,0.869782,0,1
unet_black_seed45,U-Net,sigmoid=0.5,B1 12HR 1_png.rf.iGQ0raXb1cPFjLpTE8Qs.png,0.943282,0,1
unet_black_seed45,U-Net,sigmoid=0.5,B1 12hr 1_png.rf.Basp8dmX2exqZZBqydBx.png,0.951405,0,1
unet_black_seed45,U-Net,sigmoid=0.5,B1 12hr 1_png.rf.MkOpH7SVtG5q4EYuFmK2.png,0.932255,0,1
unet_black_seed45,U-Net,sigmoid=0.5,B1 12hr 1_png.rf.sRUPpw6VBKsEL7UWcuqg.png,0.956556,0,1
unet_black_seed45,U-Net,sigmoid=0.5,B1 12hr_1_png.rf.dB4OztvLmzVa4BGq5jCN.png,0.890881,0,1
unet_black_seed45,U-Net,sigmoid=0.5,B1 24H 1_png.rf.GJ99b6zJDkCcdldeprAL.png,0.891208,0,1
unet_black_seed45,U-Net,sigmoid=0.5,B1 24H 2_png.rf.WAXPIALQ8VqzYoMup3J4.png,0.654771,0,1
unet_black_seed45,U-Net,sigmoid=0.5,B1 24HR 1_png.rf.ZOXgAwm7pCyA0PxFBFkk.png,0.891476,0,1
unet_black_seed45,U-Net,sigmoid=0.5,B1 24HR 2_png.rf.Ls9u8THJDkrAcAUiOT0Q.png,0.862251,0,1
unet_black_seed45,U-Net,sigmoid=0.5,B1 24hr 1_png.rf.wZriPsVdQe9B1XYh0ypQ.png,0.857018,0,1
unet_black_seed45,U-Net,sigmoid=0.5,B1 24hr 2_png.rf.kOhjizJROLOCgNfM1IF5.png,0.904526,0,1
unet_black_seed45,U-Net,sigmoid=0.5,B1 8H 1_png.rf.fqDTrXJGtwGnRUswH16c.png,0.959109,0,1
unet_black_seed45,U-Net,sigmoid=0.5,B1 8H 2_png.rf.gA6SnVr547LgfEenVrRi.png,0.91027,0,1
unet_black_seed45,U-Net,sigmoid=0.5,B1 8HR 1_png.rf.AMXvM5M5gyDuLKC5DTa9.png,0.950923,0,1
unet_black_seed45,U-Net,sigmoid=0.5,B1 8HR 2_png.rf.QKXzmdKQE41ccuWFgbwS.png,0.948916,0,1
unet_black_seed45,U-Net,sigmoid=0.5,B1 8hr 1_png.rf.pwZlWzk9sZA3CwldABe9.png,0.970918,0,1
unet_black_seed45,U-Net,sigmoid=0.5,B1 8hr 1_png.rf.xNkp4JfkmuylOQerzD1Q.png,0.970105,0,1
unet_black_seed45,U-Net,sigmoid=0.5,B1 8hr 2_png.rf.L73Y3X4Dx7HELGkPVNlg.png,0.960581,0,1
unet_black_seed45,U-Net,sigmoid=0.5,B4 0H 1_png.rf.UkNByK7H1jadGiO9HCAd.png,0.796388,0,1
unet_black_seed45,U-Net,sigmoid=0.5,B4 0H 2_png.rf.rXION3PvUG9p2y5KH5ZG.png,0.846927,0,1
unet_black_seed45,U-Net,sigmoid=0.5,B4 12H 1_png.rf.1ULnxID5MP426B41agfS.png,0.420048,0,1
unet_black_seed45,U-Net,sigmoid=0.5,B4 12H 2_png.rf.BUDIsAimJHwizKA26kde.png,0.893226,0,1
unet_black_seed45,U-Net,sigmoid=0.5,B4 24H 1_png.rf.b60wYuoI9jxCKCHE2l9q.png,0.889041,0,1
unet_black_seed45,U-Net,sigmoid=0.5,B4 24H 2_png.rf.Dy3NkPc0L9HXhRCtCbkW.png,1.0,1,0
unet_black_seed45,U-Net,sigmoid=0.5,B4 8H 1_png.rf.OVZZyofXQpVrU06rEdEV.png,0.909535,0,1
unet_black_seed45,U-Net,sigmoid=0.5,B4 8H 2_png.rf.ShxIhASvXw8lGbZkLgUb.png,0.752785,0,1
unet_black_seed45,U-Net,sigmoid=0.5,B5 0HR 1_png.rf.HyxAq2SZFEx1y342m6b9.png,0.963081,0,1
unet_black_seed45,U-Net,sigmoid=0.5,B5 0HR 1_png.rf.J6hP1h51BcAFg4KFN6lN.png,0.983612,0,1
unet_black_seed45,U-Net,sigmoid=0.5,B5 0HR 2_png.rf.MUU0CWJgRWrZIA9N0J2X.png,0.982845,0,1
unet_black_seed45,U-Net,sigmoid=0.5,B5 12HR 1_png.rf.XqoVkA4DK3JbERfwmQPP.png,0.893952,0,1
unet_black_seed45,U-Net,sigmoid=0.5,B5 12HR 2_png.rf.EZH0RYIN3t8Q75rFyebV.png,0.917142,0,1
unet_black_seed45,U-Net,sigmoid=0.5,B5 12HR 2_png.rf.mSR2WAZaiHT4hljqFuAE.png,0.84618,0,1
unet_black_seed45,U-Net,sigmoid=0.5,B5 24HR 1_png.rf.TJTLDoAzR6YqhVVqJjBV.png,0.0,0,0
unet_black_seed45,U-Net,sigmoid=0.5,B5 24HR _png.rf.g9PDGT1tjMWdiPw6OCJg.png,1.0,1,0
unet_black_seed45,U-Net,sigmoid=0.5,B5 8HR 1_png.rf.Ym4RLm5f7bEAlTD8XV4Q.png,0.937593,0,1
unet_black_seed45,U-Net,sigmoid=0.5,B5 8HR 2_png.rf.1bM2nfrE3C3SuMgkQzIF.png,0.947866,0,1
unet_black_seed45,U-Net,sigmoid=0.5,B5 8HR 2_png.rf.BzRPidTOrz4nL1zIlvSL.png,0.958551,0,1
unet_black_seed45,U-Net,sigmoid=0.5,B6 0HR 1_png.rf.G9IIgGta9Gbbj9yqetJW.png,0.956167,0,1
unet_black_seed45,U-Net,sigmoid=0.5,B6 0hr 1_png.rf.tP2kS9n37GFU0hMWW7mV.png,0.782941,0,1
unet_black_seed45,U-Net,sigmoid=0.5,B6 12HR 1_png.rf.gMy5B0cpXrZXzyMCZhuv.png,0.846397,0,1
unet_black_seed45,U-Net,sigmoid=0.5,B6 12HR 2_png.rf.BMDqWV1RTxKKoPMgnLal.png,0.923257,0,1
unet_black_seed45,U-Net,sigmoid=0.5,B6 12hr 1_png.rf.wMEDLQnrMWwVbcfKlQek.png,0.873884,0,1
unet_black_seed45,U-Net,sigmoid=0.5,B6 12hr 2_png.rf.y4b1NNhMuInMAANEGR5y.png,0.939523,0,1
unet_black_seed45,U-Net,sigmoid=0.5,B6 24h 1_png.rf.HqRokqEzDfBP5O3ZtezT.png,1.0,1,0
unet_black_seed45,U-Net,sigmoid=0.5,B6 24h 1_png.rf.Mqv4F4d5b4AUQiStkAzE.png,1.0,1,0
unet_black_seed45,U-Net,sigmoid=0.5,C5 0H 1_png.rf.OdwF3vyzWYOgZ8CvxU5t.png,0.973828,0,1
unet_black_seed45,U-Net,sigmoid=0.5,C5 0H 1_png.rf.qfmzlYXXLFM1UbctuHo5.png,0.979548,0,1
unet_black_seed45,U-Net,sigmoid=0.5,C5 0H 2_png.rf.UQiYCwrvqp79phsQH2z3.png,0.838122,0,1
unet_black_seed45,U-Net,sigmoid=0.5,C5 12H 1_png.rf.OLiywuVh8Y6xj17HnU6e.png,0.911442,0,1
unet_black_seed45,U-Net,sigmoid=0.5,C5 12H 1_png.rf.eqPnAQCG5aI0rvfthMNV.png,0.90894,0,1
unet_black_seed45,U-Net,sigmoid=0.5,C5 12H 2_png.rf.oLP5pb7BztRNGjNEDlAS.png,0.792204,0,1
unet_black_seed45,U-Net,sigmoid=0.5,C5 12H 2_png.rf.yGOWuMwCESVagvk7Q4HY.png,0.516726,0,1
unet_black_seed45,U-Net,sigmoid=0.5,C5 24H 1_png.rf.GRabFdMEvh7NdJQw7srC.png,0.0,0,0
unet_black_seed45,U-Net,sigmoid=0.5,C5 24H 2_png.rf.1BqtMMJEWOuzOCOM43Zl.png,0.0,0,0
unet_black_seed45,U-Net,sigmoid=0.5,C5 8H 1_png.rf.QRwHfTeZ3iXOWs30KZOS.png,0.932569,0,1
unet_black_seed45,U-Net,sigmoid=0.5,C5 8H 1_png.rf.m0k3TjlxKvLXDFhuBq52.png,0.904001,0,1
unet_black_seed45,U-Net,sigmoid=0.5,C5 8H 2_png.rf.Su3UAyP9dztNqZtfn0u1.png,0.878322,0,1
unet_black_seed45,U-Net,sigmoid=0.5,D1 0H 1_png.rf.fw3oXHFKRwGBIpMcBKY2.png,0.967852,0,1
unet_black_seed45,U-Net,sigmoid=0.5,D1 0H 2_png.rf.In3g26PLvIPVilZ9guvK.png,0.972024,0,1
unet_black_seed45,U-Net,sigmoid=0.5,D1 0HR 1_png.rf.X95BBgcop2LdYBHvWj7G.png,0.974557,0,1
unet_black_seed45,U-Net,sigmoid=0.5,D1 0HR 1_png.rf.pXGKiyw6dpCjGOogRcBS.png,0.968701,0,1
unet_black_seed45,U-Net,sigmoid=0.5,D1 0HR 2_png.rf.Ak8bfHD2sNvAS5ARU8WU.png,0.980336,0,1
unet_black_seed45,U-Net,sigmoid=0.5,D1 0HR 2_png.rf.pBkydjxMgVt0vB999uLo.png,0.96941,0,1
unet_black_seed45,U-Net,sigmoid=0.5,D1 12H 1_png.rf.mKsxEDejqQN6qCQxLyns.png,0.939933,0,1
unet_black_seed45,U-Net,sigmoid=0.5,D1 12H 2_png.rf.hM6Jhc6UJKSMWKFN6Pta.png,0.956018,0,1
unet_black_seed45,U-Net,sigmoid=0.5,D1 12HR 1_png.rf.Sa5pwYNBsukEYVE7qdCO.png,0.904319,0,1
unet_black_seed45,U-Net,sigmoid=0.5,D1 12HR 1_png.rf.mtvtObh31Z25eXwo4BTB.png,0.888989,0,1
unet_black_seed45,U-Net,sigmoid=0.5,D1 12HR 2_png.rf.E03XFlEmMbe4CLEeQ5L0.png,0.86544,0,1
unet_black_seed45,U-Net,sigmoid=0.5,D1 12HR 2_png.rf.c61b9Qj6PnDGEcivk5oi.png,0.922189,0,1
unet_black_seed45,U-Net,sigmoid=0.5,D1 24H 1_png.rf.9St1pSdNBqUmYewNNUks.png,0.560338,0,1
unet_black_seed45,U-Net,sigmoid=0.5,D1 24H 2_png.rf.JPXsJfPNRWwnAkf2OC68.png,0.864208,0,1
unet_black_seed45,U-Net,sigmoid=0.5,D1 24HR 1_png.rf.D7yfyoxo08GRgfqWxkKs.png,0.808546,0,1
unet_black_seed45,U-Net,sigmoid=0.5,D1 24HR 1_png.rf.EHcrx6DNEOw8vqgtCyC2.png,1.0,1,0
unet_black_seed45,U-Net,sigmoid=0.5,D1 24HR 2_png.rf.sKzjQXeeTmG65NxFRo5z.png,1.0,1,0
unet_black_seed45,U-Net,sigmoid=0.5,D1 24HR 2_png.rf.uoxKxnADebGlXimnPrEx.png,0.832096,0,1
unet_black_seed45,U-Net,sigmoid=0.5,D1 8H 1_png.rf.AmYzGCscmIMNbZlAIVL4.png,0.924934,0,1
unet_black_seed45,U-Net,sigmoid=0.5,D1 8H 2_png.rf.1Guur0r0WOYFqgYbD8Ix.png,0.764695,0,1
unet_black_seed45,U-Net,sigmoid=0.5,D1 8HR 1_png.rf.7pXlMXWWJkv2xLuAp89c.png,0.912817,0,1
unet_black_seed45,U-Net,sigmoid=0.5,D1 8HR 1_png.rf.Pm37sn4g0olAl9FUCP58.png,0.913263,0,1
unet_black_seed45,U-Net,sigmoid=0.5,D1 8HR 2_png.rf.We4y9DkVsrjwHtYEPH1S.png,0.90727,0,1
unet_black_seed45,U-Net,sigmoid=0.5,D1 8HR 2_png.rf.zXqaP0fHqHbabD0CzjuF.png,0.939673,0,1
unet_black_seed45,U-Net,sigmoid=0.5,D3 0H 1_png.rf.jWsUip53LaCF4OaEEFcb.png,0.983925,0,1
unet_black_seed45,U-Net,sigmoid=0.5,D3 0H 2_png.rf.lkEcbAGS1IAwabi3cMT3.png,0.932192,0,1
unet_black_seed45,U-Net,sigmoid=0.5,D3 12H 1_png.rf.vDKmMF3YJlFSbIbFZHci.png,0.961656,0,1
unet_black_seed45,U-Net,sigmoid=0.5,D3 12H 2_png.rf.bk65RyMB9bMlU59S1RY7.png,0.932271,0,1
unet_black_seed45,U-Net,sigmoid=0.5,D3 24H 1_png.rf.lgES3xZvT7KoszPGhV44.png,0.949016,0,1
unet_black_seed45,U-Net,sigmoid=0.5,D3 24H 2_png.rf.vu9MuWKRyoy3WKGkVrI5.png,0.878181,0,1
unet_black_seed45,U-Net,sigmoid=0.5,D3 8H 1_png.rf.6ah0Jg4O5oakLSomUxcX.png,0.972057,0,1
unet_black_seed45,U-Net,sigmoid=0.5,D3 8H 2_png.rf.RmIwn01JNbgfY0VcrlAP.png,0.958359,0,1
unet_black_seed45,U-Net,sigmoid=0.5,D4 0H 1_png.rf.FutNJ1bcHBCTMEvRlEBr.png,0.973671,0,1
unet_black_seed45,U-Net,sigmoid=0.5,D4 0H 1_png.rf.hIDWQ46StqSUcKyGmBYY.png,0.975485,0,1
unet_black_seed45,U-Net,sigmoid=0.5,D4 0H 2_png.rf.7RFXNZEElcEIxiB134la.png,0.691534,0,1
unet_black_seed45,U-Net,sigmoid=0.5,D4 0H 2_png.rf.eVEb58gAMbcellIRwKuX.png,0.420681,0,1
unet_black_seed45,U-Net,sigmoid=0.5,D4 0HR 1_png.rf.eLqJwBy4PkAeXHhqw8Ir.png,0.96179,0,1
unet_black_seed45,U-Net,sigmoid=0.5,D4 0HR 2_png.rf.EwNjDB9ss3gmM00iJqPT.png,0.964413,0,1
unet_black_seed45,U-Net,sigmoid=0.5,D4 12H 1_png.rf.9BeWOTfVwMn3ywdSyPmt.png,0.953514,0,1
unet_black_seed45,U-Net,sigmoid=0.5,D4 12H 1_png.rf.rmwAgsyRm1ZzZ55GuiPB.png,0.724347,0,1
unet_black_seed45,U-Net,sigmoid=0.5,D4 12H 2_png.rf.JoRndEJA1lep3hprLUOS.png,0.822536,0,1
unet_black_seed45,U-Net,sigmoid=0.5,D4 12H 2_png.rf.txyJ67o8LXpC3sVtUoTH.png,0.764074,0,1
unet_black_seed45,U-Net,sigmoid=0.5,D4 12HR 1_png.rf.coQP5Rm68FoQiPA5lE4l.png,0.0,0,0
unet_black_seed45,U-Net,sigmoid=0.5,D4 12HR 2_png.rf.3mHz6QXfVp3bYuBorSyN.png,0.840464,0,1
unet_black_seed45,U-Net,sigmoid=0.5,D4 24H 1_png.rf.4NmTRoRHXyugKUw10i8s.png,1.0,1,0
unet_black_seed45,U-Net,sigmoid=0.5,D4 24H 1_png.rf.l74W6BtAd1h2vbDdLYa7.png,0.919855,0,1
unet_black_seed45,U-Net,sigmoid=0.5,D4 24H 2_png.rf.RklTkqfkG2jxmrJIVlDw.png,0.0,0,0
unet_black_seed45,U-Net,sigmoid=0.5,D4 24HR 1_png.rf.ZeWox4g9WSQYjCRdF5Hj.png,1.0,1,0
unet_black_seed45,U-Net,sigmoid=0.5,D4 24HR 2_png.rf.aSdWjnYDFFICPSVHPh41.png,1.0,1,0
unet_black_seed45,U-Net,sigmoid=0.5,D4 8H 1_png.rf.a8mANb97avVu4hPsbo7a.png,0.585584,0,1
unet_black_seed45,U-Net,sigmoid=0.5,D4 8H 1_png.rf.xpR4xGrS7xqp2WqsHOdj.png,0.959639,0,1
unet_black_seed45,U-Net,sigmoid=0.5,D4 8H 2_png.rf.ixTzZNh35XGijmR7VOtL.png,0.543752,0,1
unet_black_seed45,U-Net,sigmoid=0.5,D4 8H 2_png.rf.mnoVDerLhE6PpOQcbUog.png,0.714592,0,1
unet_black_seed45,U-Net,sigmoid=0.5,D4 8HR 1_png.rf.VEshHRtiysfYv1YrXVR9.png,0.891339,0,1
unet_black_seed45,U-Net,sigmoid=0.5,D4 8HR 2_png.rf.1gESfR3nmJtUf5QdqE6H.png,0.88396,0,1
unet_black_seed45,U-Net,sigmoid=0.5,E1 0H 1_png.rf.O4klFnPAFBZQG7ZiiWoa.png,0.964452,0,1
unet_black_seed45,U-Net,sigmoid=0.5,E1 0H 2_png.rf.dwk6Z6HVga7ttj23PmV9.png,0.852563,0,1
unet_black_seed45,U-Net,sigmoid=0.5,E1 12H 1_png.rf.MXhOPdUnNbYD4WTRbftP.png,0.804379,0,1
unet_black_seed45,U-Net,sigmoid=0.5,E1 12H 2_png.rf.GKeGTBMimaglOZhGi5n6.png,0.660421,0,1
unet_black_seed45,U-Net,sigmoid=0.5,E1 24H 1_png.rf.JjdLiNmCus3kSa50aOeW.png,1.0,1,0
unet_black_seed45,U-Net,sigmoid=0.5,E1 8H 1_png.rf.8l6bvVJjLSjiFIlOhJkG.png,0.851565,0,1
unet_black_seed45,U-Net,sigmoid=0.5,E1 8H 2_png.rf.5qtx5quA0obTJbOUZCxP.png,0.809248,0,1
unet_black_seed45,U-Net,sigmoid=0.5,F2 0H 1_png.rf.zPl6vPkH5HpqtxJsWJxj.png,0.920863,0,1
unet_black_seed45,U-Net,sigmoid=0.5,F2 12H 1_png.rf.h05DU2gxBlXL6JdotHmg.png,0.932355,0,1
unet_black_seed45,U-Net,sigmoid=0.5,F2 12H 2_png.rf.2goGI5xvDCGG2PJZ8Its.png,0.853599,0,1
unet_black_seed45,U-Net,sigmoid=0.5,F2 8H 2_png.rf.dUFZVFJ0aVESmoGKjJ05.png,0.854114,0,1
unet_black_seed45,U-Net,sigmoid=0.5,Snap-08_141_png.rf.xxwXm4vgaTgEnxfrDBvk.png,1.0,1,0
unet_black_seed45,U-Net,sigmoid=0.5,Snap-09_200_png.rf.T1DuJr60ClWyEIrNPE9K.png,0.0,1,1
unet_black_seed45,U-Net,sigmoid=0.5,Snap-09_21_png.rf.eX9WeCW8GgIO8pb44zNf.png,1.0,1,0
unet_black_seed45,U-Net,sigmoid=0.5,Snap-09_66_png.rf.DXbLfCegxmVs4TDoenmh.png,0.796198,0,1
unet_black_seed45,U-Net,sigmoid=0.5,Snap-10_146_png.rf.J1zTbpCRqsOW6DtsIPzv.png,1.0,1,0
unet_black_seed45,U-Net,sigmoid=0.5,Snap-10_png.rf.yj7fOx6nAZtfK19C65wZ.png,0.890614,0,1
unet_black_seed45,U-Net,sigmoid=0.5,Snap-15_15_png.rf.oEkUKHxOZ7qcBLxMlF5e.png,1.0,1,0
unet_black_seed45,U-Net,sigmoid=0.5,Snap-15_60_png.rf.AUB9Da86Zc4f2GiWRpgF.png,0.818509,0,1
unet_black_seed45,U-Net,sigmoid=0.5,Snap-18_122_png.rf.rEzRHI9DOsMmEv8NXGFz.png,0.875286,0,1
unet_black_seed45,U-Net,sigmoid=0.5,Snap-18_182_png.rf.0olrnxTCWxDIVmtPK3HA.png,0.943409,0,1
unet_black_seed45,U-Net,sigmoid=0.5,Snap-20_104_png.rf.lu9wLu7mqVxquLAseXNa.png,0.611412,0,1
unet_black_seed45,U-Net,sigmoid=0.5,Snap-21_56_png.rf.ycoY7vPUknblypXrORx3.png,0.745348,0,1
unet_black_seed45,U-Net,sigmoid=0.5,Snap-24_96_png.rf.s6DeTIAvmh6iZiaYgj4W.png,0.863048,0,1
unet_black_seed45,U-Net,sigmoid=0.5,Snap-25_124_png.rf.qhyZRieBWx1vF8Vfj4ck.png,0.950734,0,1
unet_black_seed45,U-Net,sigmoid=0.5,Snap-25_184_png.rf.fnCmHOHxb5uRZMEeY7RB.png,0.921565,0,1
unet_black_seed45,U-Net,sigmoid=0.5,Snap-25_50_png.rf.CHeux2nrD5owQB0rBnrP.png,1.0,1,0
unet_black_seed45,U-Net,sigmoid=0.5,Snap-25_png.rf.NZSC2ldRJFXa4414jttF.png,0.874416,0,1
unet_black_seed45,U-Net,sigmoid=0.5,Snap-26_283_png.rf.YFDkIZNg1W2rRyv6xoZQ.png,0.719622,0,1
unet_black_seed45,U-Net,sigmoid=0.5,Snap-31_281_png.rf.HrwVzS03qTHBX5RB7awf.png,0.778785,0,1
unet_black_seed45,U-Net,sigmoid=0.5,Snap-36_271_png.rf.sfFr7wfzXmMz4JWE34hv.png,0.928699,0,1
unet_black_seed45,U-Net,sigmoid=0.5,Snap-37_175_png.rf.FF9MN09bmlSbN40cxQRu.png,0.817797,0,1
unet_black_seed45,U-Net,sigmoid=0.5,Snap-37_235_png.rf.fp1LasdFT1TZbfgrTie6.png,0.919887,0,1
unet_black_seed45,U-Net,sigmoid=0.5,Snap-39_77_png.rf.FBpms3tKgC2fVOg0pxu7.png,0.802979,0,1
unet_black_seed45,U-Net,sigmoid=0.5,Snap-39_png.rf.B5ZdhBp8JGAo6JQji9gU.png,0.65857,0,1
unet_black_seed45,U-Net,sigmoid=0.5,Snap-41_270_png.rf.46zb8PtP1Yuu9Wit1FpP.png,0.944241,0,1
unet_black_seed45,U-Net,sigmoid=0.5,Snap-42_165_png.rf.3eAR7nfV8aWUfPbBc82Q.png,0.693558,0,1
unet_black_seed45,U-Net,sigmoid=0.5,Snap-42_225_png.rf.mQxoBxfdEUUtVkhWybfs.png,0.943891,0,1
unet_black_seed45,U-Net,sigmoid=0.5,Snap-42_76_png.rf.erwRb4d1blf6lhZ6UFWy.png,0.901876,0,1
unet_black_seed45,U-Net,sigmoid=0.5,Snap-42_png.rf.vXnbjKiFLjrY6iWZoR1j.png,0.97975,0,1
unet_black_seed45,U-Net,sigmoid=0.5,Snap-47_159_png.rf.iWHwHxKcpvJIH7RHtxRu.png,0.95103,0,1
unet_black_seed45,U-Net,sigmoid=0.5,Snap-47_219_png.rf.tXiQQL4hg3VyVt8yhPHg.png,0.970303,0,1
unet_black_seed45,U-Net,sigmoid=0.5,Snap-52_153_png.rf.jWozliFwqBh7FtxPjDhr.png,0.867745,0,1
unet_black_seed45,U-Net,sigmoid=0.5,Snap-52_213_png.rf.YrkkVK1Bonf3TxwPZWyE.png,0.970142,0,1
unet_black_seed45,U-Net,sigmoid=0.5,Snap-54_106_png.rf.VOFbghvZhHsPNSqUFFkZ.png,0.895193,0,1
unet_black_seed45,U-Net,sigmoid=0.5,Snap-54_1_png.rf.LYlBIIJ3KoqRfd7QemOX.png,0.714472,0,1
unet_black_seed45,U-Net,sigmoid=0.5,Snap-54_png.rf.HGYLhnxL2tQsTiXRBg9n.png,0.909551,0,1
unet_black_seed45,U-Net,sigmoid=0.5,Snap-60_12_png.rf.AiY33Mo4Daj2M4cZgUnh.png,0.916269,0,1
unet_black_seed45,U-Net,sigmoid=0.5,Snap-60_png.rf.RpcRTxyR97nXnbvR3urB.png,0.930032,0,1
unet_black_seed45,U-Net,sigmoid=0.5,ct2_3_png.rf.05gH6Q4BVtzjbT8GvpXk.png,0.991882,0,1
unet_black_seed45,U-Net,sigmoid=0.5,ct2_5_png.rf.V6uuFIT0hRf8VvfkI0ft.png,0.987714,0,1
unet_black_seed45,U-Net,sigmoid=0.5,ptx1_2_png.rf.mOSxinMIUOQxQUjpAhxb.png,0.966505,0,1
unet_black_seed45,U-Net,sigmoid=0.5,ptx2_4_png.rf.YEH27Bh4es5Hup4qomsA.png,0.990679,0,1
unet_black_seed45,U-Net,sigmoid=0.999,A1 0HR 1_png.rf.F8WfJZAyU8hXcsKytbcA.png,0.733287,0,1
unet_black_seed45,U-Net,sigmoid=0.999,A1 0HR 1_png.rf.bBmfdS8DK3Ixtw1fZ9P3.png,0.721777,0,1
unet_black_seed45,U-Net,sigmoid=0.999,A1 0HR 2_png.rf.hVdiwx06lI7rOZ5rr9vC.png,0.485892,0,1
unet_black_seed45,U-Net,sigmoid=0.999,A1 0HR 2_png.rf.wFANdrijgcCbWaNPdyi0.png,0.55138,0,1
unet_black_seed45,U-Net,sigmoid=0.999,A1 12HR 1_png.rf.8FGxD5kQMiDucxJswxPl.png,0.270161,0,1
unet_black_seed45,U-Net,sigmoid=0.999,A1 12HR 1_png.rf.XDKS23ySU3ItzW5Kv957.png,0.409022,0,1
unet_black_seed45,U-Net,sigmoid=0.999,A1 12HR 2_png.rf.6p7F3HADokVM7aGI7thQ.png,0.53333,0,1
unet_black_seed45,U-Net,sigmoid=0.999,A1 12HR 2_png.rf.OoCbkijic6aCx52coryw.png,0.476783,0,1
unet_black_seed45,U-Net,sigmoid=0.999,A1 12hr 1_png.rf.hPnekH9tRkKoF84Y4HTD.png,0.494864,0,1
unet_black_seed45,U-Net,sigmoid=0.999,A1 12hr 2_png.rf.Zc7e1rWOmWcCj4dykv3Z.png,0.595314,0,1
unet_black_seed45,U-Net,sigmoid=0.999,A1 24HR 1_png.rf.1ApDRLrpQqSCaPcShIOu.png,1.0,1,0
unet_black_seed45,U-Net,sigmoid=0.999,A1 24HR 1_png.rf.psHGzfQFFYu0q9OMf12P.png,1.0,1,0
unet_black_seed45,U-Net,sigmoid=0.999,A1 24HR 2_png.rf.8ZCo4suYfwAmYJVAdrgi.png,1.0,1,0
unet_black_seed45,U-Net,sigmoid=0.999,A1 24HR 2_png.rf.QvfIHR0lQkYJbWTuhsBX.png,0.0,1,1
unet_black_seed45,U-Net,sigmoid=0.999,A1 24h 1_png.rf.TlQXP6CHdUFWS07zQImN.png,1.0,1,0
unet_black_seed45,U-Net,sigmoid=0.999,A1 24h 2_png.rf.o9mYSgMZsKvkMpLuHnpZ.png,1.0,1,0
unet_black_seed45,U-Net,sigmoid=0.999,A1 24hr 1_png.rf.LkrEN1mHJhJhYU2lmydg.png,0.598899,0,1
unet_black_seed45,U-Net,sigmoid=0.999,A1 8HR 1_png.rf.7N4eAqgpqfPKb1eNWowl.png,0.609983,0,1
unet_black_seed45,U-Net,sigmoid=0.999,A1 8HR 1_png.rf.VABkXkmpYjE9yLo5gSBX.png,0.648369,0,1
unet_black_seed45,U-Net,sigmoid=0.999,A1 8HR 2_png.rf.bvjlWbubzYS3fVyOKsCU.png,0.607355,0,1
unet_black_seed45,U-Net,sigmoid=0.999,A1 8HR 2_png.rf.emd32984S6mQhEIM0RXU.png,0.601506,0,1
unet_black_seed45,U-Net,sigmoid=0.999,A2 0H 2_png.rf.wLkBHcGvevKm0A73Vxcz.png,0.202266,0,1
unet_black_seed45,U-Net,sigmoid=0.999,A2 12H 1_png.rf.xnmVBn7WXmT4yiy3UMlx.png,0.568267,0,1
unet_black_seed45,U-Net,sigmoid=0.999,A2 12H 2_png.rf.N7tpAQyq0PEGrhaTGLJT.png,0.561381,0,1
unet_black_seed45,U-Net,sigmoid=0.999,A2 24H 1_png.rf.EFavmtKTLhhnJThESvF0.png,0.583456,0,1
unet_black_seed45,U-Net,sigmoid=0.999,A2 24H 2_png.rf.E5xmaghZdqaoko8wlaZh.png,0.587043,0,1
unet_black_seed45,U-Net,sigmoid=0.999,A2 8H 1_png.rf.xvZ2Owwq7kfNeQBUdLj1.png,0.0,1,1
unet_black_seed45,U-Net,sigmoid=0.999,A2 8H 2_png.rf.7oLJskKDBKhwtDpwzZqy.png,0.126026,0,1
unet_black_seed45,U-Net,sigmoid=0.999,A3 0H 1_png.rf.4oL1M95z5XQoppHkibCl.png,0.0,1,1
unet_black_seed45,U-Net,sigmoid=0.999,A3 0H 2_png.rf.QDCtQGDH1pznmeHT0BNJ.png,0.019656,0,1
unet_black_seed45,U-Net,sigmoid=0.999,A3 12H 1_png.rf.TU0BGVsD3XJqPwGYBsiu.png,0.069479,0,1
unet_black_seed45,U-Net,sigmoid=0.999,A3 12H 2_png.rf.r5xe4JQ4Ecgyw1raWv4H.png,0.570259,0,1
unet_black_seed45,U-Net,sigmoid=0.999,A3 24H 1_png.rf.tfdHOCRouEH53EDqy7G0.png,1.0,1,0
unet_black_seed45,U-Net,sigmoid=0.999,A3 24H 2_png.rf.TOtRUqMkxCrasCpSjZKO.png,1.0,1,0
unet_black_seed45,U-Net,sigmoid=0.999,A3 8H 1_png.rf.d60KhXvDmSmp3Oia8S8T.png,0.511693,0,1
unet_black_seed45,U-Net,sigmoid=0.999,A3 8H 2_png.rf.B5nEx5FtZ9JTiEjZrHJb.png,0.347952,0,1
unet_black_seed45,U-Net,sigmoid=0.999,A5 0HR 1_png.rf.ckTpizxWhCzqrJmwetqV.png,0.608566,0,1
unet_black_seed45,U-Net,sigmoid=0.999,A5 0HR 2_png.rf.C9gm2A2fkupz9aW1u7b9.png,0.654775,0,1
unet_black_seed45,U-Net,sigmoid=0.999,A5 12HR 1_png.rf.1xA3zwCvRWDQRrGvHIhA.png,0.45821,0,1
unet_black_seed45,U-Net,sigmoid=0.999,A5 12HR 1_png.rf.IESDSkszuJatVJfvQ7PW.png,0.371852,0,1
unet_black_seed45,U-Net,sigmoid=0.999,A5 12HR 2_png.rf.mzYpTwvbQHLWffHAkMOe.png,0.585829,0,1
unet_black_seed45,U-Net,sigmoid=0.999,A5 12HR 2_png.rf.rAr8U7x7uLNYSny2Orvg.png,0.29688,0,1
unet_black_seed45,U-Net,sigmoid=0.999,A5 24HR 1_png.rf.CpfIcPI5krfxTtJFGjKH.png,1.0,1,0
unet_black_seed45,U-Net,sigmoid=0.999,A5 24HR 1_png.rf.QWraD9H7IOqSfp8mznDQ.png,0.0,1,1
unet_black_seed45,U-Net,sigmoid=0.999,A5 24HR 2_png.rf.JBrJ8KO8uH9Jn3iTJvZf.png,1.0,1,0
unet_black_seed45,U-Net,sigmoid=0.999,A5 24HR 2_png.rf.xE7wqG2pbN9OFXjVvNjl.png,0.092926,0,1
unet_black_seed45,U-Net,sigmoid=0.999,A5 8HR 1_png.rf.jEYUYpVLybixXNUndrI9.png,0.638546,0,1
unet_black_seed45,U-Net,sigmoid=0.999,A5 8HR 1_png.rf.qbCCkoclBZRwrN2mNDA9.png,0.511207,0,1
unet_black_seed45,U-Net,sigmoid=0.999,A5 8HR 2_png.rf.7U0SE5K1r1eXtmiCBL1Q.png,0.679031,0,1
unet_black_seed45,U-Net,sigmoid=0.999,A6 0H 1_png.rf.rKpcg4iYJ50H0XfmG98n.png,0.0,1,1
unet_black_seed45,U-Net,sigmoid=0.999,A6 0H 2_png.rf.xTjPOuBdGBBEAQh6qzcS.png,0.0,1,1
unet_black_seed45,U-Net,sigmoid=0.999,A6 12H 1_png.rf.ttiuv3CjzGc6GvMTytlM.png,0.147128,0,1
unet_black_seed45,U-Net,sigmoid=0.999,A6 12H 2_png.rf.bsoBQRnwC6AtJ5KRBKDv.png,0.394841,0,1
unet_black_seed45,U-Net,sigmoid=0.999,A6 24H 1_png.rf.nNdt9zlpThgANxpw0Afd.png,0.235316,0,1
unet_black_seed45,U-Net,sigmoid=0.999,A6 24H 2_png.rf.fnzQMmHMSJJ6YxflXcKp.png,0.442917,0,1
unet_black_seed45,U-Net,sigmoid=0.999,A6 8H 1_png.rf.0Ed4k50VKrxz80UdTuUb.png,0.11348,0,1
unet_black_seed45,U-Net,sigmoid=0.999,A6 8H 2_png.rf.8H5VYogwRaw3bc7Ufnp7.png,0.0,1,1
unet_black_seed45,U-Net,sigmoid=0.999,B1 0H 1_png.rf.j3ckb2OmuPoN1D2ZNrsL.png,0.028183,0,1
unet_black_seed45,U-Net,sigmoid=0.999,B1 0H 2_png.rf.M9qDqnfqVRQAN3kixv3Y.png,0.231438,0,1
unet_black_seed45,U-Net,sigmoid=0.999,B1 0HR 1_png.rf.eIMkkfHeHfLEZ04ezC1L.png,0.414252,0,1
unet_black_seed45,U-Net,sigmoid=0.999,B1 0HR 2_png.rf.GJOlprTE8cvwD4CrUmlP.png,0.569582,0,1
unet_black_seed45,U-Net,sigmoid=0.999,B1 0hr 1_png.rf.HQmAp3GBzLOJSBnrI49n.png,0.124886,0,1
unet_black_seed45,U-Net,sigmoid=0.999,B1 0hr 1_png.rf.IpACHL1Orw6aFOfMt2L4.png,0.20345,0,1
unet_black_seed45,U-Net,sigmoid=0.999,B1 0hr 1_png.rf.MsTYgRqpBawgbfwCxIBh.png,0.0,1,1
unet_black_seed45,U-Net,sigmoid=0.999,B1 0hr 2_png.rf.XjumgmgMNkQhrRGLEgFA.png,0.088688,0,1
unet_black_seed45,U-Net,sigmoid=0.999,B1 0hr_1_png.rf.DUGXTEiLp7a24s7ag9dO.png,0.0,1,1
unet_black_seed45,U-Net,sigmoid=0.999,B1 0hr_2_png.rf.wWUkB0l85vJDlD6q526J.png,0.0,1,1
unet_black_seed45,U-Net,sigmoid=0.999,B1 12H 1_png.rf.VB9B0BXSFCbQoytWKIkL.png,0.055505,0,1
unet_black_seed45,U-Net,sigmoid=0.999,B1 12H 2_png.rf.cFU7xmBfmqqkIIa5q7nh.png,0.06197,0,1
unet_black_seed45,U-Net,sigmoid=0.999,B1 12HR 1_png.rf.iGQ0raXb1cPFjLpTE8Qs.png,0.624964,0,1
unet_black_seed45,U-Net,sigmoid=0.999,B1 12hr 1_png.rf.Basp8dmX2exqZZBqydBx.png,0.670533,0,1
unet_black_seed45,U-Net,sigmoid=0.999,B1 12hr 1_png.rf.MkOpH7SVtG5q4EYuFmK2.png,0.49996,0,1
unet_black_seed45,U-Net,sigmoid=0.999,B1 12hr 1_png.rf.sRUPpw6VBKsEL7UWcuqg.png,0.348389,0,1
unet_black_seed45,U-Net,sigmoid=0.999,B1 12hr_1_png.rf.dB4OztvLmzVa4BGq5jCN.png,0.0,1,1
unet_black_seed45,U-Net,sigmoid=0.999,B1 24H 1_png.rf.GJ99b6zJDkCcdldeprAL.png,0.49778,0,1
unet_black_seed45,U-Net,sigmoid=0.999,B1 24H 2_png.rf.WAXPIALQ8VqzYoMup3J4.png,0.084429,0,1
unet_black_seed45,U-Net,sigmoid=0.999,B1 24HR 1_png.rf.ZOXgAwm7pCyA0PxFBFkk.png,0.483389,0,1
unet_black_seed45,U-Net,sigmoid=0.999,B1 24HR 2_png.rf.Ls9u8THJDkrAcAUiOT0Q.png,0.376315,0,1
unet_black_seed45,U-Net,sigmoid=0.999,B1 24hr 1_png.rf.wZriPsVdQe9B1XYh0ypQ.png,0.10023,0,1
unet_black_seed45,U-Net,sigmoid=0.999,B1 24hr 2_png.rf.kOhjizJROLOCgNfM1IF5.png,0.183531,0,1
unet_black_seed45,U-Net,sigmoid=0.999,B1 8H 1_png.rf.fqDTrXJGtwGnRUswH16c.png,0.691118,0,1
unet_black_seed45,U-Net,sigmoid=0.999,B1 8H 2_png.rf.gA6SnVr547LgfEenVrRi.png,0.489102,0,1
unet_black_seed45,U-Net,sigmoid=0.999,B1 8HR 1_png.rf.AMXvM5M5gyDuLKC5DTa9.png,0.676655,0,1
unet_black_seed45,U-Net,sigmoid=0.999,B1 8HR 2_png.rf.QKXzmdKQE41ccuWFgbwS.png,0.714249,0,1
unet_black_seed45,U-Net,sigmoid=0.999,B1 8hr 1_png.rf.pwZlWzk9sZA3CwldABe9.png,0.085362,0,1
unet_black_seed45,U-Net,sigmoid=0.999,B1 8hr 1_png.rf.xNkp4JfkmuylOQerzD1Q.png,0.276407,0,1
unet_black_seed45,U-Net,sigmoid=0.999,B1 8hr 2_png.rf.L73Y3X4Dx7HELGkPVNlg.png,0.499359,0,1
unet_black_seed45,U-Net,sigmoid=0.999,B4 0H 1_png.rf.UkNByK7H1jadGiO9HCAd.png,0.242737,0,1
unet_black_seed45,U-Net,sigmoid=0.999,B4 0H 2_png.rf.rXION3PvUG9p2y5KH5ZG.png,0.007654,0,1
unet_black_seed45,U-Net,sigmoid=0.999,B4 12H 1_png.rf.1ULnxID5MP426B41agfS.png,0.0,1,1
unet_black_seed45,U-Net,sigmoid=0.999,B4 12H 2_png.rf.BUDIsAimJHwizKA26kde.png,0.204174,0,1
unet_black_seed45,U-Net,sigmoid=0.999,B4 24H 1_png.rf.b60wYuoI9jxCKCHE2l9q.png,0.456188,0,1
unet_black_seed45,U-Net,sigmoid=0.999,B4 24H 2_png.rf.Dy3NkPc0L9HXhRCtCbkW.png,1.0,1,0
unet_black_seed45,U-Net,sigmoid=0.999,B4 8H 1_png.rf.OVZZyofXQpVrU06rEdEV.png,0.38064,0,1
unet_black_seed45,U-Net,sigmoid=0.999,B4 8H 2_png.rf.ShxIhASvXw8lGbZkLgUb.png,0.059114,0,1
unet_black_seed45,U-Net,sigmoid=0.999,B5 0HR 1_png.rf.HyxAq2SZFEx1y342m6b9.png,0.007796,0,1
unet_black_seed45,U-Net,sigmoid=0.999,B5 0HR 1_png.rf.J6hP1h51BcAFg4KFN6lN.png,0.634921,0,1
unet_black_seed45,U-Net,sigmoid=0.999,B5 0HR 2_png.rf.MUU0CWJgRWrZIA9N0J2X.png,0.407621,0,1
unet_black_seed45,U-Net,sigmoid=0.999,B5 12HR 1_png.rf.XqoVkA4DK3JbERfwmQPP.png,0.550326,0,1
unet_black_seed45,U-Net,sigmoid=0.999,B5 12HR 2_png.rf.EZH0RYIN3t8Q75rFyebV.png,0.508453,0,1
unet_black_seed45,U-Net,sigmoid=0.999,B5 12HR 2_png.rf.mSR2WAZaiHT4hljqFuAE.png,0.605142,0,1
unet_black_seed45,U-Net,sigmoid=0.999,B5 24HR 1_png.rf.TJTLDoAzR6YqhVVqJjBV.png,1.0,1,0
unet_black_seed45,U-Net,sigmoid=0.999,B5 24HR _png.rf.g9PDGT1tjMWdiPw6OCJg.png,1.0,1,0
unet_black_seed45,U-Net,sigmoid=0.999,B5 8HR 1_png.rf.Ym4RLm5f7bEAlTD8XV4Q.png,0.674341,0,1
unet_black_seed45,U-Net,sigmoid=0.999,B5 8HR 2_png.rf.1bM2nfrE3C3SuMgkQzIF.png,0.576659,0,1
unet_black_seed45,U-Net,sigmoid=0.999,B5 8HR 2_png.rf.BzRPidTOrz4nL1zIlvSL.png,0.35143,0,1
unet_black_seed45,U-Net,sigmoid=0.999,B6 0HR 1_png.rf.G9IIgGta9Gbbj9yqetJW.png,0.596215,0,1
unet_black_seed45,U-Net,sigmoid=0.999,B6 0hr 1_png.rf.tP2kS9n37GFU0hMWW7mV.png,0.00427,0,1
unet_black_seed45,U-Net,sigmoid=0.999,B6 12HR 1_png.rf.gMy5B0cpXrZXzyMCZhuv.png,0.375985,0,1
unet_black_seed45,U-Net,sigmoid=0.999,B6 12HR 2_png.rf.BMDqWV1RTxKKoPMgnLal.png,0.235312,0,1
unet_black_seed45,U-Net,sigmoid=0.999,B6 12hr 1_png.rf.wMEDLQnrMWwVbcfKlQek.png,0.503654,0,1
unet_black_seed45,U-Net,sigmoid=0.999,B6 12hr 2_png.rf.y4b1NNhMuInMAANEGR5y.png,0.437016,0,1
unet_black_seed45,U-Net,sigmoid=0.999,B6 24h 1_png.rf.HqRokqEzDfBP5O3ZtezT.png,1.0,1,0
unet_black_seed45,U-Net,sigmoid=0.999,B6 24h 1_png.rf.Mqv4F4d5b4AUQiStkAzE.png,1.0,1,0
unet_black_seed45,U-Net,sigmoid=0.999,C5 0H 1_png.rf.OdwF3vyzWYOgZ8CvxU5t.png,0.205846,0,1
unet_black_seed45,U-Net,sigmoid=0.999,C5 0H 1_png.rf.qfmzlYXXLFM1UbctuHo5.png,0.275931,0,1
unet_black_seed45,U-Net,sigmoid=0.999,C5 0H 2_png.rf.UQiYCwrvqp79phsQH2z3.png,0.553637,0,1
unet_black_seed45,U-Net,sigmoid=0.999,C5 12H 1_png.rf.OLiywuVh8Y6xj17HnU6e.png,0.506427,0,1
unet_black_seed45,U-Net,sigmoid=0.999,C5 12H 1_png.rf.eqPnAQCG5aI0rvfthMNV.png,0.537628,0,1
unet_black_seed45,U-Net,sigmoid=0.999,C5 12H 2_png.rf.oLP5pb7BztRNGjNEDlAS.png,0.368326,0,1
unet_black_seed45,U-Net,sigmoid=0.999,C5 12H 2_png.rf.yGOWuMwCESVagvk7Q4HY.png,0.0,1,1
unet_black_seed45,U-Net,sigmoid=0.999,C5 24H 1_png.rf.GRabFdMEvh7NdJQw7srC.png,1.0,1,0
unet_black_seed45,U-Net,sigmoid=0.999,C5 24H 2_png.rf.1BqtMMJEWOuzOCOM43Zl.png,1.0,1,0
unet_black_seed45,U-Net,sigmoid=0.999,C5 8H 1_png.rf.QRwHfTeZ3iXOWs30KZOS.png,0.610559,0,1
unet_black_seed45,U-Net,sigmoid=0.999,C5 8H 1_png.rf.m0k3TjlxKvLXDFhuBq52.png,0.490682,0,1
unet_black_seed45,U-Net,sigmoid=0.999,C5 8H 2_png.rf.Su3UAyP9dztNqZtfn0u1.png,0.598782,0,1
unet_black_seed45,U-Net,sigmoid=0.999,D1 0H 1_png.rf.fw3oXHFKRwGBIpMcBKY2.png,0.530221,0,1
unet_black_seed45,U-Net,sigmoid=0.999,D1 0H 2_png.rf.In3g26PLvIPVilZ9guvK.png,0.478927,0,1
unet_black_seed45,U-Net,sigmoid=0.999,D1 0HR 1_png.rf.X95BBgcop2LdYBHvWj7G.png,0.312699,0,1
unet_black_seed45,U-Net,sigmoid=0.999,D1 0HR 1_png.rf.pXGKiyw6dpCjGOogRcBS.png,0.753123,0,1
unet_black_seed45,U-Net,sigmoid=0.999,D1 0HR 2_png.rf.Ak8bfHD2sNvAS5ARU8WU.png,0.706899,0,1
unet_black_seed45,U-Net,sigmoid=0.999,D1 0HR 2_png.rf.pBkydjxMgVt0vB999uLo.png,0.06443,0,1
unet_black_seed45,U-Net,sigmoid=0.999,D1 12H 1_png.rf.mKsxEDejqQN6qCQxLyns.png,0.596528,0,1
unet_black_seed45,U-Net,sigmoid=0.999,D1 12H 2_png.rf.hM6Jhc6UJKSMWKFN6Pta.png,0.375248,0,1
unet_black_seed45,U-Net,sigmoid=0.999,D1 12HR 1_png.rf.Sa5pwYNBsukEYVE7qdCO.png,0.448888,0,1
unet_black_seed45,U-Net,sigmoid=0.999,D1 12HR 1_png.rf.mtvtObh31Z25eXwo4BTB.png,0.513959,0,1
unet_black_seed45,U-Net,sigmoid=0.999,D1 12HR 2_png.rf.E03XFlEmMbe4CLEeQ5L0.png,0.517042,0,1
unet_black_seed45,U-Net,sigmoid=0.999,D1 12HR 2_png.rf.c61b9Qj6PnDGEcivk5oi.png,0.432843,0,1
unet_black_seed45,U-Net,sigmoid=0.999,D1 24H 1_png.rf.9St1pSdNBqUmYewNNUks.png,0.082529,0,1
unet_black_seed45,U-Net,sigmoid=0.999,D1 24H 2_png.rf.JPXsJfPNRWwnAkf2OC68.png,0.239432,0,1
unet_black_seed45,U-Net,sigmoid=0.999,D1 24HR 1_png.rf.D7yfyoxo08GRgfqWxkKs.png,0.088669,0,1
unet_black_seed45,U-Net,sigmoid=0.999,D1 24HR 1_png.rf.EHcrx6DNEOw8vqgtCyC2.png,1.0,1,0
unet_black_seed45,U-Net,sigmoid=0.999,D1 24HR 2_png.rf.sKzjQXeeTmG65NxFRo5z.png,1.0,1,0
unet_black_seed45,U-Net,sigmoid=0.999,D1 24HR 2_png.rf.uoxKxnADebGlXimnPrEx.png,0.000919,0,1
unet_black_seed45,U-Net,sigmoid=0.999,D1 8H 1_png.rf.AmYzGCscmIMNbZlAIVL4.png,0.443772,0,1
unet_black_seed45,U-Net,sigmoid=0.999,D1 8H 2_png.rf.1Guur0r0WOYFqgYbD8Ix.png,0.052883,0,1
unet_black_seed45,U-Net,sigmoid=0.999,D1 8HR 1_png.rf.7pXlMXWWJkv2xLuAp89c.png,0.456832,0,1
unet_black_seed45,U-Net,sigmoid=0.999,D1 8HR 1_png.rf.Pm37sn4g0olAl9FUCP58.png,0.609424,0,1
unet_black_seed45,U-Net,sigmoid=0.999,D1 8HR 2_png.rf.We4y9DkVsrjwHtYEPH1S.png,0.749555,0,1
unet_black_seed45,U-Net,sigmoid=0.999,D1 8HR 2_png.rf.zXqaP0fHqHbabD0CzjuF.png,0.536344,0,1
unet_black_seed45,U-Net,sigmoid=0.999,D3 0H 1_png.rf.jWsUip53LaCF4OaEEFcb.png,0.521005,0,1
unet_black_seed45,U-Net,sigmoid=0.999,D3 0H 2_png.rf.lkEcbAGS1IAwabi3cMT3.png,0.061213,0,1
unet_black_seed45,U-Net,sigmoid=0.999,D3 12H 1_png.rf.vDKmMF3YJlFSbIbFZHci.png,0.580122,0,1
unet_black_seed45,U-Net,sigmoid=0.999,D3 12H 2_png.rf.bk65RyMB9bMlU59S1RY7.png,0.004586,0,1
unet_black_seed45,U-Net,sigmoid=0.999,D3 24H 1_png.rf.lgES3xZvT7KoszPGhV44.png,0.635931,0,1
unet_black_seed45,U-Net,sigmoid=0.999,D3 24H 2_png.rf.vu9MuWKRyoy3WKGkVrI5.png,0.417234,0,1
unet_black_seed45,U-Net,sigmoid=0.999,D3 8H 1_png.rf.6ah0Jg4O5oakLSomUxcX.png,0.672631,0,1
unet_black_seed45,U-Net,sigmoid=0.999,D3 8H 2_png.rf.RmIwn01JNbgfY0VcrlAP.png,0.147852,0,1
unet_black_seed45,U-Net,sigmoid=0.999,D4 0H 1_png.rf.FutNJ1bcHBCTMEvRlEBr.png,0.517979,0,1
unet_black_seed45,U-Net,sigmoid=0.999,D4 0H 1_png.rf.hIDWQ46StqSUcKyGmBYY.png,0.408531,0,1
unet_black_seed45,U-Net,sigmoid=0.999,D4 0H 2_png.rf.7RFXNZEElcEIxiB134la.png,0.341345,0,1
unet_black_seed45,U-Net,sigmoid=0.999,D4 0H 2_png.rf.eVEb58gAMbcellIRwKuX.png,0.000415,0,1
unet_black_seed45,U-Net,sigmoid=0.999,D4 0HR 1_png.rf.eLqJwBy4PkAeXHhqw8Ir.png,0.57391,0,1
unet_black_seed45,U-Net,sigmoid=0.999,D4 0HR 2_png.rf.EwNjDB9ss3gmM00iJqPT.png,0.516036,0,1
unet_black_seed45,U-Net,sigmoid=0.999,D4 12H 1_png.rf.9BeWOTfVwMn3ywdSyPmt.png,0.490887,0,1
unet_black_seed45,U-Net,sigmoid=0.999,D4 12H 1_png.rf.rmwAgsyRm1ZzZ55GuiPB.png,0.0,1,1
unet_black_seed45,U-Net,sigmoid=0.999,D4 12H 2_png.rf.JoRndEJA1lep3hprLUOS.png,0.007134,0,1
unet_black_seed45,U-Net,sigmoid=0.999,D4 12H 2_png.rf.txyJ67o8LXpC3sVtUoTH.png,0.0,1,1
unet_black_seed45,U-Net,sigmoid=0.999,D4 12HR 1_png.rf.coQP5Rm68FoQiPA5lE4l.png,1.0,1,0
unet_black_seed45,U-Net,sigmoid=0.999,D4 12HR 2_png.rf.3mHz6QXfVp3bYuBorSyN.png,0.547459,0,1
unet_black_seed45,U-Net,sigmoid=0.999,D4 24H 1_png.rf.4NmTRoRHXyugKUw10i8s.png,1.0,1,0
unet_black_seed45,U-Net,sigmoid=0.999,D4 24H 1_png.rf.l74W6BtAd1h2vbDdLYa7.png,0.418818,0,1
unet_black_seed45,U-Net,sigmoid=0.999,D4 24H 2_png.rf.RklTkqfkG2jxmrJIVlDw.png,1.0,1,0
unet_black_seed45,U-Net,sigmoid=0.999,D4 24HR 1_png.rf.ZeWox4g9WSQYjCRdF5Hj.png,1.0,1,0
unet_black_seed45,U-Net,sigmoid=0.999,D4 24HR 2_png.rf.aSdWjnYDFFICPSVHPh41.png,1.0,1,0
unet_black_seed45,U-Net,sigmoid=0.999,D4 8H 1_png.rf.a8mANb97avVu4hPsbo7a.png,0.163269,0,1
unet_black_seed45,U-Net,sigmoid=0.999,D4 8H 1_png.rf.xpR4xGrS7xqp2WqsHOdj.png,0.385409,0,1
unet_black_seed45,U-Net,sigmoid=0.999,D4 8H 2_png.rf.ixTzZNh35XGijmR7VOtL.png,0.0,1,1
unet_black_seed45,U-Net,sigmoid=0.999,D4 8H 2_png.rf.mnoVDerLhE6PpOQcbUog.png,0.147102,0,1
unet_black_seed45,U-Net,sigmoid=0.999,D4 8HR 1_png.rf.VEshHRtiysfYv1YrXVR9.png,0.497122,0,1
unet_black_seed45,U-Net,sigmoid=0.999,D4 8HR 2_png.rf.1gESfR3nmJtUf5QdqE6H.png,0.558303,0,1
unet_black_seed45,U-Net,sigmoid=0.999,E1 0H 1_png.rf.O4klFnPAFBZQG7ZiiWoa.png,0.242837,0,1
unet_black_seed45,U-Net,sigmoid=0.999,E1 0H 2_png.rf.dwk6Z6HVga7ttj23PmV9.png,0.002472,0,1
unet_black_seed45,U-Net,sigmoid=0.999,E1 12H 1_png.rf.MXhOPdUnNbYD4WTRbftP.png,0.135484,0,1
unet_black_seed45,U-Net,sigmoid=0.999,E1 12H 2_png.rf.GKeGTBMimaglOZhGi5n6.png,0.0,1,1
unet_black_seed45,U-Net,sigmoid=0.999,E1 24H 1_png.rf.JjdLiNmCus3kSa50aOeW.png,1.0,1,0
unet_black_seed45,U-Net,sigmoid=0.999,E1 8H 1_png.rf.8l6bvVJjLSjiFIlOhJkG.png,0.138036,0,1
unet_black_seed45,U-Net,sigmoid=0.999,E1 8H 2_png.rf.5qtx5quA0obTJbOUZCxP.png,3.1e-05,0,1
unet_black_seed45,U-Net,sigmoid=0.999,F2 0H 1_png.rf.zPl6vPkH5HpqtxJsWJxj.png,0.055182,0,1
unet_black_seed45,U-Net,sigmoid=0.999,F2 12H 1_png.rf.h05DU2gxBlXL6JdotHmg.png,0.133216,0,1
unet_black_seed45,U-Net,sigmoid=0.999,F2 12H 2_png.rf.2goGI5xvDCGG2PJZ8Its.png,0.013739,0,1
unet_black_seed45,U-Net,sigmoid=0.999,F2 8H 2_png.rf.dUFZVFJ0aVESmoGKjJ05.png,0.121669,0,1
unet_black_seed45,U-Net,sigmoid=0.999,Snap-08_141_png.rf.xxwXm4vgaTgEnxfrDBvk.png,1.0,1,0
unet_black_seed45,U-Net,sigmoid=0.999,Snap-09_200_png.rf.T1DuJr60ClWyEIrNPE9K.png,0.0,1,1
unet_black_seed45,U-Net,sigmoid=0.999,Snap-09_21_png.rf.eX9WeCW8GgIO8pb44zNf.png,1.0,1,0
unet_black_seed45,U-Net,sigmoid=0.999,Snap-09_66_png.rf.DXbLfCegxmVs4TDoenmh.png,0.048302,0,1
unet_black_seed45,U-Net,sigmoid=0.999,Snap-10_146_png.rf.J1zTbpCRqsOW6DtsIPzv.png,1.0,1,0
unet_black_seed45,U-Net,sigmoid=0.999,Snap-10_png.rf.yj7fOx6nAZtfK19C65wZ.png,0.106279,0,1
unet_black_seed45,U-Net,sigmoid=0.999,Snap-15_15_png.rf.oEkUKHxOZ7qcBLxMlF5e.png,1.0,1,0
unet_black_seed45,U-Net,sigmoid=0.999,Snap-15_60_png.rf.AUB9Da86Zc4f2GiWRpgF.png,0.0,1,1
unet_black_seed45,U-Net,sigmoid=0.999,Snap-18_122_png.rf.rEzRHI9DOsMmEv8NXGFz.png,0.540589,0,1
unet_black_seed45,U-Net,sigmoid=0.999,Snap-18_182_png.rf.0olrnxTCWxDIVmtPK3HA.png,0.718198,0,1
unet_black_seed45,U-Net,sigmoid=0.999,Snap-20_104_png.rf.lu9wLu7mqVxquLAseXNa.png,0.0,1,1
unet_black_seed45,U-Net,sigmoid=0.999,Snap-21_56_png.rf.ycoY7vPUknblypXrORx3.png,0.346086,0,1
unet_black_seed45,U-Net,sigmoid=0.999,Snap-24_96_png.rf.s6DeTIAvmh6iZiaYgj4W.png,0.337702,0,1
unet_black_seed45,U-Net,sigmoid=0.999,Snap-25_124_png.rf.qhyZRieBWx1vF8Vfj4ck.png,0.152129,0,1
unet_black_seed45,U-Net,sigmoid=0.999,Snap-25_184_png.rf.fnCmHOHxb5uRZMEeY7RB.png,0.027375,0,1
unet_black_seed45,U-Net,sigmoid=0.999,Snap-25_50_png.rf.CHeux2nrD5owQB0rBnrP.png,1.0,1,0
unet_black_seed45,U-Net,sigmoid=0.999,Snap-25_png.rf.NZSC2ldRJFXa4414jttF.png,0.061308,0,1
unet_black_seed45,U-Net,sigmoid=0.999,Snap-26_283_png.rf.YFDkIZNg1W2rRyv6xoZQ.png,0.210152,0,1
unet_black_seed45,U-Net,sigmoid=0.999,Snap-31_281_png.rf.HrwVzS03qTHBX5RB7awf.png,0.232917,0,1
unet_black_seed45,U-Net,sigmoid=0.999,Snap-36_271_png.rf.sfFr7wfzXmMz4JWE34hv.png,0.632667,0,1
unet_black_seed45,U-Net,sigmoid=0.999,Snap-37_175_png.rf.FF9MN09bmlSbN40cxQRu.png,0.140263,0,1
unet_black_seed45,U-Net,sigmoid=0.999,Snap-37_235_png.rf.fp1LasdFT1TZbfgrTie6.png,0.583352,0,1
unet_black_seed45,U-Net,sigmoid=0.999,Snap-39_77_png.rf.FBpms3tKgC2fVOg0pxu7.png,0.025961,0,1
unet_black_seed45,U-Net,sigmoid=0.999,Snap-39_png.rf.B5ZdhBp8JGAo6JQji9gU.png,0.000711,0,1
unet_black_seed45,U-Net,sigmoid=0.999,Snap-41_270_png.rf.46zb8PtP1Yuu9Wit1FpP.png,0.564808,0,1
unet_black_seed45,U-Net,sigmoid=0.999,Snap-42_165_png.rf.3eAR7nfV8aWUfPbBc82Q.png,0.250782,0,1
unet_black_seed45,U-Net,sigmoid=0.999,Snap-42_225_png.rf.mQxoBxfdEUUtVkhWybfs.png,0.723796,0,1
unet_black_seed45,U-Net,sigmoid=0.999,Snap-42_76_png.rf.erwRb4d1blf6lhZ6UFWy.png,0.509877,0,1
unet_black_seed45,U-Net,sigmoid=0.999,Snap-42_png.rf.vXnbjKiFLjrY6iWZoR1j.png,0.452176,0,1
unet_black_seed45,U-Net,sigmoid=0.999,Snap-47_159_png.rf.iWHwHxKcpvJIH7RHtxRu.png,0.590507,0,1
unet_black_seed45,U-Net,sigmoid=0.999,Snap-47_219_png.rf.tXiQQL4hg3VyVt8yhPHg.png,0.632793,0,1
unet_black_seed45,U-Net,sigmoid=0.999,Snap-52_153_png.rf.jWozliFwqBh7FtxPjDhr.png,0.065345,0,1
unet_black_seed45,U-Net,sigmoid=0.999,Snap-52_213_png.rf.YrkkVK1Bonf3TxwPZWyE.png,0.676544,0,1
unet_black_seed45,U-Net,sigmoid=0.999,Snap-54_106_png.rf.VOFbghvZhHsPNSqUFFkZ.png,0.109761,0,1
unet_black_seed45,U-Net,sigmoid=0.999,Snap-54_1_png.rf.LYlBIIJ3KoqRfd7QemOX.png,0.171596,0,1
unet_black_seed45,U-Net,sigmoid=0.999,Snap-54_png.rf.HGYLhnxL2tQsTiXRBg9n.png,0.001934,0,1
unet_black_seed45,U-Net,sigmoid=0.999,Snap-60_12_png.rf.AiY33Mo4Daj2M4cZgUnh.png,0.041168,0,1
unet_black_seed45,U-Net,sigmoid=0.999,Snap-60_png.rf.RpcRTxyR97nXnbvR3urB.png,0.066215,0,1
unet_black_seed45,U-Net,sigmoid=0.999,ct2_3_png.rf.05gH6Q4BVtzjbT8GvpXk.png,0.396664,0,1
unet_black_seed45,U-Net,sigmoid=0.999,ct2_5_png.rf.V6uuFIT0hRf8VvfkI0ft.png,0.046456,0,1
unet_black_seed45,U-Net,sigmoid=0.999,ptx1_2_png.rf.mOSxinMIUOQxQUjpAhxb.png,0.363918,0,1
unet_black_seed45,U-Net,sigmoid=0.999,ptx2_4_png.rf.YEH27Bh4es5Hup4qomsA.png,0.097064,0,1
unet_black_seed46,U-Net,sigmoid=0.5,A1 0HR 1_png.rf.F8WfJZAyU8hXcsKytbcA.png,0.978194,0,1
unet_black_seed46,U-Net,sigmoid=0.5,A1 0HR 1_png.rf.bBmfdS8DK3Ixtw1fZ9P3.png,0.976449,0,1
unet_black_seed46,U-Net,sigmoid=0.5,A1 0HR 2_png.rf.hVdiwx06lI7rOZ5rr9vC.png,0.97037,0,1
unet_black_seed46,U-Net,sigmoid=0.5,A1 0HR 2_png.rf.wFANdrijgcCbWaNPdyi0.png,0.979714,0,1
unet_black_seed46,U-Net,sigmoid=0.5,A1 12HR 1_png.rf.8FGxD5kQMiDucxJswxPl.png,0.889015,0,1
unet_black_seed46,U-Net,sigmoid=0.5,A1 12HR 1_png.rf.XDKS23ySU3ItzW5Kv957.png,0.864655,0,1
unet_black_seed46,U-Net,sigmoid=0.5,A1 12HR 2_png.rf.6p7F3HADokVM7aGI7thQ.png,0.880057,0,1
unet_black_seed46,U-Net,sigmoid=0.5,A1 12HR 2_png.rf.OoCbkijic6aCx52coryw.png,0.897333,0,1
unet_black_seed46,U-Net,sigmoid=0.5,A1 12hr 1_png.rf.hPnekH9tRkKoF84Y4HTD.png,0.969144,0,1
unet_black_seed46,U-Net,sigmoid=0.5,A1 12hr 2_png.rf.Zc7e1rWOmWcCj4dykv3Z.png,0.942818,0,1
unet_black_seed46,U-Net,sigmoid=0.5,A1 24HR 1_png.rf.1ApDRLrpQqSCaPcShIOu.png,1.0,1,0
unet_black_seed46,U-Net,sigmoid=0.5,A1 24HR 1_png.rf.psHGzfQFFYu0q9OMf12P.png,1.0,1,0
unet_black_seed46,U-Net,sigmoid=0.5,A1 24HR 2_png.rf.8ZCo4suYfwAmYJVAdrgi.png,1.0,1,0
unet_black_seed46,U-Net,sigmoid=0.5,A1 24HR 2_png.rf.QvfIHR0lQkYJbWTuhsBX.png,0.657794,0,1
unet_black_seed46,U-Net,sigmoid=0.5,A1 24h 1_png.rf.TlQXP6CHdUFWS07zQImN.png,0.0,0,0
unet_black_seed46,U-Net,sigmoid=0.5,A1 24h 2_png.rf.o9mYSgMZsKvkMpLuHnpZ.png,1.0,1,0
unet_black_seed46,U-Net,sigmoid=0.5,A1 24hr 1_png.rf.LkrEN1mHJhJhYU2lmydg.png,0.868377,0,1
unet_black_seed46,U-Net,sigmoid=0.5,A1 8HR 1_png.rf.7N4eAqgpqfPKb1eNWowl.png,0.887645,0,1
unet_black_seed46,U-Net,sigmoid=0.5,A1 8HR 1_png.rf.VABkXkmpYjE9yLo5gSBX.png,0.900973,0,1
unet_black_seed46,U-Net,sigmoid=0.5,A1 8HR 2_png.rf.bvjlWbubzYS3fVyOKsCU.png,0.920253,0,1
unet_black_seed46,U-Net,sigmoid=0.5,A1 8HR 2_png.rf.emd32984S6mQhEIM0RXU.png,0.949524,0,1
unet_black_seed46,U-Net,sigmoid=0.5,A2 0H 2_png.rf.wLkBHcGvevKm0A73Vxcz.png,0.982111,0,1
unet_black_seed46,U-Net,sigmoid=0.5,A2 12H 1_png.rf.xnmVBn7WXmT4yiy3UMlx.png,0.74983,0,1
unet_black_seed46,U-Net,sigmoid=0.5,A2 12H 2_png.rf.N7tpAQyq0PEGrhaTGLJT.png,0.956235,0,1
unet_black_seed46,U-Net,sigmoid=0.5,A2 24H 1_png.rf.EFavmtKTLhhnJThESvF0.png,0.796441,0,1
unet_black_seed46,U-Net,sigmoid=0.5,A2 24H 2_png.rf.E5xmaghZdqaoko8wlaZh.png,0.939057,0,1
unet_black_seed46,U-Net,sigmoid=0.5,A2 8H 1_png.rf.xvZ2Owwq7kfNeQBUdLj1.png,0.485546,0,1
unet_black_seed46,U-Net,sigmoid=0.5,A2 8H 2_png.rf.7oLJskKDBKhwtDpwzZqy.png,0.952791,0,1
unet_black_seed46,U-Net,sigmoid=0.5,A3 0H 1_png.rf.4oL1M95z5XQoppHkibCl.png,0.537753,0,1
unet_black_seed46,U-Net,sigmoid=0.5,A3 0H 2_png.rf.QDCtQGDH1pznmeHT0BNJ.png,0.966949,0,1
unet_black_seed46,U-Net,sigmoid=0.5,A3 12H 1_png.rf.TU0BGVsD3XJqPwGYBsiu.png,0.903062,0,1
unet_black_seed46,U-Net,sigmoid=0.5,A3 12H 2_png.rf.r5xe4JQ4Ecgyw1raWv4H.png,0.790971,0,1
unet_black_seed46,U-Net,sigmoid=0.5,A3 24H 1_png.rf.tfdHOCRouEH53EDqy7G0.png,1.0,1,0
unet_black_seed46,U-Net,sigmoid=0.5,A3 24H 2_png.rf.TOtRUqMkxCrasCpSjZKO.png,1.0,1,0
unet_black_seed46,U-Net,sigmoid=0.5,A3 8H 1_png.rf.d60KhXvDmSmp3Oia8S8T.png,0.81639,0,1
unet_black_seed46,U-Net,sigmoid=0.5,A3 8H 2_png.rf.B5nEx5FtZ9JTiEjZrHJb.png,0.848426,0,1
unet_black_seed46,U-Net,sigmoid=0.5,A5 0HR 1_png.rf.ckTpizxWhCzqrJmwetqV.png,0.973501,0,1
unet_black_seed46,U-Net,sigmoid=0.5,A5 0HR 2_png.rf.C9gm2A2fkupz9aW1u7b9.png,0.98261,0,1
unet_black_seed46,U-Net,sigmoid=0.5,A5 12HR 1_png.rf.1xA3zwCvRWDQRrGvHIhA.png,0.931945,0,1
unet_black_seed46,U-Net,sigmoid=0.5,A5 12HR 1_png.rf.IESDSkszuJatVJfvQ7PW.png,0.799601,0,1
unet_black_seed46,U-Net,sigmoid=0.5,A5 12HR 2_png.rf.mzYpTwvbQHLWffHAkMOe.png,0.901499,0,1
unet_black_seed46,U-Net,sigmoid=0.5,A5 12HR 2_png.rf.rAr8U7x7uLNYSny2Orvg.png,0.791854,0,1
unet_black_seed46,U-Net,sigmoid=0.5,A5 24HR 1_png.rf.CpfIcPI5krfxTtJFGjKH.png,1.0,1,0
unet_black_seed46,U-Net,sigmoid=0.5,A5 24HR 1_png.rf.QWraD9H7IOqSfp8mznDQ.png,0.817914,0,1
unet_black_seed46,U-Net,sigmoid=0.5,A5 24HR 2_png.rf.JBrJ8KO8uH9Jn3iTJvZf.png,1.0,1,0
unet_black_seed46,U-Net,sigmoid=0.5,A5 24HR 2_png.rf.xE7wqG2pbN9OFXjVvNjl.png,0.867654,0,1
unet_black_seed46,U-Net,sigmoid=0.5,A5 8HR 1_png.rf.jEYUYpVLybixXNUndrI9.png,0.939903,0,1
unet_black_seed46,U-Net,sigmoid=0.5,A5 8HR 1_png.rf.qbCCkoclBZRwrN2mNDA9.png,0.855238,0,1
unet_black_seed46,U-Net,sigmoid=0.5,A5 8HR 2_png.rf.7U0SE5K1r1eXtmiCBL1Q.png,0.860562,0,1
unet_black_seed46,U-Net,sigmoid=0.5,A6 0H 1_png.rf.rKpcg4iYJ50H0XfmG98n.png,0.814944,0,1
unet_black_seed46,U-Net,sigmoid=0.5,A6 0H 2_png.rf.xTjPOuBdGBBEAQh6qzcS.png,0.933019,0,1
unet_black_seed46,U-Net,sigmoid=0.5,A6 12H 1_png.rf.ttiuv3CjzGc6GvMTytlM.png,0.853567,0,1
unet_black_seed46,U-Net,sigmoid=0.5,A6 12H 2_png.rf.bsoBQRnwC6AtJ5KRBKDv.png,0.944065,0,1
unet_black_seed46,U-Net,sigmoid=0.5,A6 24H 1_png.rf.nNdt9zlpThgANxpw0Afd.png,0.860482,0,1
unet_black_seed46,U-Net,sigmoid=0.5,A6 24H 2_png.rf.fnzQMmHMSJJ6YxflXcKp.png,0.846911,0,1
unet_black_seed46,U-Net,sigmoid=0.5,A6 8H 1_png.rf.0Ed4k50VKrxz80UdTuUb.png,0.826881,0,1
unet_black_seed46,U-Net,sigmoid=0.5,A6 8H 2_png.rf.8H5VYogwRaw3bc7Ufnp7.png,0.632086,0,1
unet_black_seed46,U-Net,sigmoid=0.5,B1 0H 1_png.rf.j3ckb2OmuPoN1D2ZNrsL.png,0.927371,0,1
unet_black_seed46,U-Net,sigmoid=0.5,B1 0H 2_png.rf.M9qDqnfqVRQAN3kixv3Y.png,0.976499,0,1
unet_black_seed46,U-Net,sigmoid=0.5,B1 0HR 1_png.rf.eIMkkfHeHfLEZ04ezC1L.png,0.964614,0,1
unet_black_seed46,U-Net,sigmoid=0.5,B1 0HR 2_png.rf.GJOlprTE8cvwD4CrUmlP.png,0.965304,0,1
unet_black_seed46,U-Net,sigmoid=0.5,B1 0hr 1_png.rf.HQmAp3GBzLOJSBnrI49n.png,0.979167,0,1
unet_black_seed46,U-Net,sigmoid=0.5,B1 0hr 1_png.rf.IpACHL1Orw6aFOfMt2L4.png,0.951648,0,1
unet_black_seed46,U-Net,sigmoid=0.5,B1 0hr 1_png.rf.MsTYgRqpBawgbfwCxIBh.png,0.966691,0,1
unet_black_seed46,U-Net,sigmoid=0.5,B1 0hr 2_png.rf.XjumgmgMNkQhrRGLEgFA.png,0.957731,0,1
unet_black_seed46,U-Net,sigmoid=0.5,B1 0hr_1_png.rf.DUGXTEiLp7a24s7ag9dO.png,0.888895,0,1
unet_black_seed46,U-Net,sigmoid=0.5,B1 0hr_2_png.rf.wWUkB0l85vJDlD6q526J.png,0.868638,0,1
unet_black_seed46,U-Net,sigmoid=0.5,B1 12H 1_png.rf.VB9B0BXSFCbQoytWKIkL.png,0.917941,0,1
unet_black_seed46,U-Net,sigmoid=0.5,B1 12H 2_png.rf.cFU7xmBfmqqkIIa5q7nh.png,0.879506,0,1
unet_black_seed46,U-Net,sigmoid=0.5,B1 12HR 1_png.rf.iGQ0raXb1cPFjLpTE8Qs.png,0.956208,0,1
unet_black_seed46,U-Net,sigmoid=0.5,B1 12hr 1_png.rf.Basp8dmX2exqZZBqydBx.png,0.953236,0,1
unet_black_seed46,U-Net,sigmoid=0.5,B1 12hr 1_png.rf.MkOpH7SVtG5q4EYuFmK2.png,0.932982,0,1
unet_black_seed46,U-Net,sigmoid=0.5,B1 12hr 1_png.rf.sRUPpw6VBKsEL7UWcuqg.png,0.953639,0,1
unet_black_seed46,U-Net,sigmoid=0.5,B1 12hr_1_png.rf.dB4OztvLmzVa4BGq5jCN.png,0.886909,0,1
unet_black_seed46,U-Net,sigmoid=0.5,B1 24H 1_png.rf.GJ99b6zJDkCcdldeprAL.png,0.897649,0,1
unet_black_seed46,U-Net,sigmoid=0.5,B1 24H 2_png.rf.WAXPIALQ8VqzYoMup3J4.png,0.706537,0,1
unet_black_seed46,U-Net,sigmoid=0.5,B1 24HR 1_png.rf.ZOXgAwm7pCyA0PxFBFkk.png,0.838629,0,1
unet_black_seed46,U-Net,sigmoid=0.5,B1 24HR 2_png.rf.Ls9u8THJDkrAcAUiOT0Q.png,0.874795,0,1
unet_black_seed46,U-Net,sigmoid=0.5,B1 24hr 1_png.rf.wZriPsVdQe9B1XYh0ypQ.png,0.708727,0,1
unet_black_seed46,U-Net,sigmoid=0.5,B1 24hr 2_png.rf.kOhjizJROLOCgNfM1IF5.png,0.897811,0,1
unet_black_seed46,U-Net,sigmoid=0.5,B1 8H 1_png.rf.fqDTrXJGtwGnRUswH16c.png,0.959877,0,1
unet_black_seed46,U-Net,sigmoid=0.5,B1 8H 2_png.rf.gA6SnVr547LgfEenVrRi.png,0.910943,0,1
unet_black_seed46,U-Net,sigmoid=0.5,B1 8HR 1_png.rf.AMXvM5M5gyDuLKC5DTa9.png,0.950186,0,1
unet_black_seed46,U-Net,sigmoid=0.5,B1 8HR 2_png.rf.QKXzmdKQE41ccuWFgbwS.png,0.952616,0,1
unet_black_seed46,U-Net,sigmoid=0.5,B1 8hr 1_png.rf.pwZlWzk9sZA3CwldABe9.png,0.969463,0,1
unet_black_seed46,U-Net,sigmoid=0.5,B1 8hr 1_png.rf.xNkp4JfkmuylOQerzD1Q.png,0.969791,0,1
unet_black_seed46,U-Net,sigmoid=0.5,B1 8hr 2_png.rf.L73Y3X4Dx7HELGkPVNlg.png,0.962501,0,1
unet_black_seed46,U-Net,sigmoid=0.5,B4 0H 1_png.rf.UkNByK7H1jadGiO9HCAd.png,0.824558,0,1
unet_black_seed46,U-Net,sigmoid=0.5,B4 0H 2_png.rf.rXION3PvUG9p2y5KH5ZG.png,0.854542,0,1
unet_black_seed46,U-Net,sigmoid=0.5,B4 12H 1_png.rf.1ULnxID5MP426B41agfS.png,0.415649,0,1
unet_black_seed46,U-Net,sigmoid=0.5,B4 12H 2_png.rf.BUDIsAimJHwizKA26kde.png,0.91643,0,1
unet_black_seed46,U-Net,sigmoid=0.5,B4 24H 1_png.rf.b60wYuoI9jxCKCHE2l9q.png,0.88184,0,1
unet_black_seed46,U-Net,sigmoid=0.5,B4 24H 2_png.rf.Dy3NkPc0L9HXhRCtCbkW.png,1.0,1,0
unet_black_seed46,U-Net,sigmoid=0.5,B4 8H 1_png.rf.OVZZyofXQpVrU06rEdEV.png,0.92798,0,1
unet_black_seed46,U-Net,sigmoid=0.5,B4 8H 2_png.rf.ShxIhASvXw8lGbZkLgUb.png,0.763567,0,1
unet_black_seed46,U-Net,sigmoid=0.5,B5 0HR 1_png.rf.HyxAq2SZFEx1y342m6b9.png,0.958275,0,1
unet_black_seed46,U-Net,sigmoid=0.5,B5 0HR 1_png.rf.J6hP1h51BcAFg4KFN6lN.png,0.985869,0,1
unet_black_seed46,U-Net,sigmoid=0.5,B5 0HR 2_png.rf.MUU0CWJgRWrZIA9N0J2X.png,0.983721,0,1
unet_black_seed46,U-Net,sigmoid=0.5,B5 12HR 1_png.rf.XqoVkA4DK3JbERfwmQPP.png,0.906818,0,1
unet_black_seed46,U-Net,sigmoid=0.5,B5 12HR 2_png.rf.EZH0RYIN3t8Q75rFyebV.png,0.922918,0,1
unet_black_seed46,U-Net,sigmoid=0.5,B5 12HR 2_png.rf.mSR2WAZaiHT4hljqFuAE.png,0.830877,0,1
unet_black_seed46,U-Net,sigmoid=0.5,B5 24HR 1_png.rf.TJTLDoAzR6YqhVVqJjBV.png,0.0,0,0
unet_black_seed46,U-Net,sigmoid=0.5,B5 24HR _png.rf.g9PDGT1tjMWdiPw6OCJg.png,1.0,1,0
unet_black_seed46,U-Net,sigmoid=0.5,B5 8HR 1_png.rf.Ym4RLm5f7bEAlTD8XV4Q.png,0.929057,0,1
unet_black_seed46,U-Net,sigmoid=0.5,B5 8HR 2_png.rf.1bM2nfrE3C3SuMgkQzIF.png,0.94274,0,1
unet_black_seed46,U-Net,sigmoid=0.5,B5 8HR 2_png.rf.BzRPidTOrz4nL1zIlvSL.png,0.955134,0,1
unet_black_seed46,U-Net,sigmoid=0.5,B6 0HR 1_png.rf.G9IIgGta9Gbbj9yqetJW.png,0.947163,0,1
unet_black_seed46,U-Net,sigmoid=0.5,B6 0hr 1_png.rf.tP2kS9n37GFU0hMWW7mV.png,0.866664,0,1
unet_black_seed46,U-Net,sigmoid=0.5,B6 12HR 1_png.rf.gMy5B0cpXrZXzyMCZhuv.png,0.843325,0,1
unet_black_seed46,U-Net,sigmoid=0.5,B6 12HR 2_png.rf.BMDqWV1RTxKKoPMgnLal.png,0.919811,0,1
unet_black_seed46,U-Net,sigmoid=0.5,B6 12hr 1_png.rf.wMEDLQnrMWwVbcfKlQek.png,0.884361,0,1
unet_black_seed46,U-Net,sigmoid=0.5,B6 12hr 2_png.rf.y4b1NNhMuInMAANEGR5y.png,0.941939,0,1
unet_black_seed46,U-Net,sigmoid=0.5,B6 24h 1_png.rf.HqRokqEzDfBP5O3ZtezT.png,1.0,1,0
unet_black_seed46,U-Net,sigmoid=0.5,B6 24h 1_png.rf.Mqv4F4d5b4AUQiStkAzE.png,1.0,1,0
unet_black_seed46,U-Net,sigmoid=0.5,C5 0H 1_png.rf.OdwF3vyzWYOgZ8CvxU5t.png,0.971565,0,1
unet_black_seed46,U-Net,sigmoid=0.5,C5 0H 1_png.rf.qfmzlYXXLFM1UbctuHo5.png,0.979592,0,1
unet_black_seed46,U-Net,sigmoid=0.5,C5 0H 2_png.rf.UQiYCwrvqp79phsQH2z3.png,0.813375,0,1
unet_black_seed46,U-Net,sigmoid=0.5,C5 12H 1_png.rf.OLiywuVh8Y6xj17HnU6e.png,0.909625,0,1
unet_black_seed46,U-Net,sigmoid=0.5,C5 12H 1_png.rf.eqPnAQCG5aI0rvfthMNV.png,0.910099,0,1
unet_black_seed46,U-Net,sigmoid=0.5,C5 12H 2_png.rf.oLP5pb7BztRNGjNEDlAS.png,0.843924,0,1
unet_black_seed46,U-Net,sigmoid=0.5,C5 12H 2_png.rf.yGOWuMwCESVagvk7Q4HY.png,0.524747,0,1
unet_black_seed46,U-Net,sigmoid=0.5,C5 24H 1_png.rf.GRabFdMEvh7NdJQw7srC.png,0.0,0,0
unet_black_seed46,U-Net,sigmoid=0.5,C5 24H 2_png.rf.1BqtMMJEWOuzOCOM43Zl.png,0.0,0,0
unet_black_seed46,U-Net,sigmoid=0.5,C5 8H 1_png.rf.QRwHfTeZ3iXOWs30KZOS.png,0.928812,0,1
unet_black_seed46,U-Net,sigmoid=0.5,C5 8H 1_png.rf.m0k3TjlxKvLXDFhuBq52.png,0.904106,0,1
unet_black_seed46,U-Net,sigmoid=0.5,C5 8H 2_png.rf.Su3UAyP9dztNqZtfn0u1.png,0.842252,0,1
unet_black_seed46,U-Net,sigmoid=0.5,D1 0H 1_png.rf.fw3oXHFKRwGBIpMcBKY2.png,0.968373,0,1
unet_black_seed46,U-Net,sigmoid=0.5,D1 0H 2_png.rf.In3g26PLvIPVilZ9guvK.png,0.973425,0,1
unet_black_seed46,U-Net,sigmoid=0.5,D1 0HR 1_png.rf.X95BBgcop2LdYBHvWj7G.png,0.975942,0,1
unet_black_seed46,U-Net,sigmoid=0.5,D1 0HR 1_png.rf.pXGKiyw6dpCjGOogRcBS.png,0.971324,0,1
unet_black_seed46,U-Net,sigmoid=0.5,D1 0HR 2_png.rf.Ak8bfHD2sNvAS5ARU8WU.png,0.982612,0,1
unet_black_seed46,U-Net,sigmoid=0.5,D1 0HR 2_png.rf.pBkydjxMgVt0vB999uLo.png,0.972982,0,1
unet_black_seed46,U-Net,sigmoid=0.5,D1 12H 1_png.rf.mKsxEDejqQN6qCQxLyns.png,0.938772,0,1
unet_black_seed46,U-Net,sigmoid=0.5,D1 12H 2_png.rf.hM6Jhc6UJKSMWKFN6Pta.png,0.934563,0,1
unet_black_seed46,U-Net,sigmoid=0.5,D1 12HR 1_png.rf.Sa5pwYNBsukEYVE7qdCO.png,0.892557,0,1
unet_black_seed46,U-Net,sigmoid=0.5,D1 12HR 1_png.rf.mtvtObh31Z25eXwo4BTB.png,0.890346,0,1
unet_black_seed46,U-Net,sigmoid=0.5,D1 12HR 2_png.rf.E03XFlEmMbe4CLEeQ5L0.png,0.855293,0,1
unet_black_seed46,U-Net,sigmoid=0.5,D1 12HR 2_png.rf.c61b9Qj6PnDGEcivk5oi.png,0.9045,0,1
unet_black_seed46,U-Net,sigmoid=0.5,D1 24H 1_png.rf.9St1pSdNBqUmYewNNUks.png,0.567994,0,1
unet_black_seed46,U-Net,sigmoid=0.5,D1 24H 2_png.rf.JPXsJfPNRWwnAkf2OC68.png,0.842851,0,1
unet_black_seed46,U-Net,sigmoid=0.5,D1 24HR 1_png.rf.D7yfyoxo08GRgfqWxkKs.png,0.828621,0,1
unet_black_seed46,U-Net,sigmoid=0.5,D1 24HR 1_png.rf.EHcrx6DNEOw8vqgtCyC2.png,1.0,1,0
unet_black_seed46,U-Net,sigmoid=0.5,D1 24HR 2_png.rf.sKzjQXeeTmG65NxFRo5z.png,1.0,1,0
unet_black_seed46,U-Net,sigmoid=0.5,D1 24HR 2_png.rf.uoxKxnADebGlXimnPrEx.png,0.844157,0,1
unet_black_seed46,U-Net,sigmoid=0.5,D1 8H 1_png.rf.AmYzGCscmIMNbZlAIVL4.png,0.930286,0,1
unet_black_seed46,U-Net,sigmoid=0.5,D1 8H 2_png.rf.1Guur0r0WOYFqgYbD8Ix.png,0.834345,0,1
unet_black_seed46,U-Net,sigmoid=0.5,D1 8HR 1_png.rf.7pXlMXWWJkv2xLuAp89c.png,0.927221,0,1
unet_black_seed46,U-Net,sigmoid=0.5,D1 8HR 1_png.rf.Pm37sn4g0olAl9FUCP58.png,0.923231,0,1
unet_black_seed46,U-Net,sigmoid=0.5,D1 8HR 2_png.rf.We4y9DkVsrjwHtYEPH1S.png,0.884973,0,1
unet_black_seed46,U-Net,sigmoid=0.5,D1 8HR 2_png.rf.zXqaP0fHqHbabD0CzjuF.png,0.939656,0,1
unet_black_seed46,U-Net,sigmoid=0.5,D3 0H 1_png.rf.jWsUip53LaCF4OaEEFcb.png,0.983227,0,1
unet_black_seed46,U-Net,sigmoid=0.5,D3 0H 2_png.rf.lkEcbAGS1IAwabi3cMT3.png,0.915516,0,1
unet_black_seed46,U-Net,sigmoid=0.5,D3 12H 1_png.rf.vDKmMF3YJlFSbIbFZHci.png,0.959275,0,1
unet_black_seed46,U-Net,sigmoid=0.5,D3 12H 2_png.rf.bk65RyMB9bMlU59S1RY7.png,0.924638,0,1
unet_black_seed46,U-Net,sigmoid=0.5,D3 24H 1_png.rf.lgES3xZvT7KoszPGhV44.png,0.949361,0,1
unet_black_seed46,U-Net,sigmoid=0.5,D3 24H 2_png.rf.vu9MuWKRyoy3WKGkVrI5.png,0.918215,0,1
unet_black_seed46,U-Net,sigmoid=0.5,D3 8H 1_png.rf.6ah0Jg4O5oakLSomUxcX.png,0.972259,0,1
unet_black_seed46,U-Net,sigmoid=0.5,D3 8H 2_png.rf.RmIwn01JNbgfY0VcrlAP.png,0.959287,0,1
unet_black_seed46,U-Net,sigmoid=0.5,D4 0H 1_png.rf.FutNJ1bcHBCTMEvRlEBr.png,0.978122,0,1
unet_black_seed46,U-Net,sigmoid=0.5,D4 0H 1_png.rf.hIDWQ46StqSUcKyGmBYY.png,0.960759,0,1
unet_black_seed46,U-Net,sigmoid=0.5,D4 0H 2_png.rf.7RFXNZEElcEIxiB134la.png,0.702656,0,1
unet_black_seed46,U-Net,sigmoid=0.5,D4 0H 2_png.rf.eVEb58gAMbcellIRwKuX.png,0.415866,0,1
unet_black_seed46,U-Net,sigmoid=0.5,D4 0HR 1_png.rf.eLqJwBy4PkAeXHhqw8Ir.png,0.960701,0,1
unet_black_seed46,U-Net,sigmoid=0.5,D4 0HR 2_png.rf.EwNjDB9ss3gmM00iJqPT.png,0.964783,0,1
unet_black_seed46,U-Net,sigmoid=0.5,D4 12H 1_png.rf.9BeWOTfVwMn3ywdSyPmt.png,0.958441,0,1
unet_black_seed46,U-Net,sigmoid=0.5,D4 12H 1_png.rf.rmwAgsyRm1ZzZ55GuiPB.png,0.741814,0,1
unet_black_seed46,U-Net,sigmoid=0.5,D4 12H 2_png.rf.JoRndEJA1lep3hprLUOS.png,0.84071,0,1
unet_black_seed46,U-Net,sigmoid=0.5,D4 12H 2_png.rf.txyJ67o8LXpC3sVtUoTH.png,0.758991,0,1
unet_black_seed46,U-Net,sigmoid=0.5,D4 12HR 1_png.rf.coQP5Rm68FoQiPA5lE4l.png,0.0,0,0
unet_black_seed46,U-Net,sigmoid=0.5,D4 12HR 2_png.rf.3mHz6QXfVp3bYuBorSyN.png,0.872151,0,1
unet_black_seed46,U-Net,sigmoid=0.5,D4 24H 1_png.rf.4NmTRoRHXyugKUw10i8s.png,0.0,0,0
unet_black_seed46,U-Net,sigmoid=0.5,D4 24H 1_png.rf.l74W6BtAd1h2vbDdLYa7.png,0.918122,0,1
unet_black_seed46,U-Net,sigmoid=0.5,D4 24H 2_png.rf.RklTkqfkG2jxmrJIVlDw.png,0.0,0,0
unet_black_seed46,U-Net,sigmoid=0.5,D4 24HR 1_png.rf.ZeWox4g9WSQYjCRdF5Hj.png,1.0,1,0
unet_black_seed46,U-Net,sigmoid=0.5,D4 24HR 2_png.rf.aSdWjnYDFFICPSVHPh41.png,1.0,1,0
unet_black_seed46,U-Net,sigmoid=0.5,D4 8H 1_png.rf.a8mANb97avVu4hPsbo7a.png,0.636146,0,1
unet_black_seed46,U-Net,sigmoid=0.5,D4 8H 1_png.rf.xpR4xGrS7xqp2WqsHOdj.png,0.95799,0,1
unet_black_seed46,U-Net,sigmoid=0.5,D4 8H 2_png.rf.ixTzZNh35XGijmR7VOtL.png,0.472847,0,1
unet_black_seed46,U-Net,sigmoid=0.5,D4 8H 2_png.rf.mnoVDerLhE6PpOQcbUog.png,0.824097,0,1
unet_black_seed46,U-Net,sigmoid=0.5,D4 8HR 1_png.rf.VEshHRtiysfYv1YrXVR9.png,0.881819,0,1
unet_black_seed46,U-Net,sigmoid=0.5,D4 8HR 2_png.rf.1gESfR3nmJtUf5QdqE6H.png,0.878633,0,1
unet_black_seed46,U-Net,sigmoid=0.5,E1 0H 1_png.rf.O4klFnPAFBZQG7ZiiWoa.png,0.965395,0,1
unet_black_seed46,U-Net,sigmoid=0.5,E1 0H 2_png.rf.dwk6Z6HVga7ttj23PmV9.png,0.908022,0,1
unet_black_seed46,U-Net,sigmoid=0.5,E1 12H 1_png.rf.MXhOPdUnNbYD4WTRbftP.png,0.807451,0,1
unet_black_seed46,U-Net,sigmoid=0.5,E1 12H 2_png.rf.GKeGTBMimaglOZhGi5n6.png,0.644975,0,1
unet_black_seed46,U-Net,sigmoid=0.5,E1 24H 1_png.rf.JjdLiNmCus3kSa50aOeW.png,1.0,1,0
unet_black_seed46,U-Net,sigmoid=0.5,E1 8H 1_png.rf.8l6bvVJjLSjiFIlOhJkG.png,0.883826,0,1
unet_black_seed46,U-Net,sigmoid=0.5,E1 8H 2_png.rf.5qtx5quA0obTJbOUZCxP.png,0.831564,0,1
unet_black_seed46,U-Net,sigmoid=0.5,F2 0H 1_png.rf.zPl6vPkH5HpqtxJsWJxj.png,0.937765,0,1
unet_black_seed46,U-Net,sigmoid=0.5,F2 12H 1_png.rf.h05DU2gxBlXL6JdotHmg.png,0.908893,0,1
unet_black_seed46,U-Net,sigmoid=0.5,F2 12H 2_png.rf.2goGI5xvDCGG2PJZ8Its.png,0.910224,0,1
unet_black_seed46,U-Net,sigmoid=0.5,F2 8H 2_png.rf.dUFZVFJ0aVESmoGKjJ05.png,0.823084,0,1
unet_black_seed46,U-Net,sigmoid=0.5,Snap-08_141_png.rf.xxwXm4vgaTgEnxfrDBvk.png,1.0,1,0
unet_black_seed46,U-Net,sigmoid=0.5,Snap-09_200_png.rf.T1DuJr60ClWyEIrNPE9K.png,0.0,1,1
unet_black_seed46,U-Net,sigmoid=0.5,Snap-09_21_png.rf.eX9WeCW8GgIO8pb44zNf.png,1.0,1,0
unet_black_seed46,U-Net,sigmoid=0.5,Snap-09_66_png.rf.DXbLfCegxmVs4TDoenmh.png,0.83057,0,1
unet_black_seed46,U-Net,sigmoid=0.5,Snap-10_146_png.rf.J1zTbpCRqsOW6DtsIPzv.png,1.0,1,0
unet_black_seed46,U-Net,sigmoid=0.5,Snap-10_png.rf.yj7fOx6nAZtfK19C65wZ.png,0.880569,0,1
unet_black_seed46,U-Net,sigmoid=0.5,Snap-15_15_png.rf.oEkUKHxOZ7qcBLxMlF5e.png,1.0,1,0
unet_black_seed46,U-Net,sigmoid=0.5,Snap-15_60_png.rf.AUB9Da86Zc4f2GiWRpgF.png,0.86532,0,1
unet_black_seed46,U-Net,sigmoid=0.5,Snap-18_122_png.rf.rEzRHI9DOsMmEv8NXGFz.png,0.877207,0,1
unet_black_seed46,U-Net,sigmoid=0.5,Snap-18_182_png.rf.0olrnxTCWxDIVmtPK3HA.png,0.944222,0,1
unet_black_seed46,U-Net,sigmoid=0.5,Snap-20_104_png.rf.lu9wLu7mqVxquLAseXNa.png,0.74902,0,1
unet_black_seed46,U-Net,sigmoid=0.5,Snap-21_56_png.rf.ycoY7vPUknblypXrORx3.png,0.698963,0,1
unet_black_seed46,U-Net,sigmoid=0.5,Snap-24_96_png.rf.s6DeTIAvmh6iZiaYgj4W.png,0.850877,0,1
unet_black_seed46,U-Net,sigmoid=0.5,Snap-25_124_png.rf.qhyZRieBWx1vF8Vfj4ck.png,0.946305,0,1
unet_black_seed46,U-Net,sigmoid=0.5,Snap-25_184_png.rf.fnCmHOHxb5uRZMEeY7RB.png,0.895426,0,1
unet_black_seed46,U-Net,sigmoid=0.5,Snap-25_50_png.rf.CHeux2nrD5owQB0rBnrP.png,1.0,1,0
unet_black_seed46,U-Net,sigmoid=0.5,Snap-25_png.rf.NZSC2ldRJFXa4414jttF.png,0.895737,0,1
unet_black_seed46,U-Net,sigmoid=0.5,Snap-26_283_png.rf.YFDkIZNg1W2rRyv6xoZQ.png,0.724572,0,1
unet_black_seed46,U-Net,sigmoid=0.5,Snap-31_281_png.rf.HrwVzS03qTHBX5RB7awf.png,0.775106,0,1
unet_black_seed46,U-Net,sigmoid=0.5,Snap-36_271_png.rf.sfFr7wfzXmMz4JWE34hv.png,0.918387,0,1
unet_black_seed46,U-Net,sigmoid=0.5,Snap-37_175_png.rf.FF9MN09bmlSbN40cxQRu.png,0.804417,0,1
unet_black_seed46,U-Net,sigmoid=0.5,Snap-37_235_png.rf.fp1LasdFT1TZbfgrTie6.png,0.919184,0,1
unet_black_seed46,U-Net,sigmoid=0.5,Snap-39_77_png.rf.FBpms3tKgC2fVOg0pxu7.png,0.837123,0,1
unet_black_seed46,U-Net,sigmoid=0.5,Snap-39_png.rf.B5ZdhBp8JGAo6JQji9gU.png,0.63887,0,1
unet_black_seed46,U-Net,sigmoid=0.5,Snap-41_270_png.rf.46zb8PtP1Yuu9Wit1FpP.png,0.94232,0,1
unet_black_seed46,U-Net,sigmoid=0.5,Snap-42_165_png.rf.3eAR7nfV8aWUfPbBc82Q.png,0.741275,0,1
unet_black_seed46,U-Net,sigmoid=0.5,Snap-42_225_png.rf.mQxoBxfdEUUtVkhWybfs.png,0.94082,0,1
unet_black_seed46,U-Net,sigmoid=0.5,Snap-42_76_png.rf.erwRb4d1blf6lhZ6UFWy.png,0.890916,0,1
unet_black_seed46,U-Net,sigmoid=0.5,Snap-42_png.rf.vXnbjKiFLjrY6iWZoR1j.png,0.977661,0,1
unet_black_seed46,U-Net,sigmoid=0.5,Snap-47_159_png.rf.iWHwHxKcpvJIH7RHtxRu.png,0.956762,0,1
unet_black_seed46,U-Net,sigmoid=0.5,Snap-47_219_png.rf.tXiQQL4hg3VyVt8yhPHg.png,0.967687,0,1
unet_black_seed46,U-Net,sigmoid=0.5,Snap-52_153_png.rf.jWozliFwqBh7FtxPjDhr.png,0.885057,0,1
unet_black_seed46,U-Net,sigmoid=0.5,Snap-52_213_png.rf.YrkkVK1Bonf3TxwPZWyE.png,0.970249,0,1
unet_black_seed46,U-Net,sigmoid=0.5,Snap-54_106_png.rf.VOFbghvZhHsPNSqUFFkZ.png,0.896412,0,1
unet_black_seed46,U-Net,sigmoid=0.5,Snap-54_1_png.rf.LYlBIIJ3KoqRfd7QemOX.png,0.707789,0,1
unet_black_seed46,U-Net,sigmoid=0.5,Snap-54_png.rf.HGYLhnxL2tQsTiXRBg9n.png,0.897662,0,1
unet_black_seed46,U-Net,sigmoid=0.5,Snap-60_12_png.rf.AiY33Mo4Daj2M4cZgUnh.png,0.892022,0,1
unet_black_seed46,U-Net,sigmoid=0.5,Snap-60_png.rf.RpcRTxyR97nXnbvR3urB.png,0.973355,0,1
unet_black_seed46,U-Net,sigmoid=0.5,ct2_3_png.rf.05gH6Q4BVtzjbT8GvpXk.png,0.989936,0,1
unet_black_seed46,U-Net,sigmoid=0.5,ct2_5_png.rf.V6uuFIT0hRf8VvfkI0ft.png,0.988918,0,1
unet_black_seed46,U-Net,sigmoid=0.5,ptx1_2_png.rf.mOSxinMIUOQxQUjpAhxb.png,0.89747,0,1
unet_black_seed46,U-Net,sigmoid=0.5,ptx2_4_png.rf.YEH27Bh4es5Hup4qomsA.png,0.991191,0,1
unet_black_seed46,U-Net,sigmoid=0.999,A1 0HR 1_png.rf.F8WfJZAyU8hXcsKytbcA.png,0.822401,0,1
unet_black_seed46,U-Net,sigmoid=0.999,A1 0HR 1_png.rf.bBmfdS8DK3Ixtw1fZ9P3.png,0.849435,0,1
unet_black_seed46,U-Net,sigmoid=0.999,A1 0HR 2_png.rf.hVdiwx06lI7rOZ5rr9vC.png,0.649242,0,1
unet_black_seed46,U-Net,sigmoid=0.999,A1 0HR 2_png.rf.wFANdrijgcCbWaNPdyi0.png,0.674814,0,1
unet_black_seed46,U-Net,sigmoid=0.999,A1 12HR 1_png.rf.8FGxD5kQMiDucxJswxPl.png,0.349061,0,1
unet_black_seed46,U-Net,sigmoid=0.999,A1 12HR 1_png.rf.XDKS23ySU3ItzW5Kv957.png,0.43981,0,1
unet_black_seed46,U-Net,sigmoid=0.999,A1 12HR 2_png.rf.6p7F3HADokVM7aGI7thQ.png,0.614963,0,1
unet_black_seed46,U-Net,sigmoid=0.999,A1 12HR 2_png.rf.OoCbkijic6aCx52coryw.png,0.515242,0,1
unet_black_seed46,U-Net,sigmoid=0.999,A1 12hr 1_png.rf.hPnekH9tRkKoF84Y4HTD.png,0.602961,0,1
unet_black_seed46,U-Net,sigmoid=0.999,A1 12hr 2_png.rf.Zc7e1rWOmWcCj4dykv3Z.png,0.648489,0,1
unet_black_seed46,U-Net,sigmoid=0.999,A1 24HR 1_png.rf.1ApDRLrpQqSCaPcShIOu.png,1.0,1,0
unet_black_seed46,U-Net,sigmoid=0.999,A1 24HR 1_png.rf.psHGzfQFFYu0q9OMf12P.png,1.0,1,0
unet_black_seed46,U-Net,sigmoid=0.999,A1 24HR 2_png.rf.8ZCo4suYfwAmYJVAdrgi.png,1.0,1,0
unet_black_seed46,U-Net,sigmoid=0.999,A1 24HR 2_png.rf.QvfIHR0lQkYJbWTuhsBX.png,0.050754,0,1
unet_black_seed46,U-Net,sigmoid=0.999,A1 24h 1_png.rf.TlQXP6CHdUFWS07zQImN.png,1.0,1,0
unet_black_seed46,U-Net,sigmoid=0.999,A1 24h 2_png.rf.o9mYSgMZsKvkMpLuHnpZ.png,1.0,1,0
unet_black_seed46,U-Net,sigmoid=0.999,A1 24hr 1_png.rf.LkrEN1mHJhJhYU2lmydg.png,0.66923,0,1
unet_black_seed46,U-Net,sigmoid=0.999,A1 8HR 1_png.rf.7N4eAqgpqfPKb1eNWowl.png,0.700857,0,1
unet_black_seed46,U-Net,sigmoid=0.999,A1 8HR 1_png.rf.VABkXkmpYjE9yLo5gSBX.png,0.711861,0,1
unet_black_seed46,U-Net,sigmoid=0.999,A1 8HR 2_png.rf.bvjlWbubzYS3fVyOKsCU.png,0.668507,0,1
unet_black_seed46,U-Net,sigmoid=0.999,A1 8HR 2_png.rf.emd32984S6mQhEIM0RXU.png,0.689686,0,1
unet_black_seed46,U-Net,sigmoid=0.999,A2 0H 2_png.rf.wLkBHcGvevKm0A73Vxcz.png,0.383832,0,1
unet_black_seed46,U-Net,sigmoid=0.999,A2 12H 1_png.rf.xnmVBn7WXmT4yiy3UMlx.png,0.567466,0,1
unet_black_seed46,U-Net,sigmoid=0.999,A2 12H 2_png.rf.N7tpAQyq0PEGrhaTGLJT.png,0.663185,0,1
unet_black_seed46,U-Net,sigmoid=0.999,A2 24H 1_png.rf.EFavmtKTLhhnJThESvF0.png,0.675076,0,1
unet_black_seed46,U-Net,sigmoid=0.999,A2 24H 2_png.rf.E5xmaghZdqaoko8wlaZh.png,0.644893,0,1
unet_black_seed46,U-Net,sigmoid=0.999,A2 8H 1_png.rf.xvZ2Owwq7kfNeQBUdLj1.png,0.0,1,1
unet_black_seed46,U-Net,sigmoid=0.999,A2 8H 2_png.rf.7oLJskKDBKhwtDpwzZqy.png,0.390063,0,1
unet_black_seed46,U-Net,sigmoid=0.999,A3 0H 1_png.rf.4oL1M95z5XQoppHkibCl.png,8.4e-05,0,1
unet_black_seed46,U-Net,sigmoid=0.999,A3 0H 2_png.rf.QDCtQGDH1pznmeHT0BNJ.png,0.102844,0,1
unet_black_seed46,U-Net,sigmoid=0.999,A3 12H 1_png.rf.TU0BGVsD3XJqPwGYBsiu.png,0.137909,0,1
unet_black_seed46,U-Net,sigmoid=0.999,A3 12H 2_png.rf.r5xe4JQ4Ecgyw1raWv4H.png,0.606627,0,1
unet_black_seed46,U-Net,sigmoid=0.999,A3 24H 1_png.rf.tfdHOCRouEH53EDqy7G0.png,1.0,1,0
unet_black_seed46,U-Net,sigmoid=0.999,A3 24H 2_png.rf.TOtRUqMkxCrasCpSjZKO.png,1.0,1,0
unet_black_seed46,U-Net,sigmoid=0.999,A3 8H 1_png.rf.d60KhXvDmSmp3Oia8S8T.png,0.536899,0,1
unet_black_seed46,U-Net,sigmoid=0.999,A3 8H 2_png.rf.B5nEx5FtZ9JTiEjZrHJb.png,0.407701,0,1
unet_black_seed46,U-Net,sigmoid=0.999,A5 0HR 1_png.rf.ckTpizxWhCzqrJmwetqV.png,0.769813,0,1
unet_black_seed46,U-Net,sigmoid=0.999,A5 0HR 2_png.rf.C9gm2A2fkupz9aW1u7b9.png,0.750438,0,1
unet_black_seed46,U-Net,sigmoid=0.999,A5 12HR 1_png.rf.1xA3zwCvRWDQRrGvHIhA.png,0.55335,0,1
unet_black_seed46,U-Net,sigmoid=0.999,A5 12HR 1_png.rf.IESDSkszuJatVJfvQ7PW.png,0.352299,0,1
unet_black_seed46,U-Net,sigmoid=0.999,A5 12HR 2_png.rf.mzYpTwvbQHLWffHAkMOe.png,0.698307,0,1
unet_black_seed46,U-Net,sigmoid=0.999,A5 12HR 2_png.rf.rAr8U7x7uLNYSny2Orvg.png,0.333485,0,1
unet_black_seed46,U-Net,sigmoid=0.999,A5 24HR 1_png.rf.CpfIcPI5krfxTtJFGjKH.png,1.0,1,0
unet_black_seed46,U-Net,sigmoid=0.999,A5 24HR 1_png.rf.QWraD9H7IOqSfp8mznDQ.png,0.0,1,1
unet_black_seed46,U-Net,sigmoid=0.999,A5 24HR 2_png.rf.JBrJ8KO8uH9Jn3iTJvZf.png,1.0,1,0
unet_black_seed46,U-Net,sigmoid=0.999,A5 24HR 2_png.rf.xE7wqG2pbN9OFXjVvNjl.png,0.254246,0,1
unet_black_seed46,U-Net,sigmoid=0.999,A5 8HR 1_png.rf.jEYUYpVLybixXNUndrI9.png,0.720598,0,1
unet_black_seed46,U-Net,sigmoid=0.999,A5 8HR 1_png.rf.qbCCkoclBZRwrN2mNDA9.png,0.548504,0,1
unet_black_seed46,U-Net,sigmoid=0.999,A5 8HR 2_png.rf.7U0SE5K1r1eXtmiCBL1Q.png,0.74704,0,1
unet_black_seed46,U-Net,sigmoid=0.999,A6 0H 1_png.rf.rKpcg4iYJ50H0XfmG98n.png,0.001642,0,1
unet_black_seed46,U-Net,sigmoid=0.999,A6 0H 2_png.rf.xTjPOuBdGBBEAQh6qzcS.png,0.008066,0,1
unet_black_seed46,U-Net,sigmoid=0.999,A6 12H 1_png.rf.ttiuv3CjzGc6GvMTytlM.png,0.299074,0,1
unet_black_seed46,U-Net,sigmoid=0.999,A6 12H 2_png.rf.bsoBQRnwC6AtJ5KRBKDv.png,0.474294,0,1
unet_black_seed46,U-Net,sigmoid=0.999,A6 24H 1_png.rf.nNdt9zlpThgANxpw0Afd.png,0.274049,0,1
unet_black_seed46,U-Net,sigmoid=0.999,A6 24H 2_png.rf.fnzQMmHMSJJ6YxflXcKp.png,0.518629,0,1
unet_black_seed46,U-Net,sigmoid=0.999,A6 8H 1_png.rf.0Ed4k50VKrxz80UdTuUb.png,0.242673,0,1
unet_black_seed46,U-Net,sigmoid=0.999,A6 8H 2_png.rf.8H5VYogwRaw3bc7Ufnp7.png,0.0,1,1
unet_black_seed46,U-Net,sigmoid=0.999,B1 0H 1_png.rf.j3ckb2OmuPoN1D2ZNrsL.png,0.13755,0,1
unet_black_seed46,U-Net,sigmoid=0.999,B1 0H 2_png.rf.M9qDqnfqVRQAN3kixv3Y.png,0.36942,0,1
unet_black_seed46,U-Net,sigmoid=0.999,B1 0HR 1_png.rf.eIMkkfHeHfLEZ04ezC1L.png,0.563541,0,1
unet_black_seed46,U-Net,sigmoid=0.999,B1 0HR 2_png.rf.GJOlprTE8cvwD4CrUmlP.png,0.708269,0,1
unet_black_seed46,U-Net,sigmoid=0.999,B1 0hr 1_png.rf.HQmAp3GBzLOJSBnrI49n.png,0.29712,0,1
unet_black_seed46,U-Net,sigmoid=0.999,B1 0hr 1_png.rf.IpACHL1Orw6aFOfMt2L4.png,0.315643,0,1
unet_black_seed46,U-Net,sigmoid=0.999,B1 0hr 1_png.rf.MsTYgRqpBawgbfwCxIBh.png,0.069798,0,1
unet_black_seed46,U-Net,sigmoid=0.999,B1 0hr 2_png.rf.XjumgmgMNkQhrRGLEgFA.png,0.244569,0,1
unet_black_seed46,U-Net,sigmoid=0.999,B1 0hr_1_png.rf.DUGXTEiLp7a24s7ag9dO.png,0.0,1,1
unet_black_seed46,U-Net,sigmoid=0.999,B1 0hr_2_png.rf.wWUkB0l85vJDlD6q526J.png,0.0,1,1
unet_black_seed46,U-Net,sigmoid=0.999,B1 12H 1_png.rf.VB9B0BXSFCbQoytWKIkL.png,0.377657,0,1
unet_black_seed46,U-Net,sigmoid=0.999,B1 12H 2_png.rf.cFU7xmBfmqqkIIa5q7nh.png,0.107179,0,1
unet_black_seed46,U-Net,sigmoid=0.999,B1 12HR 1_png.rf.iGQ0raXb1cPFjLpTE8Qs.png,0.700472,0,1
unet_black_seed46,U-Net,sigmoid=0.999,B1 12hr 1_png.rf.Basp8dmX2exqZZBqydBx.png,0.692999,0,1
unet_black_seed46,U-Net,sigmoid=0.999,B1 12hr 1_png.rf.MkOpH7SVtG5q4EYuFmK2.png,0.553,0,1
unet_black_seed46,U-Net,sigmoid=0.999,B1 12hr 1_png.rf.sRUPpw6VBKsEL7UWcuqg.png,0.478934,0,1
unet_black_seed46,U-Net,sigmoid=0.999,B1 12hr_1_png.rf.dB4OztvLmzVa4BGq5jCN.png,0.022326,0,1
unet_black_seed46,U-Net,sigmoid=0.999,B1 24H 1_png.rf.GJ99b6zJDkCcdldeprAL.png,0.504641,0,1
unet_black_seed46,U-Net,sigmoid=0.999,B1 24H 2_png.rf.WAXPIALQ8VqzYoMup3J4.png,0.325505,0,1
unet_black_seed46,U-Net,sigmoid=0.999,B1 24HR 1_png.rf.ZOXgAwm7pCyA0PxFBFkk.png,0.618342,0,1
unet_black_seed46,U-Net,sigmoid=0.999,B1 24HR 2_png.rf.Ls9u8THJDkrAcAUiOT0Q.png,0.536448,0,1
unet_black_seed46,U-Net,sigmoid=0.999,B1 24hr 1_png.rf.wZriPsVdQe9B1XYh0ypQ.png,0.054133,0,1
unet_black_seed46,U-Net,sigmoid=0.999,B1 24hr 2_png.rf.kOhjizJROLOCgNfM1IF5.png,0.433327,0,1
unet_black_seed46,U-Net,sigmoid=0.999,B1 8H 1_png.rf.fqDTrXJGtwGnRUswH16c.png,0.738223,0,1
unet_black_seed46,U-Net,sigmoid=0.999,B1 8H 2_png.rf.gA6SnVr547LgfEenVrRi.png,0.538209,0,1
unet_black_seed46,U-Net,sigmoid=0.999,B1 8HR 1_png.rf.AMXvM5M5gyDuLKC5DTa9.png,0.772515,0,1
unet_black_seed46,U-Net,sigmoid=0.999,B1 8HR 2_png.rf.QKXzmdKQE41ccuWFgbwS.png,0.759172,0,1
unet_black_seed46,U-Net,sigmoid=0.999,B1 8hr 1_png.rf.pwZlWzk9sZA3CwldABe9.png,0.326487,0,1
unet_black_seed46,U-Net,sigmoid=0.999,B1 8hr 1_png.rf.xNkp4JfkmuylOQerzD1Q.png,0.460158,0,1
unet_black_seed46,U-Net,sigmoid=0.999,B1 8hr 2_png.rf.L73Y3X4Dx7HELGkPVNlg.png,0.592657,0,1
unet_black_seed46,U-Net,sigmoid=0.999,B4 0H 1_png.rf.UkNByK7H1jadGiO9HCAd.png,0.336902,0,1
unet_black_seed46,U-Net,sigmoid=0.999,B4 0H 2_png.rf.rXION3PvUG9p2y5KH5ZG.png,0.109308,0,1
unet_black_seed46,U-Net,sigmoid=0.999,B4 12H 1_png.rf.1ULnxID5MP426B41agfS.png,0.0,1,1
unet_black_seed46,U-Net,sigmoid=0.999,B4 12H 2_png.rf.BUDIsAimJHwizKA26kde.png,0.387164,0,1
unet_black_seed46,U-Net,sigmoid=0.999,B4 24H 1_png.rf.b60wYuoI9jxCKCHE2l9q.png,0.531834,0,1
unet_black_seed46,U-Net,sigmoid=0.999,B4 24H 2_png.rf.Dy3NkPc0L9HXhRCtCbkW.png,1.0,1,0
unet_black_seed46,U-Net,sigmoid=0.999,B4 8H 1_png.rf.OVZZyofXQpVrU06rEdEV.png,0.521394,0,1
unet_black_seed46,U-Net,sigmoid=0.999,B4 8H 2_png.rf.ShxIhASvXw8lGbZkLgUb.png,0.175644,0,1
unet_black_seed46,U-Net,sigmoid=0.999,B5 0HR 1_png.rf.HyxAq2SZFEx1y342m6b9.png,0.048615,0,1
unet_black_seed46,U-Net,sigmoid=0.999,B5 0HR 1_png.rf.J6hP1h51BcAFg4KFN6lN.png,0.653242,0,1
unet_black_seed46,U-Net,sigmoid=0.999,B5 0HR 2_png.rf.MUU0CWJgRWrZIA9N0J2X.png,0.488481,0,1
unet_black_seed46,U-Net,sigmoid=0.999,B5 12HR 1_png.rf.XqoVkA4DK3JbERfwmQPP.png,0.629107,0,1
unet_black_seed46,U-Net,sigmoid=0.999,B5 12HR 2_png.rf.EZH0RYIN3t8Q75rFyebV.png,0.59602,0,1
unet_black_seed46,U-Net,sigmoid=0.999,B5 12HR 2_png.rf.mSR2WAZaiHT4hljqFuAE.png,0.68961,0,1
unet_black_seed46,U-Net,sigmoid=0.999,B5 24HR 1_png.rf.TJTLDoAzR6YqhVVqJjBV.png,1.0,1,0
unet_black_seed46,U-Net,sigmoid=0.999,B5 24HR _png.rf.g9PDGT1tjMWdiPw6OCJg.png,1.0,1,0
unet_black_seed46,U-Net,sigmoid=0.999,B5 8HR 1_png.rf.Ym4RLm5f7bEAlTD8XV4Q.png,0.766523,0,1
unet_black_seed46,U-Net,sigmoid=0.999,B5 8HR 2_png.rf.1bM2nfrE3C3SuMgkQzIF.png,0.624746,0,1
unet_black_seed46,U-Net,sigmoid=0.999,B5 8HR 2_png.rf.BzRPidTOrz4nL1zIlvSL.png,0.485588,0,1
unet_black_seed46,U-Net,sigmoid=0.999,B6 0HR 1_png.rf.G9IIgGta9Gbbj9yqetJW.png,0.639635,0,1
unet_black_seed46,U-Net,sigmoid=0.999,B6 0hr 1_png.rf.tP2kS9n37GFU0hMWW7mV.png,0.045286,0,1
unet_black_seed46,U-Net,sigmoid=0.999,B6 12HR 1_png.rf.gMy5B0cpXrZXzyMCZhuv.png,0.489691,0,1
unet_black_seed46,U-Net,sigmoid=0.999,B6 12HR 2_png.rf.BMDqWV1RTxKKoPMgnLal.png,0.365544,0,1
unet_black_seed46,U-Net,sigmoid=0.999,B6 12hr 1_png.rf.wMEDLQnrMWwVbcfKlQek.png,0.621173,0,1
unet_black_seed46,U-Net,sigmoid=0.999,B6 12hr 2_png.rf.y4b1NNhMuInMAANEGR5y.png,0.555595,0,1
unet_black_seed46,U-Net,sigmoid=0.999,B6 24h 1_png.rf.HqRokqEzDfBP5O3ZtezT.png,1.0,1,0
unet_black_seed46,U-Net,sigmoid=0.999,B6 24h 1_png.rf.Mqv4F4d5b4AUQiStkAzE.png,1.0,1,0
unet_black_seed46,U-Net,sigmoid=0.999,C5 0H 1_png.rf.OdwF3vyzWYOgZ8CvxU5t.png,0.272928,0,1
unet_black_seed46,U-Net,sigmoid=0.999,C5 0H 1_png.rf.qfmzlYXXLFM1UbctuHo5.png,0.401587,0,1
unet_black_seed46,U-Net,sigmoid=0.999,C5 0H 2_png.rf.UQiYCwrvqp79phsQH2z3.png,0.511884,0,1
unet_black_seed46,U-Net,sigmoid=0.999,C5 12H 1_png.rf.OLiywuVh8Y6xj17HnU6e.png,0.526764,0,1
unet_black_seed46,U-Net,sigmoid=0.999,C5 12H 1_png.rf.eqPnAQCG5aI0rvfthMNV.png,0.589178,0,1
unet_black_seed46,U-Net,sigmoid=0.999,C5 12H 2_png.rf.oLP5pb7BztRNGjNEDlAS.png,0.427399,0,1
unet_black_seed46,U-Net,sigmoid=0.999,C5 12H 2_png.rf.yGOWuMwCESVagvk7Q4HY.png,0.0,1,1
unet_black_seed46,U-Net,sigmoid=0.999,C5 24H 1_png.rf.GRabFdMEvh7NdJQw7srC.png,1.0,1,0
unet_black_seed46,U-Net,sigmoid=0.999,C5 24H 2_png.rf.1BqtMMJEWOuzOCOM43Zl.png,1.0,1,0
unet_black_seed46,U-Net,sigmoid=0.999,C5 8H 1_png.rf.QRwHfTeZ3iXOWs30KZOS.png,0.697667,0,1
unet_black_seed46,U-Net,sigmoid=0.999,C5 8H 1_png.rf.m0k3TjlxKvLXDFhuBq52.png,0.615669,0,1
unet_black_seed46,U-Net,sigmoid=0.999,C5 8H 2_png.rf.Su3UAyP9dztNqZtfn0u1.png,0.646183,0,1
unet_black_seed46,U-Net,sigmoid=0.999,D1 0H 1_png.rf.fw3oXHFKRwGBIpMcBKY2.png,0.678964,0,1
unet_black_seed46,U-Net,sigmoid=0.999,D1 0H 2_png.rf.In3g26PLvIPVilZ9guvK.png,0.61829,0,1
unet_black_seed46,U-Net,sigmoid=0.999,D1 0HR 1_png.rf.X95BBgcop2LdYBHvWj7G.png,0.414849,0,1
unet_black_seed46,U-Net,sigmoid=0.999,D1 0HR 1_png.rf.pXGKiyw6dpCjGOogRcBS.png,0.787261,0,1
unet_black_seed46,U-Net,sigmoid=0.999,D1 0HR 2_png.rf.Ak8bfHD2sNvAS5ARU8WU.png,0.789754,0,1
unet_black_seed46,U-Net,sigmoid=0.999,D1 0HR 2_png.rf.pBkydjxMgVt0vB999uLo.png,0.133433,0,1
unet_black_seed46,U-Net,sigmoid=0.999,D1 12H 1_png.rf.mKsxEDejqQN6qCQxLyns.png,0.632335,0,1
unet_black_seed46,U-Net,sigmoid=0.999,D1 12H 2_png.rf.hM6Jhc6UJKSMWKFN6Pta.png,0.39861,0,1
unet_black_seed46,U-Net,sigmoid=0.999,D1 12HR 1_png.rf.Sa5pwYNBsukEYVE7qdCO.png,0.616282,0,1
unet_black_seed46,U-Net,sigmoid=0.999,D1 12HR 1_png.rf.mtvtObh31Z25eXwo4BTB.png,0.550409,0,1
unet_black_seed46,U-Net,sigmoid=0.999,D1 12HR 2_png.rf.E03XFlEmMbe4CLEeQ5L0.png,0.560614,0,1
unet_black_seed46,U-Net,sigmoid=0.999,D1 12HR 2_png.rf.c61b9Qj6PnDGEcivk5oi.png,0.531891,0,1
unet_black_seed46,U-Net,sigmoid=0.999,D1 24H 1_png.rf.9St1pSdNBqUmYewNNUks.png,0.095683,0,1
unet_black_seed46,U-Net,sigmoid=0.999,D1 24H 2_png.rf.JPXsJfPNRWwnAkf2OC68.png,0.195018,0,1
unet_black_seed46,U-Net,sigmoid=0.999,D1 24HR 1_png.rf.D7yfyoxo08GRgfqWxkKs.png,0.219349,0,1
unet_black_seed46,U-Net,sigmoid=0.999,D1 24HR 1_png.rf.EHcrx6DNEOw8vqgtCyC2.png,1.0,1,0
unet_black_seed46,U-Net,sigmoid=0.999,D1 24HR 2_png.rf.sKzjQXeeTmG65NxFRo5z.png,1.0,1,0
unet_black_seed46,U-Net,sigmoid=0.999,D1 24HR 2_png.rf.uoxKxnADebGlXimnPrEx.png,0.149656,0,1
unet_black_seed46,U-Net,sigmoid=0.999,D1 8H 1_png.rf.AmYzGCscmIMNbZlAIVL4.png,0.536369,0,1
unet_black_seed46,U-Net,sigmoid=0.999,D1 8H 2_png.rf.1Guur0r0WOYFqgYbD8Ix.png,0.073631,0,1
unet_black_seed46,U-Net,sigmoid=0.999,D1 8HR 1_png.rf.7pXlMXWWJkv2xLuAp89c.png,0.598974,0,1
unet_black_seed46,U-Net,sigmoid=0.999,D1 8HR 1_png.rf.Pm37sn4g0olAl9FUCP58.png,0.688278,0,1
unet_black_seed46,U-Net,sigmoid=0.999,D1 8HR 2_png.rf.We4y9DkVsrjwHtYEPH1S.png,0.845627,0,1
unet_black_seed46,U-Net,sigmoid=0.999,D1 8HR 2_png.rf.zXqaP0fHqHbabD0CzjuF.png,0.596408,0,1
unet_black_seed46,U-Net,sigmoid=0.999,D3 0H 1_png.rf.jWsUip53LaCF4OaEEFcb.png,0.521447,0,1
unet_black_seed46,U-Net,sigmoid=0.999,D3 0H 2_png.rf.lkEcbAGS1IAwabi3cMT3.png,0.147428,0,1
unet_black_seed46,U-Net,sigmoid=0.999,D3 12H 1_png.rf.vDKmMF3YJlFSbIbFZHci.png,0.606527,0,1
unet_black_seed46,U-Net,sigmoid=0.999,D3 12H 2_png.rf.bk65RyMB9bMlU59S1RY7.png,0.152061,0,1
unet_black_seed46,U-Net,sigmoid=0.999,D3 24H 1_png.rf.lgES3xZvT7KoszPGhV44.png,0.627422,0,1
unet_black_seed46,U-Net,sigmoid=0.999,D3 24H 2_png.rf.vu9MuWKRyoy3WKGkVrI5.png,0.520472,0,1
unet_black_seed46,U-Net,sigmoid=0.999,D3 8H 1_png.rf.6ah0Jg4O5oakLSomUxcX.png,0.730159,0,1
unet_black_seed46,U-Net,sigmoid=0.999,D3 8H 2_png.rf.RmIwn01JNbgfY0VcrlAP.png,0.324586,0,1
unet_black_seed46,U-Net,sigmoid=0.999,D4 0H 1_png.rf.FutNJ1bcHBCTMEvRlEBr.png,0.707393,0,1
unet_black_seed46,U-Net,sigmoid=0.999,D4 0H 1_png.rf.hIDWQ46StqSUcKyGmBYY.png,0.447026,0,1
unet_black_seed46,U-Net,sigmoid=0.999,D4 0H 2_png.rf.7RFXNZEElcEIxiB134la.png,0.526828,0,1
unet_black_seed46,U-Net,sigmoid=0.999,D4 0H 2_png.rf.eVEb58gAMbcellIRwKuX.png,0.084289,0,1
unet_black_seed46,U-Net,sigmoid=0.999,D4 0HR 1_png.rf.eLqJwBy4PkAeXHhqw8Ir.png,0.694486,0,1
unet_black_seed46,U-Net,sigmoid=0.999,D4 0HR 2_png.rf.EwNjDB9ss3gmM00iJqPT.png,0.62627,0,1
unet_black_seed46,U-Net,sigmoid=0.999,D4 12H 1_png.rf.9BeWOTfVwMn3ywdSyPmt.png,0.600477,0,1
unet_black_seed46,U-Net,sigmoid=0.999,D4 12H 1_png.rf.rmwAgsyRm1ZzZ55GuiPB.png,0.002284,0,1
unet_black_seed46,U-Net,sigmoid=0.999,D4 12H 2_png.rf.JoRndEJA1lep3hprLUOS.png,0.074621,0,1
unet_black_seed46,U-Net,sigmoid=0.999,D4 12H 2_png.rf.txyJ67o8LXpC3sVtUoTH.png,0.037674,0,1
unet_black_seed46,U-Net,sigmoid=0.999,D4 12HR 1_png.rf.coQP5Rm68FoQiPA5lE4l.png,1.0,1,0
unet_black_seed46,U-Net,sigmoid=0.999,D4 12HR 2_png.rf.3mHz6QXfVp3bYuBorSyN.png,0.582313,0,1
unet_black_seed46,U-Net,sigmoid=0.999,D4 24H 1_png.rf.4NmTRoRHXyugKUw10i8s.png,1.0,1,0
unet_black_seed46,U-Net,sigmoid=0.999,D4 24H 1_png.rf.l74W6BtAd1h2vbDdLYa7.png,0.49396,0,1
unet_black_seed46,U-Net,sigmoid=0.999,D4 24H 2_png.rf.RklTkqfkG2jxmrJIVlDw.png,1.0,1,0
unet_black_seed46,U-Net,sigmoid=0.999,D4 24HR 1_png.rf.ZeWox4g9WSQYjCRdF5Hj.png,1.0,1,0
unet_black_seed46,U-Net,sigmoid=0.999,D4 24HR 2_png.rf.aSdWjnYDFFICPSVHPh41.png,1.0,1,0
unet_black_seed46,U-Net,sigmoid=0.999,D4 8H 1_png.rf.a8mANb97avVu4hPsbo7a.png,0.214653,0,1
unet_black_seed46,U-Net,sigmoid=0.999,D4 8H 1_png.rf.xpR4xGrS7xqp2WqsHOdj.png,0.544478,0,1
unet_black_seed46,U-Net,sigmoid=0.999,D4 8H 2_png.rf.ixTzZNh35XGijmR7VOtL.png,0.033922,0,1
unet_black_seed46,U-Net,sigmoid=0.999,D4 8H 2_png.rf.mnoVDerLhE6PpOQcbUog.png,0.336648,0,1
unet_black_seed46,U-Net,sigmoid=0.999,D4 8HR 1_png.rf.VEshHRtiysfYv1YrXVR9.png,0.560129,0,1
unet_black_seed46,U-Net,sigmoid=0.999,D4 8HR 2_png.rf.1gESfR3nmJtUf5QdqE6H.png,0.673193,0,1
unet_black_seed46,U-Net,sigmoid=0.999,E1 0H 1_png.rf.O4klFnPAFBZQG7ZiiWoa.png,0.333573,0,1
unet_black_seed46,U-Net,sigmoid=0.999,E1 0H 2_png.rf.dwk6Z6HVga7ttj23PmV9.png,0.01849,0,1
unet_black_seed46,U-Net,sigmoid=0.999,E1 12H 1_png.rf.MXhOPdUnNbYD4WTRbftP.png,0.18634,0,1
unet_black_seed46,U-Net,sigmoid=0.999,E1 12H 2_png.rf.GKeGTBMimaglOZhGi5n6.png,5.5e-05,0,1
unet_black_seed46,U-Net,sigmoid=0.999,E1 24H 1_png.rf.JjdLiNmCus3kSa50aOeW.png,1.0,1,0
unet_black_seed46,U-Net,sigmoid=0.999,E1 8H 1_png.rf.8l6bvVJjLSjiFIlOhJkG.png,0.161831,0,1
unet_black_seed46,U-Net,sigmoid=0.999,E1 8H 2_png.rf.5qtx5quA0obTJbOUZCxP.png,0.053154,0,1
unet_black_seed46,U-Net,sigmoid=0.999,F2 0H 1_png.rf.zPl6vPkH5HpqtxJsWJxj.png,0.229905,0,1
unet_black_seed46,U-Net,sigmoid=0.999,F2 12H 1_png.rf.h05DU2gxBlXL6JdotHmg.png,0.214944,0,1
unet_black_seed46,U-Net,sigmoid=0.999,F2 12H 2_png.rf.2goGI5xvDCGG2PJZ8Its.png,0.182269,0,1
unet_black_seed46,U-Net,sigmoid=0.999,F2 8H 2_png.rf.dUFZVFJ0aVESmoGKjJ05.png,0.169104,0,1
unet_black_seed46,U-Net,sigmoid=0.999,Snap-08_141_png.rf.xxwXm4vgaTgEnxfrDBvk.png,1.0,1,0
unet_black_seed46,U-Net,sigmoid=0.999,Snap-09_200_png.rf.T1DuJr60ClWyEIrNPE9K.png,0.0,1,1
unet_black_seed46,U-Net,sigmoid=0.999,Snap-09_21_png.rf.eX9WeCW8GgIO8pb44zNf.png,1.0,1,0
unet_black_seed46,U-Net,sigmoid=0.999,Snap-09_66_png.rf.DXbLfCegxmVs4TDoenmh.png,0.194492,0,1
unet_black_seed46,U-Net,sigmoid=0.999,Snap-10_146_png.rf.J1zTbpCRqsOW6DtsIPzv.png,1.0,1,0
unet_black_seed46,U-Net,sigmoid=0.999,Snap-10_png.rf.yj7fOx6nAZtfK19C65wZ.png,0.559566,0,1
unet_black_seed46,U-Net,sigmoid=0.999,Snap-15_15_png.rf.oEkUKHxOZ7qcBLxMlF5e.png,1.0,1,0
unet_black_seed46,U-Net,sigmoid=0.999,Snap-15_60_png.rf.AUB9Da86Zc4f2GiWRpgF.png,0.05728,0,1
unet_black_seed46,U-Net,sigmoid=0.999,Snap-18_122_png.rf.rEzRHI9DOsMmEv8NXGFz.png,0.597842,0,1
unet_black_seed46,U-Net,sigmoid=0.999,Snap-18_182_png.rf.0olrnxTCWxDIVmtPK3HA.png,0.768991,0,1
unet_black_seed46,U-Net,sigmoid=0.999,Snap-20_104_png.rf.lu9wLu7mqVxquLAseXNa.png,0.059071,0,1
unet_black_seed46,U-Net,sigmoid=0.999,Snap-21_56_png.rf.ycoY7vPUknblypXrORx3.png,0.406712,0,1
unet_black_seed46,U-Net,sigmoid=0.999,Snap-24_96_png.rf.s6DeTIAvmh6iZiaYgj4W.png,0.633548,0,1
unet_black_seed46,U-Net,sigmoid=0.999,Snap-25_124_png.rf.qhyZRieBWx1vF8Vfj4ck.png,0.668026,0,1
unet_black_seed46,U-Net,sigmoid=0.999,Snap-25_184_png.rf.fnCmHOHxb5uRZMEeY7RB.png,0.516042,0,1
unet_black_seed46,U-Net,sigmoid=0.999,Snap-25_50_png.rf.CHeux2nrD5owQB0rBnrP.png,1.0,1,0
unet_black_seed46,U-Net,sigmoid=0.999,Snap-25_png.rf.NZSC2ldRJFXa4414jttF.png,0.429444,0,1
unet_black_seed46,U-Net,sigmoid=0.999,Snap-26_283_png.rf.YFDkIZNg1W2rRyv6xoZQ.png,0.306049,0,1
unet_black_seed46,U-Net,sigmoid=0.999,Snap-31_281_png.rf.HrwVzS03qTHBX5RB7awf.png,0.284002,0,1
unet_black_seed46,U-Net,sigmoid=0.999,Snap-36_271_png.rf.sfFr7wfzXmMz4JWE34hv.png,0.805283,0,1
unet_black_seed46,U-Net,sigmoid=0.999,Snap-37_175_png.rf.FF9MN09bmlSbN40cxQRu.png,0.214742,0,1
unet_black_seed46,U-Net,sigmoid=0.999,Snap-37_235_png.rf.fp1LasdFT1TZbfgrTie6.png,0.657338,0,1
unet_black_seed46,U-Net,sigmoid=0.999,Snap-39_77_png.rf.FBpms3tKgC2fVOg0pxu7.png,0.214462,0,1
unet_black_seed46,U-Net,sigmoid=0.999,Snap-39_png.rf.B5ZdhBp8JGAo6JQji9gU.png,0.484242,0,1
unet_black_seed46,U-Net,sigmoid=0.999,Snap-41_270_png.rf.46zb8PtP1Yuu9Wit1FpP.png,0.685051,0,1
unet_black_seed46,U-Net,sigmoid=0.999,Snap-42_165_png.rf.3eAR7nfV8aWUfPbBc82Q.png,0.292567,0,1
unet_black_seed46,U-Net,sigmoid=0.999,Snap-42_225_png.rf.mQxoBxfdEUUtVkhWybfs.png,0.771374,0,1
unet_black_seed46,U-Net,sigmoid=0.999,Snap-42_76_png.rf.erwRb4d1blf6lhZ6UFWy.png,0.693105,0,1
unet_black_seed46,U-Net,sigmoid=0.999,Snap-42_png.rf.vXnbjKiFLjrY6iWZoR1j.png,0.726135,0,1
unet_black_seed46,U-Net,sigmoid=0.999,Snap-47_159_png.rf.iWHwHxKcpvJIH7RHtxRu.png,0.696028,0,1
unet_black_seed46,U-Net,sigmoid=0.999,Snap-47_219_png.rf.tXiQQL4hg3VyVt8yhPHg.png,0.741208,0,1
unet_black_seed46,U-Net,sigmoid=0.999,Snap-52_153_png.rf.jWozliFwqBh7FtxPjDhr.png,0.269342,0,1
unet_black_seed46,U-Net,sigmoid=0.999,Snap-52_213_png.rf.YrkkVK1Bonf3TxwPZWyE.png,0.816572,0,1
unet_black_seed46,U-Net,sigmoid=0.999,Snap-54_106_png.rf.VOFbghvZhHsPNSqUFFkZ.png,0.36429,0,1
unet_black_seed46,U-Net,sigmoid=0.999,Snap-54_1_png.rf.LYlBIIJ3KoqRfd7QemOX.png,0.60172,0,1
unet_black_seed46,U-Net,sigmoid=0.999,Snap-54_png.rf.HGYLhnxL2tQsTiXRBg9n.png,0.405193,0,1
unet_black_seed46,U-Net,sigmoid=0.999,Snap-60_12_png.rf.AiY33Mo4Daj2M4cZgUnh.png,0.34302,0,1
unet_black_seed46,U-Net,sigmoid=0.999,Snap-60_png.rf.RpcRTxyR97nXnbvR3urB.png,0.536638,0,1
unet_black_seed46,U-Net,sigmoid=0.999,ct2_3_png.rf.05gH6Q4BVtzjbT8GvpXk.png,0.447149,0,1
unet_black_seed46,U-Net,sigmoid=0.999,ct2_5_png.rf.V6uuFIT0hRf8VvfkI0ft.png,0.366656,0,1
unet_black_seed46,U-Net,sigmoid=0.999,ptx1_2_png.rf.mOSxinMIUOQxQUjpAhxb.png,0.632619,0,1
unet_black_seed46,U-Net,sigmoid=0.999,ptx2_4_png.rf.YEH27Bh4es5Hup4qomsA.png,0.411244,0,1
