arquivo_b,stem_normalizado,linha_celular,timepoint_h,arquivo_a,pasta_a,group_key,lote,well,tratamento,estrato,excluida,resolucao,split_key,partition
scale_png.rf.67BkO6CAUlcTHtOu390R.png,scale,,,,,,,,,,1,scale,,EXCLUIDA
Snap-59_scale_png.rf.gdUxLFTshj7bf5TmYn0U.png,snap-59,,,,,,,,,,1,scale,,EXCLUIDA
A2 8h 2_png.rf.3ZQSDMzMCCEjeEEpMLRI.png,a2 8h 2,HUVEC,8,A2 8h 2.tiff,HUVEC/8h,Controle+Saudavel||None||A2,Controle+Saudavel,A2,None,HUVEC|None,,ok_hash,Controle+Saudavel||None||A2,train
A2 8H 2_png.rf.IpJ4MtWtbGzE5G2qM41m.png,a2 8h 2,HUVEC,8,A2 8H 2 (4).tiff,HUVEC/8h,Migração (PET e PEP) n3 - RAW||None||A2,Migração (PET e PEP) n3 - RAW,A2,None,HUVEC|None,,ok_hash,Migração (PET e PEP) n3 - RAW||None||A2,train
A2 8H 2_png.rf.7oLJskKDBKhwtDpwzZqy.png,a2 8h 2,HUVEC,8,A2 8H 2 (3).tiff,HUVEC/8h,Migração (PET e PEP) n2 - RAW||PEP||A2,Migração (PET e PEP) n2 - RAW,A2,PEP,HUVEC|PEP,,ok_hash,Migração (PET e PEP) n2 - RAW||PEP||A2,train
A2 8H 2_png.rf.kZ7SBz8DB3BAcafMWMxz.png,a2 8h 2,HUVEC,8,A2 8H 2 (2).tiff,HUVEC/8h,LUIS RAW||PEP+MET3||A2,LUIS RAW,A2,PEP+MET3,HUVEC|PEP+MET3,,ok_hash,LUIS RAW||PEP+MET3||A2,val
B2 12hr 1_png.rf.5gyL9evissmrGzsSLEAN.png,b2 12hr 1,HUVEC,12,B2 12hr 1.tiff,HUVEC/12h,Controle+Saudavel||None||B2,Controle+Saudavel,B2,None,HUVEC|None,,ok_hash,Controle+Saudavel||None||B2,train
B2 12HR 1_png.rf.FwucefXu7N8eJexkEaUa.png,b2 12hr 1,HUVEC,12,B2 12HR 1 (2).tiff,HUVEC/12h,Originais (1)||None||B2,Originais (1),B2,None,HUVEC|None,,ok_hash,SHARED__B2,test
B2 12hr 1_png.rf.UxcbtO0l2izDJyfYDkL3.png,b2 12hr 1,HUVEC,12,,,Controle+Saudavel||None||B2,Controle+Saudavel,B2,None,HUVEC|None,,ok_nome_norm,Controle+Saudavel||None||B2,train
B2 12HR 1_png.rf.w4CHV1tZNpptkrhPRYlw.png,b2 12hr 1,HUVEC,12,,,Controle+Saudavel||None||B2,Controle+Saudavel,B2,None,HUVEC|None,,ok_nome_norm,Controle+Saudavel||None||B2,train
B2 8hr 2_png.rf.IC0TVwKjwn6ZT1tg5Ayc.png,b2 8hr 2,HUVEC,8,B2 8hr 2.tiff,HUVEC/8h,Controle+Saudavel||None||B2,Controle+Saudavel,B2,None,HUVEC|None,,ok_hash,Controle+Saudavel||None||B2,train
B2 8HR 2_png.rf.d5SKUoUKuKOaQUQwpC9U.png,b2 8hr 2,HUVEC,8,B2 8HR 2 (2).tiff,HUVEC/8h,Originais (1)||None||B2,Originais (1),B2,None,HUVEC|None,,ok_hash,SHARED__B2,test
B2 8hr 2_png.rf.cVpeDQhlWEBD1zht7jp9.png,b2 8hr 2,HUVEC,8,,,Controle+Saudavel||None||B2,Controle+Saudavel,B2,None,HUVEC|None,,ok_nome_norm,Controle+Saudavel||None||B2,train
B2 8HR 2_png.rf.CDPLfmkL04TkJQcPXF00.png,b2 8hr 2,HUVEC,8,,,Controle+Saudavel||None||B2,Controle+Saudavel,B2,None,HUVEC|None,,ok_nome_norm,Controle+Saudavel||None||B2,train
A4 12hr 2_png.rf.BAu6tJBDY6cRZV3MNUCm.png,a4 12hr 2,HUVEC,12,A4 12hr 2.tiff,HUVEC/12h,Controle+Saudavel||None||A4,Controle+Saudavel,A4,None,HUVEC|None,,ok_hash,Controle+Saudavel||None||A4,train
A4 12HR 2_png.rf.rpQDqLFh0SaadBHHtKo3.png,a4 12hr 2,HUVEC,12,,,Controle+Saudavel||None||A4,Controle+Saudavel,A4,None,HUVEC|None,,ok_nome_norm,Controle+Saudavel||None||A4,train
A4 12HR 2_png.rf.fXF7CNUNvvrtslE85Hem.png,a4 12hr 2,HUVEC,12,A4 12HR 2 (2).tiff,HUVEC/12h,Originais (1)||None||A4,Originais (1),A4,None,HUVEC|None,,ok_hash,SHARED__A4,train
B3 8HR 1_png.rf.1lxskQttQuNZ6jmrtim1.png,b3 8hr 1,HUVEC,8,B3 8HR 1 (2).tiff,HUVEC/8h,Originais (1)||None||B3,Originais (1),B3,None,HUVEC|None,,ok_hash,SHARED__B3,train
B3 8hr_1_png.rf.MRR11Hqlfmu6ZYq3vSSJ.png,b3 8hr 1,HUVEC,8,B3 8hr_1.tiff,HUVEC/8h,Controle+Saudavel||None||B3,Controle+Saudavel,B3,None,HUVEC|None,,ok_hash,Controle+Saudavel||None||B3,train
B3 8hr_1_png.rf.txxSmsq228gvXlUcivy5.png,b3 8hr 1,HUVEC,8,B3 8hr 1.tiff,HUVEC/8h,Controle+Saudavel||None||B3,Controle+Saudavel,B3,None,HUVEC|None,,ok_hash,Controle+Saudavel||None||B3,train
B3 8HR 1_png.rf.6Vj56bqRTpLweyb6RKuh.png,b3 8hr 1,HUVEC,8,,,Controle+Saudavel||None||B3,Controle+Saudavel,B3,None,HUVEC|None,,ambigua_resolvida_por_fusao,Controle+Saudavel||None||B3,train
A2 12hr 2_png.rf.LZSQW45nx6ui5c5DjElv.png,a2 12hr 2,HUVEC,12,A2 12hr 2.tiff,HUVEC/12h,Controle+Saudavel||None||A2,Controle+Saudavel,A2,None,HUVEC|None,,ok_hash,Controle+Saudavel||None||A2,train
A2 12HR 2_png.rf.tXrld1QaxXbx1JWZQy7N.png,a2 12hr 2,HUVEC,12,A2 12hr 2.tiff,HUVEC/A2.TIFF,Controle+Saudavel||None||A2,Controle+Saudavel,A2,None,HUVEC|None,,ok_hash,Controle+Saudavel||None||A2,train
A2 12HR 2_png.rf.3dhTnd2ZF1zKT3cvy2au.png,a2 12hr 2,HUVEC,12,A2 12HR 2 (2).tiff,HUVEC/12h,Originais (1)||None||A2,Originais (1),A2,None,HUVEC|None,,ok_hash,SHARED__A2,val
B5 0hr 2_png.rf.If2IuTwPnX9XldLzwVK8.png,b5 0hr 2,HUVEC,0,,,Pré-Eclâmpsia||None||B5,Pré-Eclâmpsia,B5,None,HUVEC|None,,ok_nome_norm,Pré-Eclâmpsia||None||B5,test
B5 0HR 2_png.rf.MUU0CWJgRWrZIA9N0J2X.png,b5 0hr 2,HUVEC,0,B5 0HR 2 (2).tiff,HUVEC/0h,Originais (1)||None||B5,Originais (1),B5,None,HUVEC|None,,ok_hash,SHARED__B5,train
B5 0hr 2_png.rf.Mbtwmh8BRXDfa2NX4XQj.png,b5 0hr 2,HUVEC,0,B5 0hr 2.tiff,HUVEC/0h,Pré-Eclâmpsia||None||B5,Pré-Eclâmpsia,B5,None,HUVEC|None,,ok_hash,Pré-Eclâmpsia||None||B5,test
B5 0HR 2_png.rf.9vT6ovCVyNe6dvR4soOv.png,b5 0hr 2,HUVEC,0,,,Pré-Eclâmpsia||None||B5,Pré-Eclâmpsia,B5,None,HUVEC|None,,ok_nome_norm,Pré-Eclâmpsia||None||B5,test
A2 12hr_1_png.rf.6rEheJw5tSaKOU3wPVHa.png,a2 12hr 1,HUVEC,12,A2 12hr_1.tiff,HUVEC/12h,Controle+Saudavel||None||A2,Controle+Saudavel,A2,None,HUVEC|None,,ok_hash,Controle+Saudavel||None||A2,train
A2 12hr 1_png.rf.YNt3kQagLoSoQV5wSNXl.png,a2 12hr 1,HUVEC,12,A2 12hr 1.tiff,HUVEC/12h,Controle+Saudavel||None||A2,Controle+Saudavel,A2,None,HUVEC|None,,ok_hash,Controle+Saudavel||None||A2,train
A2 12HR 1_png.rf.zOnjlCgAe6Ku1WITrzJE.png,a2 12hr 1,HUVEC,12,A2 12HR 1 (2).tiff,HUVEC/12h,Originais (1)||None||A2,Originais (1),A2,None,HUVEC|None,,ok_hash,SHARED__A2,val
A2 12HR 1_png.rf.oEQlyOq4mvi3JdVRjcDN.png,a2 12hr 1,HUVEC,12,,,Controle+Saudavel||None||A2,Controle+Saudavel,A2,None,HUVEC|None,,ok_nome_norm,Controle+Saudavel||None||A2,train
D2 8HR 2_png.rf.C3Vh2MekC1rLcH3tPoI6.png,d2 8hr 2,HUVEC,8,D2 8HR 2 (2).tiff,HUVEC/8h,Originais (1)||None||D2,Originais (1),D2,None,HUVEC|None,,ok_hash,SHARED__D2,train
D2 8HR 2_png.rf.YcyTJYm2GVlCsfaBYmGr.png,d2 8hr 2,HUVEC,8,D2 8HR 2.tiff,HUVEC/8h,originais||None||D2,originais,D2,None,HUVEC|None,,ok_hash,SHARED__D2,train
B4 8HR 2_png.rf.8ZXNesln0KJyFcN0jnmJ.png,b4 8hr 2,HUVEC,8,B4 8HR 2 (2).tiff,HUVEC/8h,Originais (1)||None||B4,Originais (1),B4,None,HUVEC|None,,ok_hash,SHARED__B4,train
B4 8HR 2_png.rf.1obyWX2VOZmLG9pLiKQR.png,b4 8hr 2,HUVEC,8,B4 8HR 2.tiff,HUVEC/8h,originais||None||B4,originais,B4,None,HUVEC|None,,ok_hash,SHARED__B4,train
A4 8h 1_png.rf.wzNbwvhm0kl6bKa5E0vn.png,a4 8h 1,HUVEC,8,A4 8h 1.tiff,HUVEC/8h,Controle+Saudavel||None||A4,Controle+Saudavel,A4,None,HUVEC|None,,ok_hash,Controle+Saudavel||None||A4,train
A4 8H 1_png.rf.xYdpZhVubRh3iT6eQ8kR.png,a4 8h 1,HUVEC,8,A4 8H 1 (2).tiff,HUVEC/8h,LUIS RAW||PEP+MCC||A4,LUIS RAW,A4,PEP+MCC,HUVEC|PEP+MCC,,ok_hash,LUIS RAW||PEP+MCC||A4,val
A2 8hr 1_png.rf.4aLjXPuqHOVMkWPtoetx.png,a2 8hr 1,HUVEC,8,A2 8hr 1.tiff,HUVEC/8h,Controle+Saudavel||None||A2,Controle+Saudavel,A2,None,HUVEC|None,,ok_hash,Controle+Saudavel||None||A2,train
A2 8HR 1_png.rf.xwxfhZzqnfwRhWbm5XTm.png,a2 8hr 1,HUVEC,8,A2 8HR 1 (2).tiff,HUVEC/8h,Originais (1)||None||A2,Originais (1),A2,None,HUVEC|None,,ok_hash,SHARED__A2,val
A2 8HR 1_png.rf.sm0Tu7r9j7BYepnmxxKe.png,a2 8hr 1,HUVEC,8,,,Controle+Saudavel||None||A2,Controle+Saudavel,A2,None,HUVEC|None,,ok_nome_norm,Controle+Saudavel||None||A2,train
B1 8hr 1_png.rf.xNkp4JfkmuylOQerzD1Q.png,b1 8hr 1,HUVEC,8,B1 8hr 1.tiff,HUVEC/8h,Controle+Saudavel||None||B1,Controle+Saudavel,B1,None,HUVEC|None,,ok_hash,Controle+Saudavel||None||B1,test
B1 8HR 1_png.rf.9FGwh76Bow1u3ZnPlz20.png,b1 8hr 1,HUVEC,8,B1 8HR 1 (2).tiff,HUVEC/8h,Originais (1)||None||B1,Originais (1),B1,None,HUVEC|None,,ok_hash,SHARED__B1,train
B1 8hr 1_png.rf.pwZlWzk9sZA3CwldABe9.png,b1 8hr 1,HUVEC,8,,,Controle+Saudavel||None||B1,Controle+Saudavel,B1,None,HUVEC|None,,ok_nome_norm,Controle+Saudavel||None||B1,test
B1 8HR 1_png.rf.AMXvM5M5gyDuLKC5DTa9.png,b1 8hr 1,HUVEC,8,,,Controle+Saudavel||None||B1,Controle+Saudavel,B1,None,HUVEC|None,,ok_nome_norm,Controle+Saudavel||None||B1,test
A3 8h 2_png.rf.yUJVyfA3TgvQSnAssZvg.png,a3 8h 2,HUVEC,8,A3 8h 2.tiff,HUVEC/8h,Controle+Saudavel||None||A3,Controle+Saudavel,A3,None,HUVEC|None,,ok_hash,Controle+Saudavel||None||A3,train
A3 8H 2_png.rf.Jd8eqN8fihgALwNrv3MY.png,a3 8h 2,HUVEC,8,A3 8H 2 (4).tiff,HUVEC/8h,Migração (PET e PEP) n3 - RAW||None||A3,Migração (PET e PEP) n3 - RAW,A3,None,HUVEC|None,,ok_hash,Migração (PET e PEP) n3 - RAW||None||A3,train
A3 8H 2_png.rf.CmBhS871NJCTamYiDSzR.png,a3 8h 2,HUVEC,8,A3 8H 2 (3).tiff,HUVEC/8h,Migração (PET e PEP) n2 - RAW||PEP||A3,Migração (PET e PEP) n2 - RAW,A3,PEP,HUVEC|PEP,,ok_hash,Migração (PET e PEP) n2 - RAW||PEP||A3,train
A3 8H 2_png.rf.B5nEx5FtZ9JTiEjZrHJb.png,a3 8h 2,HUVEC,8,A3 8H 2 (2).tiff,HUVEC/8h,LUIS RAW||PEP+GB||A3,LUIS RAW,A3,PEP+GB,HUVEC|PEP+GB,,ok_hash,LUIS RAW||PEP+GB||A3,val
Snap-48_5_png.rf.cqWnY0bh8WHNUbPpOr1X.png,snap-48,SKOV,48,Snap-48.tiff,SKOV/48h,P2|CARBO+GEO|F2,P2,F2,CARBO+GEO,P2|CARBO+GEO,,ok_hash,P2|CARBO+GEO|F2,val
Snap-48_png.rf.gFj32XMP1AE8ivadgFZ2.png,snap-48,SKOV,0,Snap-48.tiff,SKOV/0h,P2|CARBO+GEO|F2,P2,F2,CARBO+GEO,P2|CARBO+GEO,,ok_hash,P2|CARBO+GEO|F2,val
Snap-48_263_png.rf.m3ZXyMmPHbQPpj19hAhv.png,snap-48,SKOV,72,Snap-48.tiff,SKOV/72h,P1|GEO+PTX|F13,P1,F13,GEO+PTX,P1|GEO+PTX,,ok_hash,P1|GEO+PTX|F13,train
Snap-48_110_png.rf.6W4SsaL8UNRSLJ5llLr8.png,snap-48,SKOV,24,Snap-48.tiff,SKOV/24h,P2|CARBO+GEO|F2,P2,F2,CARBO+GEO,P2|CARBO+GEO,,ok_hash,P2|CARBO+GEO|F2,val
Snap-48_214_png.rf.W39NuOZewyYyiyIabBmm.png,snap-48,SKOV,24,Snap-48 (2).tiff,SKOV/24h,P1|GEO+PTX|F2,P1,F2,GEO+PTX,P1|GEO+PTX,,ok_hash,P1|GEO+PTX|F2,val
Snap-48_154_png.rf.V7qG7LsfdmdR0HUAFpGy.png,snap-48,SKOV,48,Snap-48 (2).tiff,SKOV/48h,P1|GEO+PTX|F2,P1,F2,GEO+PTX,P1|GEO+PTX,,ok_hash,P1|GEO+PTX|F2,val
D2 24HR 1_png.rf.0Jc5AqWrC0xlQHOOQxyb.png,d2 24hr 1,HUVEC,24,D2 24HR 1 (2).tiff,HUVEC/24h,Originais (1)||None||D2,Originais (1),D2,None,HUVEC|None,,ok_hash,SHARED__D2,train
D2 24HR 1_png.rf.kDCpBVsZKPoWXu9h8Ot1.png,d2 24hr 1,HUVEC,24,D2 24HR 1.tiff,HUVEC/24h,originais||None||D2,originais,D2,None,HUVEC|None,,ok_hash,SHARED__D2,train
B2 8hr 1_png.rf.OXjyxpLiDUhYtlxAYXfv.png,b2 8hr 1,HUVEC,8,,,Controle+Saudavel||None||B2,Controle+Saudavel,B2,None,HUVEC|None,,ambigua_resolvida_por_fusao,Controle+Saudavel||None||B2,train
B2 8hr 1_png.rf.vGxP5rZkLK5MWiN0XW6M.png,b2 8hr 1,HUVEC,8,,,Controle+Saudavel||None||B2,Controle+Saudavel,B2,None,HUVEC|None,,ambigua_resolvida_por_fusao,Controle+Saudavel||None||B2,train
B2 8HR 1_png.rf.lg2ZKkivuwGiadmG9MEX.png,b2 8hr 1,HUVEC,8,B2 8HR 1 (2).tiff,HUVEC/8h,Originais (1)||None||B2,Originais (1),B2,None,HUVEC|None,,ok_hash,SHARED__B2,test
B2 8hr_1_png.rf.gJVngl5zbziuDPotvty9.png,b2 8hr 1,HUVEC,8,B2 8hr_1.tiff,HUVEC/8h,Controle+Saudavel||None||B2,Controle+Saudavel,B2,None,HUVEC|None,,ok_hash,Controle+Saudavel||None||B2,train
B2 8hr 1_png.rf.wqLelQqFzkxSN8knUxYi.png,b2 8hr 1,HUVEC,8,B2 8hr 1 (1).tiff,HUVEC/8h,Controle+Saudavel||None||B2,Controle+Saudavel,B2,None,HUVEC|None,,ok_hash,Controle+Saudavel||None||B2,train
B2 8hr 1_png.rf.9Dk92mCSquMPc3aIhMLS.png,b2 8hr 1,HUVEC,8,,,Controle+Saudavel||None||B2,Controle+Saudavel,B2,None,HUVEC|None,,ambigua_resolvida_por_fusao,Controle+Saudavel||None||B2,train
B2 8HR 1_png.rf.yDRw8b992nssA36AG9VH.png,b2 8hr 1,HUVEC,8,B2 8hr 1.tiff,HUVEC/8h,Controle+Saudavel||None||B2,Controle+Saudavel,B2,None,HUVEC|None,,ok_hash,Controle+Saudavel||None||B2,train
C6 8HR 1_png.rf.LzXYa6hwLhDPIyF9Vnhm.png,c6 8hr 1,HUVEC,8,C6 8HR 1.tiff,HUVEC/8h,Originais (1)||None||C6,Originais (1),C6,None,HUVEC|None,,ok_hash,Originais (1)||None||C6,val
B1_8hr 2_png.rf.XKx5gS3ghJ7c4u8nIxAL.png,b1 8hr 2,HUVEC,8,B1_8hr 2.tiff,HUVEC/8h,Controle+Saudavel||None||B1,Controle+Saudavel,B1,None,HUVEC|None,,ok_hash,Controle+Saudavel||None||B1,test
B1 8hr 2_png.rf.L73Y3X4Dx7HELGkPVNlg.png,b1 8hr 2,HUVEC,8,,,Controle+Saudavel||None||B1,Controle+Saudavel,B1,None,HUVEC|None,,ok_nome_norm,Controle+Saudavel||None||B1,test
B1 8HR 2_png.rf.QL7rySDMj4R5jb45K8vq.png,b1 8hr 2,HUVEC,8,B1 8HR 2 (2).tiff,HUVEC/8h,Originais (1)||None||B1,Originais (1),B1,None,HUVEC|None,,ok_hash,SHARED__B1,train
B1 8HR 2_png.rf.QKXzmdKQE41ccuWFgbwS.png,b1 8hr 2,HUVEC,8,B1 8hr 2.tiff,HUVEC/8h,Controle+Saudavel||None||B1,Controle+Saudavel,B1,None,HUVEC|None,,ok_hash,Controle+Saudavel||None||B1,test
Snap-58_209_png.rf.dbUw0s4aSvUw7mzdslRe.png,snap-58,SKOV,24,Snap-58 (2).tiff,SKOV/24h,P1|GEO+PTX|F12,P1,F12,GEO+PTX,P1|GEO+PTX,,ok_hash,P1|GEO+PTX|F12,test
Snap-58_png.rf.5bdBujv1yq4UbPqw35L3.png,snap-58,SKOV,0,Snap-58.tiff,SKOV/0h,P2|CARBO+GEO|F12,P2,F12,CARBO+GEO,P2|CARBO+GEO,,ok_hash,P2|CARBO+GEO|F12,train
Snap-58_105_png.rf.S6dGBs8nCJirevpjONB2.png,snap-58,SKOV,24,Snap-58.tiff,SKOV/24h,P2|CARBO+GEO|F12,P2,F12,CARBO+GEO,P2|CARBO+GEO,,ok_hash,P2|CARBO+GEO|F12,train
Snap-58_149_png.rf.gGNFmJIkalAHR9rJANe3.png,snap-58,SKOV,48,Snap-58 (2).tiff,SKOV/48h,P1|GEO+PTX|F12,P1,F12,GEO+PTX,P1|GEO+PTX,,ok_hash,P1|GEO+PTX|F12,test
Snap-58_0_png.rf.LwKLpPTz09rttth9yXyJ.png,snap-58,SKOV,48,Snap-58.tiff,SKOV/48h,P2|CARBO+GEO|F12,P2,F12,CARBO+GEO,P2|CARBO+GEO,,ok_hash,P2|CARBO+GEO|F12,train
B3 8HR 2_png.rf.0ng2hlYGkGmIuFw7pcZV.png,b3 8hr 2,HUVEC,8,B3 8HR 2 (2).tiff,HUVEC/8h,Originais (1)||None||B3,Originais (1),B3,None,HUVEC|None,,ok_hash,SHARED__B3,train
B3 8HR 2_png.rf.y0RoLUIBqx2jlBm8spIT.png,b3 8hr 2,HUVEC,8,B3 8HR 2.tiff,HUVEC/8h,originais||None||B3,originais,B3,None,HUVEC|None,,ok_hash,SHARED__B3,train
A1 24HR 1_png.rf.1ApDRLrpQqSCaPcShIOu.png,a1 24hr 1,HUVEC,24,A1 24HR 1 (2).tiff,HUVEC/24h,Originais (1)||None||A1,Originais (1),A1,None,HUVEC|None,,ok_hash,SHARED__A1,test
A1 24hr 1_png.rf.LkrEN1mHJhJhYU2lmydg.png,a1 24hr 1,HUVEC,24,A1 24hr 1.tiff,HUVEC/24h,Controle+Saudavel||None||A1,Controle+Saudavel,A1,None,HUVEC|None,,ok_hash,Controle+Saudavel||None||A1,val
A1 24HR 1_png.rf.psHGzfQFFYu0q9OMf12P.png,a1 24hr 1,HUVEC,24,,,Controle+Saudavel||None||A1,Controle+Saudavel,A1,None,HUVEC|None,,ok_nome_norm,Controle+Saudavel||None||A1,val
Snap-59_152_png.rf.epaimzc0srccqJG6nJAH.png,snap-59,SKOV,48,Snap-59 (2).tiff,SKOV/48h,P1|GEO+PTX|F13,P1,F13,GEO+PTX,P1|GEO+PTX,,ok_hash,P1|GEO+PTX|F13,train
Snap-59_png.rf.QAzP72FtBpszeTf2Mrk5.png,snap-59,SKOV,0,Snap-59.tiff,SKOV/0h,P2|CARBO+GEO|F13,P2,F13,CARBO+GEO,P2|CARBO+GEO,,ok_hash,P2|CARBO+GEO|F13,train
Snap-59_108_png.rf.pcjqa4byhXHVWqchoMza.png,snap-59,SKOV,24,Snap-59.tiff,SKOV/24h,P2|CARBO+GEO|F13,P2,F13,CARBO+GEO,P2|CARBO+GEO,,ok_hash,P2|CARBO+GEO|F13,train
Snap-59_3_png.rf.GOvQjtVZo8TiQHDmnSM2.png,snap-59,SKOV,48,Snap-59.tiff,SKOV/48h,P2|CARBO+GEO|F13,P2,F13,CARBO+GEO,P2|CARBO+GEO,,ok_hash,P2|CARBO+GEO|F13,train
Snap-59_212_png.rf.mFpPNMwFcq90Zp1o20IQ.png,snap-59,SKOV,24,Snap-59 (2).tiff,SKOV/24h,P1|GEO+PTX|F13,P1,F13,GEO+PTX,P1|GEO+PTX,,ok_hash,P1|GEO+PTX|F13,train
Snap-09_140_png.rf.MLfBljl6KhYw7N82HEXA.png,snap-9,SKOV,48,Snap-09 (2).tiff,SKOV/48h,P1|CT|F9,P1,F9,CT,P1|CT,,ok_hash,P1|CT|F9,train
Snap-09_245_png.rf.Sk2QN2VbMrtgID67t9q5.png,snap-9,SKOV,72,Snap-09.tiff,SKOV/72h,P1|PTX|F4,P1,F4,PTX,P1|PTX,,ok_hash,P1|PTX|F4,train
Snap-09_200_png.rf.T1DuJr60ClWyEIrNPE9K.png,snap-9,SKOV,24,Snap-09 (2).tiff,SKOV/24h,P1|CT|F8,P1,F8,CT,P1|CT,,ok_hash,P1|CT|F8,train
Snap-09_21_png.rf.eX9WeCW8GgIO8pb44zNf.png,snap-9,SKOV,48,Snap-09.tiff,SKOV/48h,P2|CT|F9,P2,F9,CT,P2|CT,,ok_hash,P2|CT|F9,train
Snap-09_png.rf.8rxFGfmpj3ofgVOjtLkE.png,snap-9,SKOV,0,Snap-09.tiff,SKOV/0h,P2|CT|F8,P2,F8,CT,P2|CT,,ok_hash,P2|CT|F8,train
Snap-09_66_png.rf.DXbLfCegxmVs4TDoenmh.png,snap-9,SKOV,24,Snap-09.tiff,SKOV/24h,P2|CT|F9,P2,F9,CT,P2|CT,,ok_hash,P2|CT|F9,train
A2 24HR 2_png.rf.7v4xBMHObHaA3NuLPSjm.png,a2 24hr 2,HUVEC,24,A2 24HR 2 (2).tiff,HUVEC/24h,Originais (1)||None||A2,Originais (1),A2,None,HUVEC|None,,ok_hash,SHARED__A2,val
A2 24HR 2_png.rf.BDWEbOGVMFPOsxkHkO6A.png,a2 24hr 2,HUVEC,24,A2 24HR 2.tiff,HUVEC/24h,originais||None||A2,originais,A2,None,HUVEC|None,,ok_hash,SHARED__A2,val
C4 8HR 1_png.rf.SWDpLEy94U9PmlA9XW2A.png,c4 8hr 1,HUVEC,8,C4 8HR 1.tiff,HUVEC/8h,Originais (1)||None||C4,Originais (1),C4,None,HUVEC|None,,ok_hash,Originais (1)||None||C4,train
Snap-52_153_png.rf.jWozliFwqBh7FtxPjDhr.png,snap-52,SKOV,48,Snap-52 (2).tiff,SKOV/48h,P1|GEO+PTX|F6,P1,F6,GEO+PTX,P1|GEO+PTX,,ok_hash,P1|GEO+PTX|F6,test
Snap-52_109_png.rf.uchITFihZ7aBNqGdXlak.png,snap-52,SKOV,24,Snap-52.tiff,SKOV/24h,P2|CARBO+GEO|F6,P2,F6,CARBO+GEO,P2|CARBO+GEO,,ok_hash,P2|CARBO+GEO|F6,test
Snap-52_213_png.rf.YrkkVK1Bonf3TxwPZWyE.png,snap-52,SKOV,24,Snap-52 (2).tiff,SKOV/24h,P1|GEO+PTX|F6,P1,F6,GEO+PTX,P1|GEO+PTX,,ok_hash,P1|GEO+PTX|F6,test
Snap-52_png.rf.quPTO48loQ0BH1YV5D1Z.png,snap-52,SKOV,0,Snap-52.tiff,SKOV/0h,P2|CARBO+GEO|F6,P2,F6,CARBO+GEO,P2|CARBO+GEO,,ok_hash,P2|CARBO+GEO|F6,test
Snap-52_4_png.rf.QgOXnOk246Qj4V3lKXiq.png,snap-52,SKOV,48,Snap-52.tiff,SKOV/48h,P2|CARBO+GEO|F6,P2,F6,CARBO+GEO,P2|CARBO+GEO,,ok_hash,P2|CARBO+GEO|F6,test
C8 24HR 2_png.rf.89emK7tbJ4ArtvPfDi2F.png,c8 24hr 2,HUVEC,24,C8 24HR 2.tiff,HUVEC/24h,Originais (1)||None||C8,Originais (1),C8,None,HUVEC|None,,ok_hash,Originais (1)||None||C8,train
Snap-12_143_png.rf.Rm5zxWJpiG4cZ3oTCpJH.png,snap-12,SKOV,48,Snap-12 (2).tiff,SKOV/48h,P1|CT|F12,P1,F12,CT,P1|CT,,ok_hash,P1|CT|F12,train
Snap-12_69_png.rf.WicraKQ0CdhUH1IJtnIT.png,snap-12,SKOV,24,Snap-12.tiff,SKOV/24h,P2|CT|F12,P2,F12,CT,P2|CT,,ok_hash,P2|CT|F12,train
Snap-12_24_png.rf.Ru6LnkVq8ptg2oaXuud7.png,snap-12,SKOV,48,Snap-12.tiff,SKOV/48h,P2|CT|F12,P2,F12,CT,P2|CT,,ok_hash,P2|CT|F12,train
Snap-12_247_png.rf.bejYN9qav9OwHOvHDtwA.png,snap-12,SKOV,72,Snap-12.tiff,SKOV/72h,P1|PTX|F7,P1,F7,PTX,P1|PTX,,ok_hash,P1|PTX|F7,train
Snap-12_203_png.rf.JEql0PcElKuzYrOsXGDk.png,snap-12,SKOV,24,Snap-12 (2).tiff,SKOV/24h,P1|CT|F11,P1,F11,CT,P1|CT,,ok_hash,P1|CT|F11,train
Snap-12_png.rf.JaRx2jnw5N6x11Hp0geO.png,snap-12,SKOV,0,Snap-12.tiff,SKOV/0h,P2|CT|F11,P2,F11,CT,P2|CT,,ok_hash,P2|CT|F11,test
A3 24HR _png.rf.5mOrWeoDdCbiHpmsULlx.png,a3 24hr,HUVEC,24,A3 24HR .tiff,HUVEC/24h,Originais (1)||None||A3,Originais (1),A3,None,HUVEC|None,,ok_hash,SHARED__A3,train
A4 12hr 1_png.rf.XWAGCiM6UOAh8GvapFEg.png,a4 12hr 1,HUVEC,12,A4 12hr 1.tiff,HUVEC/12h,Controle+Saudavel||None||A4,Controle+Saudavel,A4,None,HUVEC|None,,ok_hash,Controle+Saudavel||None||A4,train
A4 12HR 1_png.rf.dBXjee0yNJkn5uvIsedn.png,a4 12hr 1,HUVEC,12,A4 12HR 1 (2).tiff,HUVEC/12h,Originais (1)||None||A4,Originais (1),A4,None,HUVEC|None,,ok_hash,SHARED__A4,train
A4 12HR 1_png.rf.QTYICw9XjNE9ky97j1dh.png,a4 12hr 1,HUVEC,12,,,Controle+Saudavel||None||A4,Controle+Saudavel,A4,None,HUVEC|None,,ok_nome_norm,Controle+Saudavel||None||A4,train
B8 8H 1_png.rf.aR8jpRAFVNgRDwOjlUoR.png,b8 8h 1,HUVEC,8,B8 8H 1.tiff,HUVEC/8h,LUIS RAW||PEP+MCC||B8,LUIS RAW,B8,PEP+MCC,HUVEC|PEP+MCC,,ok_hash,LUIS RAW||PEP+MCC||B8,train
B8 0H 1_png.rf.VRh7efysiNi7AJTUXkt0.png,b8 0h 1,HUVEC,0,B8 0H 1.tiff,HUVEC/0h,LUIS RAW||PEP+MCC||B8,LUIS RAW,B8,PEP+MCC,HUVEC|PEP+MCC,,ok_hash,LUIS RAW||PEP+MCC||B8,train
C7 8HR 2_png.rf.2dvwHn7EvY990K3vz72Z.png,c7 8hr 2,HUVEC,8,C7 8HR 2 (2).tiff,HUVEC/8h,Originais (1)||None||C7,Originais (1),C7,None,HUVEC|None,,ok_hash,Originais (1)||None||C7,train
C7 8hr 2_png.rf.V0K6p7rMxYZjaTtmW246.png,c7 8hr 2,HUVEC,8,C7 8hr 2.tiff,HUVEC/8h,Pré-Eclâmpsia||None||C7,Pré-Eclâmpsia,C7,None,HUVEC|None,,ok_hash,Pré-Eclâmpsia||None||C7,train
D3 0HR 2_png.rf.xg8UuwFd0AAbsMueldhL.png,d3 0hr 2,HUVEC,0,D3 0HR 2 (2).tiff,HUVEC/0h,Originais (1)||None||D3,Originais (1),D3,None,HUVEC|None,,ok_hash,SHARED__D3,train
D3 0HR 2_png.rf.j8JuVxL68QInkMt5FJpM.png,d3 0hr 2,HUVEC,0,D3 0HR 2.tiff,HUVEC/0h,originais||None||D3,originais,D3,None,HUVEC|None,,ok_hash,SHARED__D3,train
Snap-08_246_png.rf.RqnG5jTrBo52eftjs5DV.png,snap-8,SKOV,72,Snap-08.tiff,SKOV/72h,P1|PTX|F3,P1,F3,PTX,P1|PTX,,ok_hash,P1|PTX|F3,val
Snap-08_201_png.rf.chUbIWmSPfojmz0KJLAC.png,snap-8,SKOV,24,Snap-08 (2).tiff,SKOV/24h,P1|CT|F7,P1,F7,CT,P1|CT,,ok_hash,P1|CT|F7,val
Snap-08_67_png.rf.pJTf39K2wKaqnC1k9jIb.png,snap-8,SKOV,24,Snap-08.tiff,SKOV/24h,P2|CT|F8,P2,F8,CT,P2|CT,,ok_hash,P2|CT|F8,train
Snap-08_141_png.rf.xxwXm4vgaTgEnxfrDBvk.png,snap-8,SKOV,48,Snap-08 (2).tiff,SKOV/48h,P1|CT|F8,P1,F8,CT,P1|CT,,ok_hash,P1|CT|F8,train
Snap-08_png.rf.nMSmGWytV5eO27dMe1ee.png,snap-8,SKOV,0,Snap-08.tiff,SKOV/0h,P2|CT|F7,P2,F7,CT,P2|CT,,ok_hash,P2|CT|F7,train
Snap-08_22_png.rf.GCWDDmkNJNGxWqA6yAIT.png,snap-8,SKOV,48,Snap-08.tiff,SKOV/48h,P2|CT|F8,P2,F8,CT,P2|CT,,ok_hash,P2|CT|F8,train
C8 8hr 1_png.rf.9Nm17LTxJEYER3hsq1MI.png,c8 8hr 1,HUVEC,8,C8 8hr 1.tiff,HUVEC/8h,Pré-Eclâmpsia||None||C8,Pré-Eclâmpsia,C8,None,HUVEC|None,,ok_hash,Pré-Eclâmpsia||None||C8,train
C8 8HR 1_png.rf.D6drV1sVRsS2i9BLf4Zq.png,c8 8hr 1,HUVEC,8,C8 8HR 1 (2).tiff,HUVEC/8h,Originais (1)||None||C8,Originais (1),C8,None,HUVEC|None,,ok_hash,Originais (1)||None||C8,train
Snap-55_png.rf.mdqwr9JeLjcb6ofmfYgj.png,snap-55,SKOV,0,Snap-55.tiff,SKOV/0h,P2|CARBO+GEO|F9,P2,F9,CARBO+GEO,P2|CARBO+GEO,,ok_hash,P2|CARBO+GEO|F9,train
Snap-55_151_png.rf.HB3SBxZfAuHyuw16MFoY.png,snap-55,SKOV,48,Snap-55 (2).tiff,SKOV/48h,P1|GEO+PTX|F9,P1,F9,GEO+PTX,P1|GEO+PTX,,ok_hash,P1|GEO+PTX|F9,train
Snap-55_2_png.rf.yBgBsBStUWm9nrHoWzT9.png,snap-55,SKOV,48,Snap-55.tiff,SKOV/48h,P2|CARBO+GEO|F9,P2,F9,CARBO+GEO,P2|CARBO+GEO,,ok_hash,P2|CARBO+GEO|F9,train
Snap-55_211_png.rf.EPNfhr87AJkv5f9UxEy5.png,snap-55,SKOV,24,Snap-55 (2).tiff,SKOV/24h,P1|GEO+PTX|F9,P1,F9,GEO+PTX,P1|GEO+PTX,,ok_hash,P1|GEO+PTX|F9,train
Snap-55_107_png.rf.sR9Ln7DKRgZ1U7IHe31n.png,snap-55,SKOV,24,Snap-55.tiff,SKOV/24h,P2|CARBO+GEO|F9,P2,F9,CARBO+GEO,P2|CARBO+GEO,,ok_hash,P2|CARBO+GEO|F9,train
C2 8hr 2_png.rf.rQVAAegUPaNnrnxfZwFG.png,c2 8hr 2,HUVEC,8,C2 8hr 2.tiff,HUVEC/8h,Pré-Eclâmpsia||None||C2,Pré-Eclâmpsia,C2,None,HUVEC|None,,ok_hash,Pré-Eclâmpsia||None||C2,train
C2 8HR 2_png.rf.FAjaOYFoSVkGWqoTepQb.png,c2 8hr 2,HUVEC,8,C2 8HR 2 (2).tiff,HUVEC/8h,Originais (1)||None||C2,Originais (1),C2,None,HUVEC|None,,ok_hash,Originais (1)||None||C2,train
Snap-50_217_png.rf.rf55ujFurc07N7cDRLSR.png,snap-50,SKOV,24,Snap-50 (2).tiff,SKOV/24h,P1|GEO+PTX|F4,P1,F4,GEO+PTX,P1|GEO+PTX,,ok_hash,P1|GEO+PTX|F4,val
Snap-50_8_png.rf.GllVB6GPGv2m6wnXP8At.png,snap-50,SKOV,48,Snap-50.tiff,SKOV/48h,P2|CARBO+GEO|F4,P2,F4,CARBO+GEO,P2|CARBO+GEO,,ok_hash,P2|CARBO+GEO|F4,train
Snap-50_113_png.rf.tvrHilkt9qEzTsmrzhEz.png,snap-50,SKOV,24,Snap-50.tiff,SKOV/24h,P2|CARBO+GEO|F4,P2,F4,CARBO+GEO,P2|CARBO+GEO,,ok_hash,P2|CARBO+GEO|F4,train
Snap-50_157_png.rf.O8bQtgrO9JA4I4wWYrex.png,snap-50,SKOV,48,Snap-50 (2).tiff,SKOV/48h,P1|GEO+PTX|F4,P1,F4,GEO+PTX,P1|GEO+PTX,,ok_hash,P1|GEO+PTX|F4,val
Snap-50_png.rf.HA7jd2gx3sJmNEaL5hJZ.png,snap-50,SKOV,0,Snap-50.tiff,SKOV/0h,P2|CARBO+GEO|F4,P2,F4,CARBO+GEO,P2|CARBO+GEO,,ok_hash,P2|CARBO+GEO|F4,train
B8 12hr 1_png.rf.shTHCf0lYwAgMJRKyceK.png,b8 12hr 1,HUVEC,12,B8 12hr 1.tiff,HUVEC/12h,Pré-Eclâmpsia||None||B8,Pré-Eclâmpsia,B8,None,HUVEC|None,,ok_hash,Pré-Eclâmpsia||None||B8,train
B8 12hr 1_png.rf.iih8Y7cF2NixGIHCxYM5.png,b8 12hr 1,HUVEC,12,,,Pré-Eclâmpsia||None||B8,Pré-Eclâmpsia,B8,None,HUVEC|None,,ok_nome_norm,Pré-Eclâmpsia||None||B8,train
B8 12HR 1_png.rf.nI0MDsT82HP4ly7A64T9.png,b8 12hr 1,HUVEC,12,,,Pré-Eclâmpsia||None||B8,Pré-Eclâmpsia,B8,None,HUVEC|None,,ok_nome_norm,Pré-Eclâmpsia||None||B8,train
B8 12HR 1_png.rf.nFJGtYupFefeBl1Usry3.png,b8 12hr 1,HUVEC,12,B8 12HR 1 (2).tiff,HUVEC/12h,Originais (1)||None||B8,Originais (1),B8,None,HUVEC|None,,ok_hash,SHARED__B8,train
C1 24HR 2_png.rf.9exsonf957zV0aCSSZs8.png,c1 24hr 2,HUVEC,24,C1 24HR 2.tiff,HUVEC/24h,Originais (1)||None||C1,Originais (1),C1,None,HUVEC|None,,ok_hash,Originais (1)||None||C1,val
C3 24HR 1_png.rf.pZgJEEa8LXWK8obYVuEZ.png,c3 24hr 1,HUVEC,24,C3 24HR 1.tiff,HUVEC/24h,Originais (1)||None||C3,Originais (1),C3,None,HUVEC|None,,ok_hash,Originais (1)||None||C3,train
B7 12HR 1_png.rf.tQR8sr43YTBxjNYm3tqF.png,b7 12hr 1,HUVEC,12,B7 12HR 1 (2).tiff,HUVEC/12h,Originais (1)||None||B7,Originais (1),B7,None,HUVEC|None,,ok_hash,SHARED__B7,val
B7 12hr 1_png.rf.hlhcADdzO6iuhfQES5Fp.png,b7 12hr 1,HUVEC,12,B7 12hr 1.tiff,HUVEC/12h,Controle+Saudavel||None||B7,Controle+Saudavel,B7,None,HUVEC|None,,ok_hash,Controle+Saudavel||None||B7,val
B7 12HR 1_png.rf.ctLu7rRENpG6jwIQGRSW.png,b7 12hr 1,HUVEC,12,,,Controle+Saudavel||None||B7,Controle+Saudavel,B7,None,HUVEC|None,,ok_nome_norm,Controle+Saudavel||None||B7,val
B8 12HR 2_png.rf.CgwPldETMq6VOYEZmUsY.png,b8 12hr 2,HUVEC,12,B8 12HR 2 (2).tiff,HUVEC/12h,Originais (1)||None||B8,Originais (1),B8,None,HUVEC|None,,ok_hash,SHARED__B8,train
B8 12hr 2_png.rf.hBBqPLy4yOa4aCEa6DvE.png,b8 12hr 2,HUVEC,12,B8 12hr 2.tiff,HUVEC/12h,Controle+Saudavel||None||B8,Controle+Saudavel,B8,None,HUVEC|None,,ok_hash,Controle+Saudavel||None||B8,val
B8 12HR 2_png.rf.9iYVx629UA8lYga7s72P.png,b8 12hr 2,HUVEC,12,,,Controle+Saudavel||None||B8,Controle+Saudavel,B8,None,HUVEC|None,,ok_nome_norm,Controle+Saudavel||None||B8,val
A1 24HR 2_png.rf.8ZCo4suYfwAmYJVAdrgi.png,a1 24hr 2,HUVEC,24,A1 24HR 2 (2).tiff,HUVEC/24h,Originais (1)||None||A1,Originais (1),A1,None,HUVEC|None,,ok_hash,SHARED__A1,test
A1 24HR 2_png.rf.QvfIHR0lQkYJbWTuhsBX.png,a1 24hr 2,HUVEC,24,A1 24HR 2.tiff,HUVEC/24h,originais||None||A1,originais,A1,None,HUVEC|None,,ok_hash,SHARED__A1,test
C7 8HR 1_png.rf.BLjG0NJpvYU22o7jYGgz.png,c7 8hr 1,HUVEC,8,C7 8HR 1 (2).tiff,HUVEC/8h,Originais (1)||None||C7,Originais (1),C7,None,HUVEC|None,,ok_hash,Originais (1)||None||C7,train
C7 8hr 1_png.rf.G3Sj8OMnkq6nHC5SOjbi.png,c7 8hr 1,HUVEC,8,C7 8hr 1.tiff,HUVEC/8h,Pré-Eclâmpsia||None||C7,Pré-Eclâmpsia,C7,None,HUVEC|None,,ok_hash,Pré-Eclâmpsia||None||C7,train
A5 0HR 2_png.rf.C9gm2A2fkupz9aW1u7b9.png,a5 0hr 2,HUVEC,0,A5 0HR 2 (2).tiff,HUVEC/0h,Originais (1)||None||A5,Originais (1),A5,None,HUVEC|None,,ok_hash,SHARED__A5,train
A5 0hr 2_png.rf.VU7ZStUnMIZCuBrc6l0k.png,a5 0hr 2,HUVEC,0,A5 0hr 2.tiff,HUVEC/0h,Pré-Eclâmpsia||None||A5,Pré-Eclâmpsia,A5,None,HUVEC|None,,ok_hash,Pré-Eclâmpsia||None||A5,train
A5 0HR 2_png.rf.Y8g6msImi3FtQjKV3Wp9.png,a5 0hr 2,HUVEC,0,,,Pré-Eclâmpsia||None||A5,Pré-Eclâmpsia,A5,None,HUVEC|None,,ok_nome_norm,Pré-Eclâmpsia||None||A5,train
A5 0hr_2_png.rf.JluxUjNY7fGnBncqTfdq.png,a5 0hr 2,HUVEC,0,A5 0hr_2.tiff,HUVEC/0h,Pré-Eclâmpsia||None||A5,Pré-Eclâmpsia,A5,None,HUVEC|None,,ok_hash,Pré-Eclâmpsia||None||A5,train
C5 0HR 1_png.rf.Eq08r4rsYSmeLWqDM8ss.png,c5 0hr 1,HUVEC,0,C5 0HR 1.tiff,HUVEC/0h,Originais (1)||None||C5,Originais (1),C5,None,HUVEC|None,,ok_hash,Originais (1)||None||C5,train
B1 12hr 1_png.rf.Basp8dmX2exqZZBqydBx.png,b1 12hr 1,HUVEC,12,,,Controle+Saudavel||None||B1,Controle+Saudavel,B1,None,HUVEC|None,,ambigua_resolvida_por_fusao,Controle+Saudavel||None||B1,test
B1 12hr 1_png.rf.sRUPpw6VBKsEL7UWcuqg.png,b1 12hr 1,HUVEC,12,B1 12hr 1.tiff,HUVEC/12h,Controle+Saudavel||None||B1,Controle+Saudavel,B1,None,HUVEC|None,,ok_hash,Controle+Saudavel||None||B1,test
B1 12hr_1_png.rf.dB4OztvLmzVa4BGq5jCN.png,b1 12hr 1,HUVEC,12,B1 12hr_1.tiff,HUVEC/12h,Controle+Saudavel||None||B1,Controle+Saudavel,B1,None,HUVEC|None,,ok_hash,Controle+Saudavel||None||B1,test
B1 12hr 1_png.rf.MkOpH7SVtG5q4EYuFmK2.png,b1 12hr 1,HUVEC,12,,,Controle+Saudavel||None||B1,Controle+Saudavel,B1,None,HUVEC|None,,ambigua_resolvida_por_fusao,Controle+Saudavel||None||B1,test
B1 12HR 1_png.rf.iGQ0raXb1cPFjLpTE8Qs.png,b1 12hr 1,HUVEC,12,,,Controle+Saudavel||None||B1,Controle+Saudavel,B1,None,HUVEC|None,,ambigua_resolvida_por_fusao,Controle+Saudavel||None||B1,test
B1 12HR 1_png.rf.huPp6MA4TKEZBcGXSoLi.png,b1 12hr 1,HUVEC,12,B1 12HR 1 (2).tiff,HUVEC/12h,Originais (1)||None||B1,Originais (1),B1,None,HUVEC|None,,ok_hash,SHARED__B1,train
ct3_5_png.rf.rPD7kpqEkJ4PcSKpPkrP.png,ct3 5,SKOV,0,ct3_5.tiff,SKOV/0h,P1|CT|F15,P1,F15,CT,P1|CT,,ok_hash,P1|CT|F15,train
B3 24h 1_png.rf.o0oNoNvk37LqpagxxqVo.png,b3 24h 1,HUVEC,24,B3 24h 1.tiff,HUVEC/24h,Pré-Eclâmpsia||None||B3,Pré-Eclâmpsia,B3,None,HUVEC|None,,ok_hash,Pré-Eclâmpsia||None||B3,test
B3 24H 1_png.rf.LPAu1wd0tAJfBCssFalf.png,b3 24h 1,HUVEC,24,B3 24H 1 (2).tiff,HUVEC/24h,LUIS RAW||PEP+GB||B3,LUIS RAW,B3,PEP+GB,HUVEC|PEP+GB,,ok_hash,LUIS RAW||PEP+GB||B3,train
B3 24h 1_png.rf.gZIWOhlU4NcXdxLLJJZ2.png,b3 24h 1,HUVEC,24,,,Pré-Eclâmpsia||None||B3,Pré-Eclâmpsia,B3,None,HUVEC|None,,ok_nome_norm,Pré-Eclâmpsia||None||B3,test
B3 24H 1_png.rf.qfRsFXKWsC6TWRFF9Taw.png,b3 24h 1,HUVEC,24,B3 24H 1 (5).tiff,HUVEC/24h,Migração (PET e PEP) n3 - RAW||None||B3,Migração (PET e PEP) n3 - RAW,B3,None,HUVEC|None,,ok_hash,Migração (PET e PEP) n3 - RAW||None||B3,train
B3 24H 1_png.rf.k1iUYr5vYuEMBpfuVe2f.png,b3 24h 1,HUVEC,24,B3 24H 1 (3).tiff,HUVEC/24h,Migração (PET e PEP) n1 - RAW||PEP||B3,Migração (PET e PEP) n1 - RAW,B3,PEP,HUVEC|PEP,,ok_hash,Migração (PET e PEP) n1 - RAW||PEP||B3,train
B3 24H 1_png.rf.2JmsG9wGoR29jy6DRUHa.png,b3 24h 1,HUVEC,24,B3 24H 1 (4).tiff,HUVEC/24h,Migração (PET e PEP) n2 - RAW||PEP + NEB 5uM||B3,Migração (PET e PEP) n2 - RAW,B3,PEP + NEB 5uM,HUVEC|PEP + NEB 5uM,,ok_hash,Migração (PET e PEP) n2 - RAW||PEP + NEB 5uM||B3,train
ct3_3_png.rf.vFYj9FMCGAqQ32xosxLR.png,ct3 3,SKOV,0,ct3_3.tiff,SKOV/0h,P1|CT|F13,P1,F13,CT,P1|CT,,ok_hash,P1|CT|F13,test
C6 24HR 2_png.rf.tHaJIce9FVY7cZYg4n8E.png,c6 24hr 2,HUVEC,24,C6 24HR 2.tiff,HUVEC/24h,Originais (1)||None||C6,Originais (1),C6,None,HUVEC|None,,ok_hash,Originais (1)||None||C6,val
A5 24HR 1_png.rf.CpfIcPI5krfxTtJFGjKH.png,a5 24hr 1,HUVEC,24,A5 24HR 1 (2).tiff,HUVEC/24h,Originais (1)||None||A5,Originais (1),A5,None,HUVEC|None,,ok_hash,SHARED__A5,train
A5 24HR 1_png.rf.QWraD9H7IOqSfp8mznDQ.png,a5 24hr 1,HUVEC,24,A5 24HR 1.tiff,HUVEC/24h,originais||None||A5,originais,A5,None,HUVEC|None,,ok_hash,SHARED__A5,train
B4 0H 1_png.rf.UkNByK7H1jadGiO9HCAd.png,b4 0h 1,HUVEC,0,B4 0H 1.tiff,HUVEC/0h,LUIS RAW||PEP+MCC||B4,LUIS RAW,B4,PEP+MCC,HUVEC|PEP+MCC,,ok_hash,LUIS RAW||PEP+MCC||B4,train
B4 0H 1_png.rf.Dz8OAD8IKrZ4Bd7eyGpT.png,b4 0h 1,HUVEC,0,B4 0H 1 (2).tiff,HUVEC/0h,Migração (PET e PEP) n1 - RAW||PEP||B4,Migração (PET e PEP) n1 - RAW,B4,PEP,HUVEC|PEP,,ok_hash,Migração (PET e PEP) n1 - RAW||PEP||B4,val
B4 0H 1_png.rf.fnnFJZSxNbJIYzq62RBH.png,b4 0h 1,HUVEC,0,B4 0H 1 (4).tiff,HUVEC/0h,Migração (PET e PEP) n3 - RAW||None||B4,Migração (PET e PEP) n3 - RAW,B4,None,HUVEC|None,,ok_hash,Migração (PET e PEP) n3 - RAW||None||B4,train
B4 0H 1_png.rf.ocKA8DGfji9fgwcSBwv6.png,b4 0h 1,HUVEC,0,B4 0H 1 (3).tiff,HUVEC/0h,Migração (PET e PEP) n2 - RAW||PEP + NEB 5uM||B4,Migração (PET e PEP) n2 - RAW,B4,PEP + NEB 5uM,HUVEC|PEP + NEB 5uM,,ok_hash,Migração (PET e PEP) n2 - RAW||PEP + NEB 5uM||B4,train
B8 8H 2_png.rf.UaCpChb0ty8nCEeOICAn.png,b8 8h 2,HUVEC,8,B8 8H 2.tiff,HUVEC/8h,LUIS RAW||PEP+MCC||B8,LUIS RAW,B8,PEP+MCC,HUVEC|PEP+MCC,,ok_hash,LUIS RAW||PEP+MCC||B8,train
E4 24H 1_png.rf.VApsLvqT7aWfeSFArkzu.png,e4 24h 1,HUVEC,24,E4 24H 1.tiff,HUVEC/24h,LUIS RAW||PEP+MET3||E4,LUIS RAW,E4,PEP+MET3,HUVEC|PEP+MET3,,ok_hash,LUIS RAW||PEP+MET3||E4,train
E4 24H 1_png.rf.WRsQKjX6ie0vtyCCCrGq.png,e4 24h 1,HUVEC,24,E4 24H 1 (2).tiff,HUVEC/24h,Migração (PET e PEP) n1 - RAW||PET||E4,Migração (PET e PEP) n1 - RAW,E4,PET,HUVEC|PET,,ok_hash,Migração (PET e PEP) n1 - RAW||PET||E4,train
B4 24H 1_png.rf.b60wYuoI9jxCKCHE2l9q.png,b4 24h 1,HUVEC,24,B4 24H 1 (2).tiff,HUVEC/24h,LUIS RAW||PEP+MCC||B4,LUIS RAW,B4,PEP+MCC,HUVEC|PEP+MCC,,ok_hash,LUIS RAW||PEP+MCC||B4,train
B4 24h 1_png.rf.1X28TLOHfw99QR2YYvM9.png,b4 24h 1,HUVEC,24,B4 24h 1.tiff,HUVEC/24h,Pré-Eclâmpsia||None||B4,Pré-Eclâmpsia,B4,None,HUVEC|None,,ok_hash,Pré-Eclâmpsia||None||B4,train
B4 24H 1_png.rf.g6mdfx5q5C5lyvQAGYxU.png,b4 24h 1,HUVEC,24,B4 24H 1 (3).tiff,HUVEC/24h,Migração (PET e PEP) n1 - RAW||PEP||B4,Migração (PET e PEP) n1 - RAW,B4,PEP,HUVEC|PEP,,ok_hash,Migração (PET e PEP) n1 - RAW||PEP||B4,val
B4 24H 1_png.rf.4r695chZzLmmnCG4yZPL.png,b4 24h 1,HUVEC,24,B4 24H 1 (4).tiff,HUVEC/24h,Migração (PET e PEP) n2 - RAW||PEP + NEB 5uM||B4,Migração (PET e PEP) n2 - RAW,B4,PEP + NEB 5uM,HUVEC|PEP + NEB 5uM,,ok_hash,Migração (PET e PEP) n2 - RAW||PEP + NEB 5uM||B4,train
B2 24H 1_png.rf.XBc86UvTsYYrkQT5Lmb2.png,b2 24h 1,HUVEC,24,B2 24H 1.tiff,HUVEC/24h,LUIS RAW||PEP+MET3||B2,LUIS RAW,B2,PEP+MET3,HUVEC|PEP+MET3,,ok_hash,LUIS RAW||PEP+MET3||B2,test
B2 24H 1_png.rf.INyMxE58uzRFbh8B31Ps.png,b2 24h 1,HUVEC,24,B2 24H 1 (2).tiff,HUVEC/24h,Migração (PET e PEP) n3 - RAW||None||B2,Migração (PET e PEP) n3 - RAW,B2,None,HUVEC|None,,ok_hash,Migração (PET e PEP) n3 - RAW||None||B2,train
A1 12hr 1_png.rf.hPnekH9tRkKoF84Y4HTD.png,a1 12hr 1,HUVEC,12,A1 12hr 1.tiff,HUVEC/12h,Controle+Saudavel||None||A1,Controle+Saudavel,A1,None,HUVEC|None,,ok_hash,Controle+Saudavel||None||A1,val
A1 12HR 1_png.rf.8FGxD5kQMiDucxJswxPl.png,a1 12hr 1,HUVEC,12,,,Controle+Saudavel||None||A1,Controle+Saudavel,A1,None,HUVEC|None,,ok_nome_norm,Controle+Saudavel||None||A1,val
A1 12HR 1_png.rf.XDKS23ySU3ItzW5Kv957.png,a1 12hr 1,HUVEC,12,A1 12HR 1 (2).tiff,HUVEC/12h,Originais (1)||None||A1,Originais (1),A1,None,HUVEC|None,,ok_hash,SHARED__A1,test
A7 0HR 1_png.rf.MypZ7P5e22YqROshUyHa.png,a7 0hr 1,HUVEC,0,A7 0HR 1 (2).tiff,HUVEC/0h,Originais (1)||None||A7,Originais (1),A7,None,HUVEC|None,,ok_hash,SHARED__A7,train
A7 0HR 1_png.rf.K1SrVpQJXMVcmwZSUvfb.png,a7 0hr 1,HUVEC,0,A7 0HR 1.tiff,HUVEC/0h,originais||None||A7,originais,A7,None,HUVEC|None,,ok_hash,SHARED__A7,train
A1 12hr 2_png.rf.Zc7e1rWOmWcCj4dykv3Z.png,a1 12hr 2,HUVEC,12,,,Controle+Saudavel||None||A1,Controle+Saudavel,A1,None,HUVEC|None,,ok_nome_norm,Controle+Saudavel||None||A1,val
A1 12HR 2_png.rf.6p7F3HADokVM7aGI7thQ.png,a1 12hr 2,HUVEC,12,A1 12hr 2.tiff,HUVEC/12h,Controle+Saudavel||None||A1,Controle+Saudavel,A1,None,HUVEC|None,,ok_hash,Controle+Saudavel||None||A1,val
A1 12HR 2_png.rf.OoCbkijic6aCx52coryw.png,a1 12hr 2,HUVEC,12,A1 12HR 2 (2).tiff,HUVEC/12h,Originais (1)||None||A1,Originais (1),A1,None,HUVEC|None,,ok_hash,SHARED__A1,test
A3 24h 2_png.rf.FRjwfMYcf5xZAmW48pAr.png,a3 24h 2,HUVEC,24,A3 24h 2.tiff,HUVEC/24h,Controle+Saudavel||None||A3,Controle+Saudavel,A3,None,HUVEC|None,,ok_hash,Controle+Saudavel||None||A3,train
A3 24H 2_png.rf.kS5CSoi5AQ1mWS6ij8tv.png,a3 24h 2,HUVEC,24,A3 24H 2 (4).tiff,HUVEC/24h,Migração (PET e PEP) n3 - RAW||None||A3,Migração (PET e PEP) n3 - RAW,A3,None,HUVEC|None,,ok_hash,Migração (PET e PEP) n3 - RAW||None||A3,train
A3 24H 2_png.rf.1DXhlCUFozCEwAiOJfiw.png,a3 24h 2,HUVEC,24,A3 24H 2 (3).tiff,HUVEC/24h,Migração (PET e PEP) n2 - RAW||PEP||A3,Migração (PET e PEP) n2 - RAW,A3,PEP,HUVEC|PEP,,ok_hash,Migração (PET e PEP) n2 - RAW||PEP||A3,train
A3 24H 2_png.rf.TOtRUqMkxCrasCpSjZKO.png,a3 24h 2,HUVEC,24,A3 24H 2 (2).tiff,HUVEC/24h,LUIS RAW||PEP+GB||A3,LUIS RAW,A3,PEP+GB,HUVEC|PEP+GB,,ok_hash,LUIS RAW||PEP+GB||A3,val
B1 0hr_1_png.rf.DUGXTEiLp7a24s7ag9dO.png,b1 0hr 1,HUVEC,0,,,Controle+Saudavel||None||B1,Controle+Saudavel,B1,None,HUVEC|None,,ambigua_resolvida_por_fusao,Controle+Saudavel||None||B1,test
B1 0hr 1_png.rf.MsTYgRqpBawgbfwCxIBh.png,b1 0hr 1,HUVEC,0,,,Controle+Saudavel||None||B1,Controle+Saudavel,B1,None,HUVEC|None,,ambigua_resolvida_por_fusao,Controle+Saudavel||None||B1,test
B1 0hr 1_png.rf.HQmAp3GBzLOJSBnrI49n.png,b1 0hr 1,HUVEC,0,B1 0hr 1.tiff,HUVEC/0h,Controle+Saudavel||None||B1,Controle+Saudavel,B1,None,HUVEC|None,,ok_hash,Controle+Saudavel||None||B1,test
B1 0HR 1_png.rf.NGRx9n5aVbjBeYyAkrvc.png,b1 0hr 1,HUVEC,0,B1 0HR 1 (2).tiff,HUVEC/0h,Originais (1)||None||B1,Originais (1),B1,None,HUVEC|None,,ok_hash,SHARED__B1,train
B1 0hr 1_png.rf.IpACHL1Orw6aFOfMt2L4.png,b1 0hr 1,HUVEC,0,,,Controle+Saudavel||None||B1,Controle+Saudavel,B1,None,HUVEC|None,,ambigua_resolvida_por_fusao,Controle+Saudavel||None||B1,test
B1 0HR 1_png.rf.eIMkkfHeHfLEZ04ezC1L.png,b1 0hr 1,HUVEC,0,B1 0hr_1.tiff,HUVEC/0h,Controle+Saudavel||None||B1,Controle+Saudavel,B1,None,HUVEC|None,,ok_hash,Controle+Saudavel||None||B1,test
Snap-14_18_png.rf.cTI14kZnt7qLocJDEl8J.png,snap-14,SKOV,48,Snap-14.tiff,SKOV/48h,P2|CT|F14,P2,F14,CT,P2|CT,,ok_hash,P2|CT|F14,train
Snap-14_63_png.rf.CP0h7e9qVBHWMIowPwi3.png,snap-14,SKOV,24,Snap-14.tiff,SKOV/24h,P2|CT|F14,P2,F14,CT,P2|CT,,ok_hash,P2|CT|F14,train
Snap-14_197_png.rf.BYX13QN3Hg5IwWB1K8CE.png,snap-14,SKOV,24,Snap-14 (2).tiff,SKOV/24h,P1|CT|F13,P1,F13,CT,P1|CT,,ok_hash,P1|CT|F13,test
Snap-14_png.rf.s2v9VcqXVmUKf34AJR9n.png,snap-14,SKOV,0,Snap-14.tiff,SKOV/0h,P2|CT|F13,P2,F13,CT,P2|CT,,ok_hash,P2|CT|F13,train
Snap-14_137_png.rf.JGQAHR1rLHubpmhNmWKG.png,snap-14,SKOV,48,Snap-14 (2).tiff,SKOV/48h,P1|CT|F14,P1,F14,CT,P1|CT,,ok_hash,P1|CT|F14,train
Snap-57_14_png.rf.zzuxYUS6GURsSfNtRXi0.png,snap-57,SKOV,48,Snap-57.tiff,SKOV/48h,P2|CARBO+GEO|F11,P2,F11,CARBO+GEO,P2|CARBO+GEO,,ok_hash,P2|CARBO+GEO|F11,train
Snap-57_163_png.rf.pDbnqWgyxSpfj13CWb0J.png,snap-57,SKOV,48,Snap-57 (2).tiff,SKOV/48h,P1|GEO+PTX|F11,P1,F11,GEO+PTX,P1|GEO+PTX,,ok_hash,P1|GEO+PTX|F11,train
Snap-57_223_png.rf.Y5JAUxICexxY7SL4iYkm.png,snap-57,SKOV,24,Snap-57 (2).tiff,SKOV/24h,P1|GEO+PTX|F11,P1,F11,GEO+PTX,P1|GEO+PTX,,ok_hash,P1|GEO+PTX|F11,train
Snap-57_png.rf.bdYboWX9ErOHYRCWsvjV.png,snap-57,SKOV,0,Snap-57.tiff,SKOV/0h,P2|CARBO+GEO|F11,P2,F11,CARBO+GEO,P2|CARBO+GEO,,ok_hash,P2|CARBO+GEO|F11,train
Snap-57_118_png.rf.ujk8XtRp7brOc2jVj3FQ.png,snap-57,SKOV,24,Snap-57.tiff,SKOV/24h,P2|CARBO+GEO|F11,P2,F11,CARBO+GEO,P2|CARBO+GEO,,ok_hash,P2|CARBO+GEO|F11,train
A2 24h 2_png.rf.vPEXFaeBDCIJ7xVoYjlS.png,a2 24h 2,HUVEC,24,A2 24h 2.tiff,HUVEC/24h,Controle+Saudavel||None||A2,Controle+Saudavel,A2,None,HUVEC|None,,ok_hash,Controle+Saudavel||None||A2,train
A2 24h_2_png.rf.HAg44SJ1EekTkXtXLokT.png,a2 24h 2,HUVEC,24,A2 24h_2.tiff,HUVEC/24h,Controle+Saudavel||None||A2,Controle+Saudavel,A2,None,HUVEC|None,,ok_hash,Controle+Saudavel||None||A2,train
A2 24H 2_png.rf.E5xmaghZdqaoko8wlaZh.png,a2 24h 2,HUVEC,24,A2 24H 2 (3).tiff,HUVEC/24h,Migração (PET e PEP) n2 - RAW||PEP||A2,Migração (PET e PEP) n2 - RAW,A2,PEP,HUVEC|PEP,,ok_hash,Migração (PET e PEP) n2 - RAW||PEP||A2,train
A2 24H 2_png.rf.Ncwo4IoTmtPiUtCVQfYJ.png,a2 24h 2,HUVEC,24,A2 24H 2 (4).tiff,HUVEC/24h,Migração (PET e PEP) n3 - RAW||None||A2,Migração (PET e PEP) n3 - RAW,A2,None,HUVEC|None,,ok_hash,Migração (PET e PEP) n3 - RAW||None||A2,train
A2 24H 2_png.rf.HMaDbJj9CQExPlCGNrI6.png,a2 24h 2,HUVEC,24,A2 24H 2 (2).tiff,HUVEC/24h,LUIS RAW||PEP+MET3||A2,LUIS RAW,A2,PEP+MET3,HUVEC|PEP+MET3,,ok_hash,LUIS RAW||PEP+MET3||A2,val
C1 8hr 2_png.rf.vAjsWCBFyMVhrnXK1tJ1.png,c1 8hr 2,HUVEC,8,C1 8hr 2.tiff,HUVEC/8h,Pré-Eclâmpsia||None||C1,Pré-Eclâmpsia,C1,None,HUVEC|None,,ok_hash,Pré-Eclâmpsia||None||C1,train
C1 8HR 2_png.rf.PMVIRdN64tpFyIzD2E33.png,c1 8hr 2,HUVEC,8,C1 8HR 2 (2).tiff,HUVEC/8h,Originais (1)||None||C1,Originais (1),C1,None,HUVEC|None,,ok_hash,Originais (1)||None||C1,val
A2 0hr 1_png.rf.vZji6l7eNaGvhsdCUwH3.png,a2 0hr 1,HUVEC,0,,,Controle+Saudavel||None||A2,Controle+Saudavel,A2,None,HUVEC|None,,ok_nome_norm,Controle+Saudavel||None||A2,train
A2 0hr 1_png.rf.pKZJOPTdyTaUFCoQ0WkN.png,a2 0hr 1,HUVEC,0,A2 0hr 1.tiff,HUVEC/0h,Controle+Saudavel||None||A2,Controle+Saudavel,A2,None,HUVEC|None,,ok_hash,Controle+Saudavel||None||A2,train
A2 0HR 1_png.rf.7xO098s3eZ9fJSiLuPHq.png,a2 0hr 1,HUVEC,0,A2 0HR 1 (2).tiff,HUVEC/0h,Originais (1)||None||A2,Originais (1),A2,None,HUVEC|None,,ok_hash,SHARED__A2,val
A2 0HR 1_png.rf.8PMA4P9qg9rH3AjVYmde.png,a2 0hr 1,HUVEC,0,,,Controle+Saudavel||None||A2,Controle+Saudavel,A2,None,HUVEC|None,,ok_nome_norm,Controle+Saudavel||None||A2,train
B6 0hr 1_png.rf.tP2kS9n37GFU0hMWW7mV.png,b6 0hr 1,HUVEC,0,B6 0hr 1.tiff,HUVEC/0h,Pré-Eclâmpsia||None||B6,Pré-Eclâmpsia,B6,None,HUVEC|None,,ok_hash,Pré-Eclâmpsia||None||B6,train
B6 0HR 1_png.rf.G9IIgGta9Gbbj9yqetJW.png,b6 0hr 1,HUVEC,0,,,Pré-Eclâmpsia||None||B6,Pré-Eclâmpsia,B6,None,HUVEC|None,,ok_nome_norm,Pré-Eclâmpsia||None||B6,train
B6 0HR 1_png.rf.DQKYy8uvjwNsc7uZUiaW.png,b6 0hr 1,HUVEC,0,B6 0HR 1 (2).tiff,HUVEC/0h,Originais (1)||None||B6,Originais (1),B6,None,HUVEC|None,,ok_hash,SHARED__B6,train
B7 8hr 1_png.rf.SElaSihN8SWw6hPUO4yu.png,b7 8hr 1,HUVEC,8,B7 8hr 1.tiff,HUVEC/8h,Controle+Saudavel||None||B7,Controle+Saudavel,B7,None,HUVEC|None,,ok_hash,Controle+Saudavel||None||B7,val
B7 8hr_1_png.rf.U0VJcTDbcVdMQ9Gikaum.png,b7 8hr 1,HUVEC,8,B7 8hr_1.tiff,HUVEC/8h,Controle+Saudavel||None||B7,Controle+Saudavel,B7,None,HUVEC|None,,ok_hash,Controle+Saudavel||None||B7,val
B7 8HR 1_png.rf.U3U7uwlzmFkSpDnTdHXo.png,b7 8hr 1,HUVEC,8,,,Controle+Saudavel||None||B7,Controle+Saudavel,B7,None,HUVEC|None,,ok_nome_norm,Controle+Saudavel||None||B7,val
B7 8HR 1_png.rf.VIqewXz9Fg6rle55f6s4.png,b7 8hr 1,HUVEC,8,B7 8HR 1 (2).tiff,HUVEC/8h,Originais (1)||None||B7,Originais (1),B7,None,HUVEC|None,,ok_hash,SHARED__B7,val
B1 0hr_2_png.rf.wWUkB0l85vJDlD6q526J.png,b1 0hr 2,HUVEC,0,B1 0hr_2.tiff,HUVEC/0h,Controle+Saudavel||None||B1,Controle+Saudavel,B1,None,HUVEC|None,,ok_hash,Controle+Saudavel||None||B1,test
B1 0hr 2_png.rf.XjumgmgMNkQhrRGLEgFA.png,b1 0hr 2,HUVEC,0,B1 0hr 2.tiff,HUVEC/0h,Controle+Saudavel||None||B1,Controle+Saudavel,B1,None,HUVEC|None,,ok_hash,Controle+Saudavel||None||B1,test
B1 0HR 2_png.rf.70abUpeVRRIpTW7eiJ6c.png,b1 0hr 2,HUVEC,0,B1 0HR 2 (2).tiff,HUVEC/0h,Originais (1)||None||B1,Originais (1),B1,None,HUVEC|None,,ok_hash,SHARED__B1,train
B1 0HR 2_png.rf.GJOlprTE8cvwD4CrUmlP.png,b1 0hr 2,HUVEC,0,,,Controle+Saudavel||None||B1,Controle+Saudavel,B1,None,HUVEC|None,,ambigua_resolvida_por_fusao,Controle+Saudavel||None||B1,test
B5 12hr 1_png.rf.zr4XJVjMImCf2kHNhYuv.png,b5 12hr 1,HUVEC,12,B5 12hr 1.tiff,HUVEC/12h,Pré-Eclâmpsia||None||B5,Pré-Eclâmpsia,B5,None,HUVEC|None,,ok_hash,Pré-Eclâmpsia||None||B5,test
B5 12HR 1_png.rf.RtHZKiYSCyEezrDzpSXm.png,b5 12hr 1,HUVEC,12,,,Pré-Eclâmpsia||None||B5,Pré-Eclâmpsia,B5,None,HUVEC|None,,ok_nome_norm,Pré-Eclâmpsia||None||B5,test
B5 12HR 1_png.rf.XqoVkA4DK3JbERfwmQPP.png,b5 12hr 1,HUVEC,12,B5 12HR 1 (2).tiff,HUVEC/12h,Originais (1)||None||B5,Originais (1),B5,None,HUVEC|None,,ok_hash,SHARED__B5,train
B3 12hr 1_png.rf.zZhyC5IrePWDZDHRw4ae.png,b3 12hr 1,HUVEC,12,B3 12hr 1.tiff,HUVEC/12h,Controle+Saudavel||None||B3,Controle+Saudavel,B3,None,HUVEC|None,,ok_hash,Controle+Saudavel||None||B3,train
B3 12HR 1_png.rf.sXw2VuiBVAa9Aftwl9le.png,b3 12hr 1,HUVEC,12,,,Controle+Saudavel||None||B3,Controle+Saudavel,B3,None,HUVEC|None,,ok_nome_norm,Controle+Saudavel||None||B3,train
B3 12hr_1_png.rf.bFOaRTghkGRZY6ztTfJf.png,b3 12hr 1,HUVEC,12,B3 12hr_1.tiff,HUVEC/12h,Controle+Saudavel||None||B3,Controle+Saudavel,B3,None,HUVEC|None,,ok_hash,Controle+Saudavel||None||B3,train
B3 12HR 1_png.rf.CA0AC0OeRIZev8XhzkeB.png,b3 12hr 1,HUVEC,12,B3 12HR 1 (2).tiff,HUVEC/12h,Originais (1)||None||B3,Originais (1),B3,None,HUVEC|None,,ok_hash,SHARED__B3,train
B6 12hr 1_png.rf.wMEDLQnrMWwVbcfKlQek.png,b6 12hr 1,HUVEC,12,B6 12hr 1.tiff,HUVEC/12h,Pré-Eclâmpsia||None||B6,Pré-Eclâmpsia,B6,None,HUVEC|None,,ok_hash,Pré-Eclâmpsia||None||B6,train
B6 12HR 1_png.rf.idTK2W5F5w99J9Cwj3Jh.png,b6 12hr 1,HUVEC,12,B6 12HR 1 (2).tiff,HUVEC/12h,Originais (1)||None||B6,Originais (1),B6,None,HUVEC|None,,ok_hash,SHARED__B6,train
B6 12HR 1_png.rf.gMy5B0cpXrZXzyMCZhuv.png,b6 12hr 1,HUVEC,12,,,Pré-Eclâmpsia||None||B6,Pré-Eclâmpsia,B6,None,HUVEC|None,,ok_nome_norm,Pré-Eclâmpsia||None||B6,train
A8 24HR _png.rf.CCbBLxCj5oId78BvgGDS.png,a8 24hr,HUVEC,24,A8 24HR .tiff,HUVEC/24h,Originais (1)||None||A8,Originais (1),A8,None,HUVEC|None,,ok_hash,SHARED__A8,val
A6 12HR 1_png.rf.z5yVztBu7o6y6SAZMnAA.png,a6 12hr 1,HUVEC,12,A6 12HR 1 (2).tiff,HUVEC/12h,Originais (1)||None||A6,Originais (1),A6,None,HUVEC|None,,ok_hash,SHARED__A6,train
A6 12HR 1_png.rf.rzX2QlGaj5WhraPoHbNp.png,a6 12hr 1,HUVEC,12,A6 12HR 1.tiff,HUVEC/12h,originais||None||A6,originais,A6,None,HUVEC|None,,ok_hash,SHARED__A6,train
B1 12HR 2_png.rf.FdfrHVnLB3ZNKlhPS8WD.png,b1 12hr 2,HUVEC,12,B1 12HR 2 (2).tiff,HUVEC/12h,Originais (1)||None||B1,Originais (1),B1,None,HUVEC|None,,ok_hash,SHARED__B1,train
B1 12HR 2_png.rf.a2HuF9WMN6UNtiTLiFnr.png,b1 12hr 2,HUVEC,12,B1 12HR 2.tiff,HUVEC/12h,originais||None||B1,originais,B1,None,HUVEC|None,,ok_hash,SHARED__B1,train
C4 12HR 1_png.rf.EqgembSnrmnXBxolioKo.png,c4 12hr 1,HUVEC,12,C4 12HR 1.tiff,HUVEC/12h,Originais (1)||None||C4,Originais (1),C4,None,HUVEC|None,,ok_hash,Originais (1)||None||C4,train
C6 24HR 1_png.rf.IFOrJw5los4Q3fxu3iMl.png,c6 24hr 1,HUVEC,24,C6 24HR 1.tiff,HUVEC/24h,Originais (1)||None||C6,Originais (1),C6,None,HUVEC|None,,ok_hash,Originais (1)||None||C6,val
E8 8H 1_png.rf.d0fLnYxhr9KQ1hDPt1Lg.png,e8 8h 1,HUVEC,8,E8 8H 1.tiff,HUVEC/8h,LUIS RAW||PEP+MCC||E8,LUIS RAW,E8,PEP+MCC,HUVEC|PEP+MCC,,ok_hash,LUIS RAW||PEP+MCC||E8,train
A8 0H 2_png.rf.WfgjN8XhKFohA9v414DX.png,a8 0h 2,HUVEC,0,A8 0H 2.tiff,HUVEC/0h,LUIS RAW||PEP+MCC||A8,LUIS RAW,A8,PEP+MCC,HUVEC|PEP+MCC,,ok_hash,LUIS RAW||PEP+MCC||A8,test
D4 0HR 2_png.rf.EwNjDB9ss3gmM00iJqPT.png,d4 0hr 2,HUVEC,0,D4 0HR 2.tiff,HUVEC/0h,originais||None||D4,originais,D4,None,HUVEC|None,,ok_hash,originais||None||D4,train
A8 8HR 1_png.rf.FR3WD9dC9DpfpVWMB2SQ.png,a8 8hr 1,HUVEC,8,A8 8HR 1.tiff,HUVEC/8h,originais||None||A8,originais,A8,None,HUVEC|None,,ok_hash,SHARED__A8,val
A8 8HR 1_png.rf.dtanFTPPB7d3AAVn3zQY.png,a8 8hr 1,HUVEC,8,A8 8HR 1 (2).tiff,HUVEC/8h,Originais (1)||None||A8,Originais (1),A8,None,HUVEC|None,,ok_hash,SHARED__A8,val
B5 8HR 1_png.rf.Ym4RLm5f7bEAlTD8XV4Q.png,b5 8hr 1,HUVEC,8,B5 8HR 1 (2).tiff,HUVEC/8h,Originais (1)||None||B5,Originais (1),B5,None,HUVEC|None,,ok_hash,SHARED__B5,train
B5 8HR 1_png.rf.GCk3mrv2o7BUwQ2Jvluv.png,b5 8hr 1,HUVEC,8,,,Controle+Saudavel||None||B5,Controle+Saudavel,B5,None,HUVEC|None,,ok_nome_norm,Controle+Saudavel||None||B5,train
B5 8hr 1_png.rf.1ehEbiuK31GRY9MNmv2r.png,b5 8hr 1,HUVEC,8,B5 8hr 1.tiff,HUVEC/8h,Controle+Saudavel||None||B5,Controle+Saudavel,B5,None,HUVEC|None,,ok_hash,Controle+Saudavel||None||B5,train
D3 8HR 2_png.rf.LEuU784LmF86wgJYPaQU.png,d3 8hr 2,HUVEC,8,D3 8HR 2 (2).tiff,HUVEC/8h,Originais (1)||None||D3,Originais (1),D3,None,HUVEC|None,,ok_hash,SHARED__D3,train
D3 8HR 2_png.rf.XTtOj0zYGn6s9BJ4BbNx.png,d3 8hr 2,HUVEC,8,D3 8HR 2.tiff,HUVEC/8h,originais||None||D3,originais,D3,None,HUVEC|None,,ok_hash,SHARED__D3,train
B3 0HR 2_png.rf.IrowMicDt4hLjxXOd20S.png,b3 0hr 2,HUVEC,0,B3 0HR 2 (2).tiff,HUVEC/0h,Originais (1)||None||B3,Originais (1),B3,None,HUVEC|None,,ok_hash,SHARED__B3,train
B3 0HR 2_png.rf.RH1IVVjgxVFF0WrgAYm4.png,b3 0hr 2,HUVEC,0,B3 0HR 2.tiff,HUVEC/0h,originais||None||B3,originais,B3,None,HUVEC|None,,ok_hash,SHARED__B3,train
C3 8HR 1_png.rf.3ZBgwt8GCK0Md4Ee2BHb.png,c3 8hr 1,HUVEC,8,C3 8HR 1.tiff,HUVEC/8h,Originais (1)||None||C3,Originais (1),C3,None,HUVEC|None,,ok_hash,Originais (1)||None||C3,train
D2 8HR 1_png.rf.JJAiPwhyNLdQ4Rfi4uTD.png,d2 8hr 1,HUVEC,8,D2 8HR 1 (2).tiff,HUVEC/8h,Originais (1)||None||D2,Originais (1),D2,None,HUVEC|None,,ok_hash,SHARED__D2,train
D2 8HR 1_png.rf.3P9RrHC5NedY6PXam8ub.png,d2 8hr 1,HUVEC,8,D2 8HR 1.tiff,HUVEC/8h,originais||None||D2,originais,D2,None,HUVEC|None,,ok_hash,SHARED__D2,train
Snap-13_png.rf.TDZyVXJDnI8SJNuM33dy.png,snap-13,SKOV,0,Snap-13.tiff,SKOV/0h,P2|CT|F12,P2,F12,CT,P2|CT,,ok_hash,P2|CT|F12,train
Snap-13_19_png.rf.b6sHGo2amM793rhoOAp1.png,snap-13,SKOV,48,Snap-13.tiff,SKOV/48h,P2|CT|F13,P2,F13,CT,P2|CT,,ok_hash,P2|CT|F13,train
Snap-13_138_png.rf.l88Miu2G7y8rOkIqtnCW.png,snap-13,SKOV,48,Snap-13 (2).tiff,SKOV/48h,P1|CT|F13,P1,F13,CT,P1|CT,,ok_hash,P1|CT|F13,test
Snap-13_64_png.rf.RyKN7O5yesCpISX8jvQV.png,snap-13,SKOV,24,Snap-13.tiff,SKOV/24h,P2|CT|F13,P2,F13,CT,P2|CT,,ok_hash,P2|CT|F13,train
Snap-13_243_png.rf.tUzcuWuytl6VQBEZn5pP.png,snap-13,SKOV,72,Snap-13.tiff,SKOV/72h,P1|PTX|F8,P1,F8,PTX,P1|PTX,,ok_hash,P1|PTX|F8,train
Snap-13_198_png.rf.0xLGaLBejIuzOY4c8uT2.png,snap-13,SKOV,24,Snap-13 (2).tiff,SKOV/24h,P1|CT|F12,P1,F12,CT,P1|CT,,ok_hash,P1|CT|F12,train
B7 12hr 2_png.rf.RhB5449wk7rwIdgUCPNc.png,b7 12hr 2,HUVEC,12,B7 12hr 2.tiff,HUVEC/12h,Controle+Saudavel||None||B7,Controle+Saudavel,B7,None,HUVEC|None,,ok_hash,Controle+Saudavel||None||B7,val
B7 12HR 2_png.rf.2naBscJhLFudgg7E7FPf.png,b7 12hr 2,HUVEC,12,,,Controle+Saudavel||None||B7,Controle+Saudavel,B7,None,HUVEC|None,,ok_nome_norm,Controle+Saudavel||None||B7,val
B7 12HR 2_png.rf.oKLSQmp6DHxDl6WHedwZ.png,b7 12hr 2,HUVEC,12,B7 12HR 2 (2).tiff,HUVEC/12h,Originais (1)||None||B7,Originais (1),B7,None,HUVEC|None,,ok_hash,SHARED__B7,val
C8 12hr 1_png.rf.StaAYDi9jKXiNSmVkLL4.png,c8 12hr 1,HUVEC,12,C8 12hr 1.tiff,HUVEC/12h,Pré-Eclâmpsia||None||C8,Pré-Eclâmpsia,C8,None,HUVEC|None,,ok_hash,Pré-Eclâmpsia||None||C8,train
C8 12HR 1_png.rf.mrWyROl2QhvNznbHR9sy.png,c8 12hr 1,HUVEC,12,C8 12HR 1 (2).tiff,HUVEC/12h,Originais (1)||None||C8,Originais (1),C8,None,HUVEC|None,,ok_hash,Originais (1)||None||C8,train
C8 8hr 2_png.rf.QKwFigCbMlR5UvD18WdR.png,c8 8hr 2,HUVEC,8,C8 8hr 2.tiff,HUVEC/8h,Pré-Eclâmpsia||None||C8,Pré-Eclâmpsia,C8,None,HUVEC|None,,ok_hash,Pré-Eclâmpsia||None||C8,train
C8 8HR 2_png.rf.GtOIvrjebfVcbHVdwBO9.png,c8 8hr 2,HUVEC,8,C8 8HR 2 (2).tiff,HUVEC/8h,Originais (1)||None||C8,Originais (1),C8,None,HUVEC|None,,ok_hash,Originais (1)||None||C8,train
A1 24h 1_png.rf.TlQXP6CHdUFWS07zQImN.png,a1 24h 1,HUVEC,24,A1 24h 1.tiff,HUVEC/24h,Controle+Saudavel||None||A1,Controle+Saudavel,A1,None,HUVEC|None,,ok_hash,Controle+Saudavel||None||A1,val
A1 24H 1_png.rf.AoYDb7eaorOVU7QenfmB.png,a1 24h 1,HUVEC,24,A1 24H 1 (4).tiff,HUVEC/24h,Migração (PET e PEP) n3 - RAW||None||A1,Migração (PET e PEP) n3 - RAW,A1,None,HUVEC|None,,ok_hash,Migração (PET e PEP) n3 - RAW||None||A1,val
A1 24H 1_png.rf.0vIMHmjL700gltziprXx.png,a1 24h 1,HUVEC,24,A1 24H 1 (2).tiff,HUVEC/24h,LUIS RAW||PEP||A1,LUIS RAW,A1,PEP,HUVEC|PEP,,ok_hash,LUIS RAW||PEP||A1,train
A1 24H 1_png.rf.LVoaaBXwUhRPFKNjtcC5.png,a1 24h 1,HUVEC,24,A1 24H 1 (3).tiff,HUVEC/24h,Migração (PET e PEP) n2 - RAW||PEP||A1,Migração (PET e PEP) n2 - RAW,A1,PEP,HUVEC|PEP,,ok_hash,Migração (PET e PEP) n2 - RAW||PEP||A1,train
B6 12hr 2_png.rf.y4b1NNhMuInMAANEGR5y.png,b6 12hr 2,HUVEC,12,B6 12hr 2.tiff,HUVEC/12h,Pré-Eclâmpsia||None||B6,Pré-Eclâmpsia,B6,None,HUVEC|None,,ok_hash,Pré-Eclâmpsia||None||B6,train
B6 12HR 2_png.rf.BMDqWV1RTxKKoPMgnLal.png,b6 12hr 2,HUVEC,12,,,Pré-Eclâmpsia||None||B6,Pré-Eclâmpsia,B6,None,HUVEC|None,,ok_nome_norm,Pré-Eclâmpsia||None||B6,train
B6 12HR 2_png.rf.BhBG7QrbcqnQq3atIHW2.png,b6 12hr 2,HUVEC,12,B6 12HR 2 (2).tiff,HUVEC/12h,Originais (1)||None||B6,Originais (1),B6,None,HUVEC|None,,ok_hash,SHARED__B6,train
B8 24h 1 _png.rf.VRJJ5SQ1mGJ3fW5YWRab.png,b8 24h 1,HUVEC,24,B8 24h 1 .tiff,HUVEC/24h,Pré-Eclâmpsia||None||B8,Pré-Eclâmpsia,B8,None,HUVEC|None,,ok_hash,Pré-Eclâmpsia||None||B8,train
B8 24h 1_png.rf.N3qsR9ioYQUvIlolAAfM.png,b8 24h 1,HUVEC,24,B8 24h 1.tiff,HUVEC/24h,Controle+Saudavel||None||B8,Controle+Saudavel,B8,None,HUVEC|None,,ok_hash,Controle+Saudavel||None||B8,val
B8 24H 1_png.rf.E5CzkDTGU7vgWmncCGCv.png,b8 24h 1,HUVEC,24,B8 24H 1 (2).tiff,HUVEC/24h,LUIS RAW||PEP+MCC||B8,LUIS RAW,B8,PEP+MCC,HUVEC|PEP+MCC,,ok_hash,LUIS RAW||PEP+MCC||B8,train
D1 8H 2_png.rf.1Guur0r0WOYFqgYbD8Ix.png,d1 8h 2,HUVEC,8,D1 8H 2.png,HUVEC/8h,Migração (PET e PEP) n3 - RAW||None||D1,Migração (PET e PEP) n3 - RAW,D1,None,HUVEC|None,,ok_hash,Migração (PET e PEP) n3 - RAW||None||D1,test
D1 8H 2_png.rf.m3MGg413oV303xlZFAfV.png,d1 8h 2,HUVEC,8,,,,,D1,None,HUVEC|None,1,excluida_ambigua,,EXCLUIDA
D1 8H 2_png.rf.QDHJAU6viLWqVuRsQP8L.png,d1 8h 2,HUVEC,8,D1 8H 2 (2).tiff,HUVEC/8h,Migração (PET e PEP) n2 - RAW||PET + NEB 1uM||D1,Migração (PET e PEP) n2 - RAW,D1,PET + NEB 1uM,HUVEC|PET + NEB 1uM,,ok_hash,Migração (PET e PEP) n2 - RAW||PET + NEB 1uM||D1,train
D1 8H 2_png.rf.SWULebjRubJoCPggvrgZ.png,d1 8h 2,HUVEC,8,D1 8H 2.tiff,HUVEC/8h,LUIS RAW||PET||D1,LUIS RAW,D1,PET,HUVEC|PET,,ok_hash,LUIS RAW||PET||D1,train
D3 8H 1_png.rf.3Pnm14NelVMxz7m2DnLI.png,d3 8h 1,HUVEC,8,D3 8H 1 (3).tiff,HUVEC/8h,Migração (PET e PEP) n3 - RAW||None||D3,Migração (PET e PEP) n3 - RAW,D3,None,HUVEC|None,,ok_hash,Migração (PET e PEP) n3 - RAW||None||D3,train
D3 8H 1_png.rf.6I3dod8wB6YDO4ZLWh12.png,d3 8h 1,HUVEC,8,D3 8H 1.tiff,HUVEC/8h,Migração (PET e PEP) n1 - RAW||PEP + NEB 5uM||D3,Migração (PET e PEP) n1 - RAW,D3,PEP + NEB 5uM,HUVEC|PEP + NEB 5uM,,ok_hash,Migração (PET e PEP) n1 - RAW||PEP + NEB 5uM||D3,train
D3 8H 1_png.rf.6ah0Jg4O5oakLSomUxcX.png,d3 8h 1,HUVEC,8,D3 8H 1 (2).tiff,HUVEC/8h,Migração (PET e PEP) n2 - RAW||PET + NEB 5uM||D3,Migração (PET e PEP) n2 - RAW,D3,PET + NEB 5uM,HUVEC|PET + NEB 5uM,,ok_hash,Migração (PET e PEP) n2 - RAW||PET + NEB 5uM||D3,train
A5 12HR 1_png.rf.IESDSkszuJatVJfvQ7PW.png,a5 12hr 1,HUVEC,12,A5 12HR 1 (2).tiff,HUVEC/12h,Originais (1)||None||A5,Originais (1),A5,None,HUVEC|None,,ok_hash,SHARED__A5,train
A5 12HR 1_png.rf.1xA3zwCvRWDQRrGvHIhA.png,a5 12hr 1,HUVEC,12,A5 12HR 1.tiff,HUVEC/12h,originais||None||A5,originais,A5,None,HUVEC|None,,ok_hash,SHARED__A5,train
A7 12HR 1_png.rf.6BXSIYDC0NmpoaPAgKMQ.png,a7 12hr 1,HUVEC,12,A7 12HR 1 (2).tiff,HUVEC/12h,Originais (1)||None||A7,Originais (1),A7,None,HUVEC|None,,ok_hash,SHARED__A7,train
A7 12HR 1_png.rf.izsMjIhbUB8VuAWUFhrt.png,a7 12hr 1,HUVEC,12,A7 12HR 1.tiff,HUVEC/12h,originais||None||A7,originais,A7,None,HUVEC|None,,ok_hash,SHARED__A7,train
A3 0hr 2_png.rf.KohL1mTNndjr4CLZYMxF.png,a3 0hr 2,HUVEC,0,A3 0hr 2.tiff,HUVEC/0h,Controle+Saudavel||None||A3,Controle+Saudavel,A3,None,HUVEC|None,,ok_hash,Controle+Saudavel||None||A3,train
A3 0HR 2_png.rf.a0AY5M3kJRWyGB4d0dqH.png,a3 0hr 2,HUVEC,0,A3 0HR 2 (2).tiff,HUVEC/0h,Originais (1)||None||A3,Originais (1),A3,None,HUVEC|None,,ok_hash,SHARED__A3,train
A3 0HR 2_png.rf.hZpokQPSOC5byLanjjIO.png,a3 0hr 2,HUVEC,0,,,Controle+Saudavel||None||A3,Controle+Saudavel,A3,None,HUVEC|None,,ok_nome_norm,Controle+Saudavel||None||A3,train
A5 24HR 2_png.rf.JBrJ8KO8uH9Jn3iTJvZf.png,a5 24hr 2,HUVEC,24,A5 24HR 2 (2).tiff,HUVEC/24h,Originais (1)||None||A5,Originais (1),A5,None,HUVEC|None,,ok_hash,SHARED__A5,train
A5 24HR 2_png.rf.xE7wqG2pbN9OFXjVvNjl.png,a5 24hr 2,HUVEC,24,A5 24HR 2.tiff,HUVEC/24h,originais||None||A5,originais,A5,None,HUVEC|None,,ok_hash,SHARED__A5,train
C1 12HR 2_png.rf.OcIfPfUZwnSUShLaLbR6.png,c1 12hr 2,HUVEC,12,C1 12HR 2.tiff,HUVEC/12h,Originais (1)||None||C1,Originais (1),C1,None,HUVEC|None,,ok_hash,Originais (1)||None||C1,val
A2 0hr 2_png.rf.KWeoDuzrrjKAePH796rp.png,a2 0hr 2,HUVEC,0,A2 0hr 2.tiff,HUVEC/0h,Controle+Saudavel||None||A2,Controle+Saudavel,A2,None,HUVEC|None,,ok_hash,Controle+Saudavel||None||A2,train
A2 0HR 2_png.rf.OO5XnE4RmaSV016MsOgg.png,a2 0hr 2,HUVEC,0,A2 0HR 2 (2).tiff,HUVEC/0h,Originais (1)||None||A2,Originais (1),A2,None,HUVEC|None,,ok_hash,SHARED__A2,val
A2 0HR 2_png.rf.uZnHhBG7PNdQodX1DjwB.png,a2 0hr 2,HUVEC,0,A2 0hr 2.tiff,HUVEC/A2.TIFF,Controle+Saudavel||None||A2,Controle+Saudavel,A2,None,HUVEC|None,,ok_hash,Controle+Saudavel||None||A2,train
A4 0hr 2_png.rf.ipPkfLfmEihsBmZiVwsH.png,a4 0hr 2,HUVEC,0,A4 0hr 2.tiff,HUVEC/0h,Controle+Saudavel||None||A4,Controle+Saudavel,A4,None,HUVEC|None,,ok_hash,Controle+Saudavel||None||A4,train
A4 0HR 2_png.rf.rykHBscK23N6CFQg1aEp.png,a4 0hr 2,HUVEC,0,A4 0HR 2 (2).tiff,HUVEC/0h,Originais (1)||None||A4,Originais (1),A4,None,HUVEC|None,,ok_hash,SHARED__A4,train
A4 0HR 2_png.rf.ad8NWhUve9wWCADVF4Er.png,a4 0hr 2,HUVEC,0,,,Controle+Saudavel||None||A4,Controle+Saudavel,A4,None,HUVEC|None,,ok_nome_norm,Controle+Saudavel||None||A4,train
B3 8H 2_png.rf.CESTHFggCs6xlkAs19Pa.png,b3 8h 2,HUVEC,8,B3 8H 2.tiff,HUVEC/8h,LUIS RAW||PEP+GB||B3,LUIS RAW,B3,PEP+GB,HUVEC|PEP+GB,,ok_hash,LUIS RAW||PEP+GB||B3,train
B3 8H 2_png.rf.9tJrx07oVduWzllk5nQH.png,b3 8h 2,HUVEC,8,B3 8H 2 (4).tiff,HUVEC/8h,Migração (PET e PEP) n3 - RAW||None||B3,Migração (PET e PEP) n3 - RAW,B3,None,HUVEC|None,,ok_hash,Migração (PET e PEP) n3 - RAW||None||B3,train
B3 8H 2_png.rf.7Eq3kMUW8sFWbmsSpjrE.png,b3 8h 2,HUVEC,8,B3 8H 2 (2).tiff,HUVEC/8h,Migração (PET e PEP) n1 - RAW||PEP||B3,Migração (PET e PEP) n1 - RAW,B3,PEP,HUVEC|PEP,,ok_hash,Migração (PET e PEP) n1 - RAW||PEP||B3,train
B3 8H 2_png.rf.J2ZWdw3dXxPmWLgQzORH.png,b3 8h 2,HUVEC,8,B3 8H 2 (3).tiff,HUVEC/8h,Migração (PET e PEP) n2 - RAW||PEP + NEB 5uM||B3,Migração (PET e PEP) n2 - RAW,B3,PEP + NEB 5uM,HUVEC|PEP + NEB 5uM,,ok_hash,Migração (PET e PEP) n2 - RAW||PEP + NEB 5uM||B3,train
E4 12H 2_png.rf.Ec4jsXhXLHQBkPxAMAyc.png,e4 12h 2,HUVEC,12,E4 12H 2.tiff,HUVEC/12h,LUIS RAW||PEP+MET3||E4,LUIS RAW,E4,PEP+MET3,HUVEC|PEP+MET3,,ok_hash,LUIS RAW||PEP+MET3||E4,train
E4 12H 2_png.rf.lZSPsrmbRSyhfiXorh1s.png,e4 12h 2,HUVEC,12,E4 12H 2 (2).tiff,HUVEC/12h,Migração (PET e PEP) n1 - RAW||PET||E4,Migração (PET e PEP) n1 - RAW,E4,PET,HUVEC|PET,,ok_hash,Migração (PET e PEP) n1 - RAW||PET||E4,train
A4 8HR 2_png.rf.FrebrKnoGJAi62YqwG10.png,a4 8hr 2,HUVEC,8,A4 8HR 2.tiff,HUVEC/8h,originais||None||A4,originais,A4,None,HUVEC|None,,ok_hash,SHARED__A4,train
A4 8HR 2_png.rf.ueLU3zjhuubW2d81ZDX5.png,a4 8hr 2,HUVEC,8,A4 8HR 2 (2).tiff,HUVEC/8h,Originais (1)||None||A4,Originais (1),A4,None,HUVEC|None,,ok_hash,SHARED__A4,train
B6 0HR 2_png.rf.PJA73eFbAqKdZVUui1iH.png,b6 0hr 2,HUVEC,0,B6 0HR 2.tiff,HUVEC/0h,originais||None||B6,originais,B6,None,HUVEC|None,,ok_hash,SHARED__B6,train
B6 0HR 2_png.rf.9dIqbEAZjCw7c536N5S2.png,b6 0hr 2,HUVEC,0,B6 0HR 2 (2).tiff,HUVEC/0h,Originais (1)||None||B6,Originais (1),B6,None,HUVEC|None,,ok_hash,SHARED__B6,train
A5 8HR 2_png.rf.PkgglquFkEZJxKt3zDYh.png,a5 8hr 2,HUVEC,8,,,Pré-Eclâmpsia||None||A5,Pré-Eclâmpsia,A5,None,HUVEC|None,,ok_nome_norm,Pré-Eclâmpsia||None||A5,train
A5 8HR 2_png.rf.7U0SE5K1r1eXtmiCBL1Q.png,a5 8hr 2,HUVEC,8,A5 8HR 2 (2).tiff,HUVEC/8h,Originais (1)||None||A5,Originais (1),A5,None,HUVEC|None,,ok_hash,SHARED__A5,train
A5 8hr 2_png.rf.ORi73INEpKfYcNVBMeHR.png,a5 8hr 2,HUVEC,8,A5 8hr 2.tiff,HUVEC/8h,Pré-Eclâmpsia||None||A5,Pré-Eclâmpsia,A5,None,HUVEC|None,,ok_hash,Pré-Eclâmpsia||None||A5,train
C4 8HR 2_png.rf.75jApVB4zrpuft44xaOb.png,c4 8hr 2,HUVEC,8,C4 8HR 2.tiff,HUVEC/8h,Originais (1)||None||C4,Originais (1),C4,None,HUVEC|None,,ok_hash,Originais (1)||None||C4,train
C5 8HR 1_png.rf.npq1TT4tFnUwL9fyEtxf.png,c5 8hr 1,HUVEC,8,C5 8HR 1.tiff,HUVEC/8h,Originais (1)||None||C5,Originais (1),C5,None,HUVEC|None,,ok_hash,Originais (1)||None||C5,train
A5 8HR 1_png.rf.qbCCkoclBZRwrN2mNDA9.png,a5 8hr 1,HUVEC,8,A5 8HR 1 (2).tiff,HUVEC/8h,Originais (1)||None||A5,Originais (1),A5,None,HUVEC|None,,ok_hash,SHARED__A5,train
A5 8HR 1_png.rf.jEYUYpVLybixXNUndrI9.png,a5 8hr 1,HUVEC,8,A5 8HR 1.tiff,HUVEC/8h,originais||None||A5,originais,A5,None,HUVEC|None,,ok_hash,SHARED__A5,train
C8 0HR 1_png.rf.unFcr8NfT77SuQCb8WVf.png,c8 0hr 1,HUVEC,0,C8 0HR 1.tiff,HUVEC/0h,Originais (1)||None||C8,Originais (1),C8,None,HUVEC|None,,ok_hash,Originais (1)||None||C8,train
A3 0HR 1_png.rf.vOWVMCSId0rrI2A5Y6RI.png,a3 0hr 1,HUVEC,0,A3 0HR 1 (2).tiff,HUVEC/0h,Originais (1)||None||A3,Originais (1),A3,None,HUVEC|None,,ok_hash,SHARED__A3,train
A3 0HR 1_png.rf.lbHrUgZUHbHQslRvoZEH.png,a3 0hr 1,HUVEC,0,A3 0HR 1.tiff,HUVEC/0h,originais||None||A3,originais,A3,None,HUVEC|None,,ok_hash,SHARED__A3,train
C1 8HR 1_png.rf.oOkkW323fjLb20ujmYdI.png,c1 8hr 1,HUVEC,8,C1 8HR 1.tiff,HUVEC/8h,Originais (1)||None||C1,Originais (1),C1,None,HUVEC|None,,ok_hash,Originais (1)||None||C1,val
A3 12hr 2_png.rf.qSoaWOtqXsRyw0S2qSAg.png,a3 12hr 2,HUVEC,12,A3 12hr 2.tiff,HUVEC/12h,Controle+Saudavel||None||A3,Controle+Saudavel,A3,None,HUVEC|None,,ok_hash,Controle+Saudavel||None||A3,train
A3 12HR 2_png.rf.EM0ZeH9oXoYjDPrahHYX.png,a3 12hr 2,HUVEC,12,,,Controle+Saudavel||None||A3,Controle+Saudavel,A3,None,HUVEC|None,,ok_nome_norm,Controle+Saudavel||None||A3,train
A3 12HR 2_png.rf.X6ZbjE2gzo7dzplSnmP5.png,a3 12hr 2,HUVEC,12,A3 12HR 2 (2).tiff,HUVEC/12h,Originais (1)||None||A3,Originais (1),A3,None,HUVEC|None,,ok_hash,SHARED__A3,train
A6 8HR 1_png.rf.jMYq7Imdm9b3bsQCdfaH.png,a6 8hr 1,HUVEC,8,A6 8HR 1 (2).tiff,HUVEC/8h,Originais (1)||None||A6,Originais (1),A6,None,HUVEC|None,,ok_hash,SHARED__A6,train
A6 8HR 1_png.rf.7Grrv3doO59OSdNxaDbf.png,a6 8hr 1,HUVEC,8,A6 8HR 1.tiff,HUVEC/8h,originais||None||A6,originais,A6,None,HUVEC|None,,ok_hash,SHARED__A6,train
A3 8HR 1_png.rf.YWwkHXdFn51x2qQa9MKo.png,a3 8hr 1,HUVEC,8,A3 8HR 1 (2).tiff,HUVEC/8h,Originais (1)||None||A3,Originais (1),A3,None,HUVEC|None,,ok_hash,SHARED__A3,train
A3 8HR 1_png.rf.KvjShuzpjDEXEBWbceBf.png,a3 8hr 1,HUVEC,8,A3 8HR 1.tiff,HUVEC/8h,originais||None||A3,originais,A3,None,HUVEC|None,,ok_hash,SHARED__A3,train
D1 8HR 2_png.rf.We4y9DkVsrjwHtYEPH1S.png,d1 8hr 2,HUVEC,8,D1 8HR 2 (2).tiff,HUVEC/8h,Originais (1)||None||D1,Originais (1),D1,None,HUVEC|None,,ok_hash,SHARED__D1,train
D1 8HR 2_png.rf.zXqaP0fHqHbabD0CzjuF.png,d1 8hr 2,HUVEC,8,D1 8HR 2.tiff,HUVEC/8h,originais||None||D1,originais,D1,None,HUVEC|None,,ok_hash,SHARED__D1,train
A4 0HR 1_png.rf.flUKXJX958V29SztaqZp.png,a4 0hr 1,HUVEC,0,A4 0HR 1 (2).tiff,HUVEC/0h,Originais (1)||None||A4,Originais (1),A4,None,HUVEC|None,,ok_hash,SHARED__A4,train
A4 0HR 1_png.rf.lr0vF9oNfEZapbxfemLc.png,a4 0hr 1,HUVEC,0,A4 0HR 1.tiff,HUVEC/0h,originais||None||A4,originais,A4,None,HUVEC|None,,ok_hash,SHARED__A4,train
Snap-10_72_png.rf.n7hfG13etFn8yDPHlWXd.png,snap-10,SKOV,24,Snap-10.tiff,SKOV/24h,P2|CT|F10,P2,F10,CT,P2|CT,,ok_hash,P2|CT|F10,test
Snap-10_png.rf.yj7fOx6nAZtfK19C65wZ.png,snap-10,SKOV,0,Snap-10.tiff,SKOV/0h,P2|CT|F9,P2,F9,CT,P2|CT,,ok_hash,P2|CT|F9,train
Snap-10_206_png.rf.qsKnxTuSvux45mlYUYLk.png,snap-10,SKOV,24,Snap-10 (2).tiff,SKOV/24h,P1|CT|F9,P1,F9,CT,P1|CT,,ok_hash,P1|CT|F9,train
Snap-10_146_png.rf.J1zTbpCRqsOW6DtsIPzv.png,snap-10,SKOV,48,Snap-10 (2).tiff,SKOV/48h,P1|CT|F10,P1,F10,CT,P1|CT,,ok_hash,P1|CT|F10,train
Snap-10_27_png.rf.InxxspUYRgK57BBNVAEq.png,snap-10,SKOV,48,Snap-10.tiff,SKOV/48h,P2|CT|F10,P2,F10,CT,P2|CT,,ok_hash,P2|CT|F10,test
B3 12hr 2_png.rf.VGbRnN8WbzouxdvfefLU.png,b3 12hr 2,HUVEC,12,B3 12hr 2.tiff,HUVEC/12h,Controle+Saudavel||None||B3,Controle+Saudavel,B3,None,HUVEC|None,,ok_hash,Controle+Saudavel||None||B3,train
B3 12HR 2_png.rf.53uaZIgUjykC3AHiGB7Y.png,b3 12hr 2,HUVEC,12,,,Controle+Saudavel||None||B3,Controle+Saudavel,B3,None,HUVEC|None,,ok_nome_norm,Controle+Saudavel||None||B3,train
B3 12HR 2_png.rf.VqZIwhkvmfMWTtmwJvV6.png,b3 12hr 2,HUVEC,12,B3 12HR 2 (2).tiff,HUVEC/12h,Originais (1)||None||B3,Originais (1),B3,None,HUVEC|None,,ok_hash,SHARED__B3,train
B2 12hr 2_png.rf.aKY954Ar92bN45Dxpxoo.png,b2 12hr 2,HUVEC,12,,,Controle+Saudavel||None||B2,Controle+Saudavel,B2,None,HUVEC|None,,ok_nome_norm,Controle+Saudavel||None||B2,train
B2 12hr 2_png.rf.riSjsWM4RKaoLOeuGF4T.png,b2 12hr 2,HUVEC,12,B2 12hr 2.tiff,HUVEC/12h,Controle+Saudavel||None||B2,Controle+Saudavel,B2,None,HUVEC|None,,ok_hash,Controle+Saudavel||None||B2,train
B2 12HR 2_png.rf.nZ89rrtZ5eox9IpiBXkM.png,b2 12hr 2,HUVEC,12,B2 12HR 2 (2).tiff,HUVEC/12h,Originais (1)||None||B2,Originais (1),B2,None,HUVEC|None,,ok_hash,SHARED__B2,test
B2 12HR 2_png.rf.0Mjn05pgfeKpn7x2HoEU.png,b2 12hr 2,HUVEC,12,,,Controle+Saudavel||None||B2,Controle+Saudavel,B2,None,HUVEC|None,,ok_nome_norm,Controle+Saudavel||None||B2,train
B8 0hr 1_png.rf.Y8HPYsGls33ML8N4xLQ9.png,b8 0hr 1,HUVEC,0,,,Pré-Eclâmpsia||None||B8,Pré-Eclâmpsia,B8,None,HUVEC|None,,ok_nome_norm,Pré-Eclâmpsia||None||B8,train
B8 0HR 1_png.rf.wcI5BQBhMVPCzXKkI2w6.png,b8 0hr 1,HUVEC,0,,,Pré-Eclâmpsia||None||B8,Pré-Eclâmpsia,B8,None,HUVEC|None,,ok_nome_norm,Pré-Eclâmpsia||None||B8,train
B8 0hr 1_png.rf.knYV6A7txjzElFti8uaT.png,b8 0hr 1,HUVEC,0,B8 0hr 1.tiff,HUVEC/0h,Pré-Eclâmpsia||None||B8,Pré-Eclâmpsia,B8,None,HUVEC|None,,ok_hash,Pré-Eclâmpsia||None||B8,train
B8 0HR 1_png.rf.KqhRF7p7Gc814ztA2tAN.png,b8 0hr 1,HUVEC,0,B8 0HR 1 (2).tiff,HUVEC/0h,Originais (1)||None||B8,Originais (1),B8,None,HUVEC|None,,ok_hash,SHARED__B8,train
B1 24hr 2_png.rf.kOhjizJROLOCgNfM1IF5.png,b1 24hr 2,HUVEC,24,B1 24hr 2.tiff,HUVEC/24h,Controle+Saudavel||None||B1,Controle+Saudavel,B1,None,HUVEC|None,,ok_hash,Controle+Saudavel||None||B1,test
B1 24HR 2_png.rf.Ls9u8THJDkrAcAUiOT0Q.png,b1 24hr 2,HUVEC,24,,,Controle+Saudavel||None||B1,Controle+Saudavel,B1,None,HUVEC|None,,ok_nome_norm,Controle+Saudavel||None||B1,test
B2 24hr 2_png.rf.huSTBgPOlxWVtCE2FpNP.png,b2 24hr 2,HUVEC,24,,,Controle+Saudavel||None||B2,Controle+Saudavel,B2,None,HUVEC|None,,ok_nome_norm,Controle+Saudavel||None||B2,train
B2 24HR 2_png.rf.uTcx0z3WdLqlbwZI5Emi.png,b2 24hr 2,HUVEC,24,B2 24hr 2.tiff,HUVEC/24h,Controle+Saudavel||None||B2,Controle+Saudavel,B2,None,HUVEC|None,,ok_hash,Controle+Saudavel||None||B2,train
B7 0hr 1_png.rf.ksMD0pYm6qfnouVyBUlp.png,b7 0hr 1,HUVEC,0,B7 0hr 1.tiff,HUVEC/0h,Pré-Eclâmpsia||None||B7,Pré-Eclâmpsia,B7,None,HUVEC|None,,ok_hash,Pré-Eclâmpsia||None||B7,test
B7 0HR 1_png.rf.Ukn4ATZ5w0il9IzVsrtV.png,b7 0hr 1,HUVEC,0,B7 0HR 1 (2).tiff,HUVEC/0h,Originais (1)||None||B7,Originais (1),B7,None,HUVEC|None,,ok_hash,SHARED__B7,val
B7 0hr 1_png.rf.QYTRdRmCyko5payKjuNF.png,b7 0hr 1,HUVEC,0,,,Pré-Eclâmpsia||None||B7,Pré-Eclâmpsia,B7,None,HUVEC|None,,ok_nome_norm,Pré-Eclâmpsia||None||B7,test
B7 0HR 1_png.rf.kzoYnFCLdbukY0DFsrTm.png,b7 0hr 1,HUVEC,0,,,Pré-Eclâmpsia||None||B7,Pré-Eclâmpsia,B7,None,HUVEC|None,,ok_nome_norm,Pré-Eclâmpsia||None||B7,test
C7 0hr 2_png.rf.ncuQjQh19UrtWTYYtwgY.png,c7 0hr 2,HUVEC,0,C7 0hr 2.tiff,HUVEC/0h,Pré-Eclâmpsia||None||C7,Pré-Eclâmpsia,C7,None,HUVEC|None,,ok_hash,Pré-Eclâmpsia||None||C7,train
C7 0HR 2_png.rf.p7jzNkQk0PbCL4U2IsE2.png,c7 0hr 2,HUVEC,0,C7 0HR 2 (2).tiff,HUVEC/0h,Originais (1)||None||C7,Originais (1),C7,None,HUVEC|None,,ok_hash,Originais (1)||None||C7,train
A1 24h 2_png.rf.o9mYSgMZsKvkMpLuHnpZ.png,a1 24h 2,HUVEC,24,A1 24h 2.tiff,HUVEC/24h,Controle+Saudavel||None||A1,Controle+Saudavel,A1,None,HUVEC|None,,ok_hash,Controle+Saudavel||None||A1,val
A1 24H 2_png.rf.mCVQkyudUMkUKQP8oD3Z.png,a1 24h 2,HUVEC,24,A1 24H 2 (4).tiff,HUVEC/24h,Migração (PET e PEP) n3 - RAW||None||A1,Migração (PET e PEP) n3 - RAW,A1,None,HUVEC|None,,ok_hash,Migração (PET e PEP) n3 - RAW||None||A1,val
A1 24H 2_png.rf.XERqooMY6dKiS5aPsD5q.png,a1 24h 2,HUVEC,24,A1 24H 2 (3).tiff,HUVEC/24h,Migração (PET e PEP) n2 - RAW||PEP||A1,Migração (PET e PEP) n2 - RAW,A1,PEP,HUVEC|PEP,,ok_hash,Migração (PET e PEP) n2 - RAW||PEP||A1,train
B7 0hr 2_png.rf.prftfZd1LyffvhWEcvAV.png,b7 0hr 2,HUVEC,0,B7 0hr 2.tiff,HUVEC/0h,Controle+Saudavel||None||B7,Controle+Saudavel,B7,None,HUVEC|None,,ok_hash,Controle+Saudavel||None||B7,val
B7 0HR 2_png.rf.dMPgfORCcjwf92Kh6sCI.png,b7 0hr 2,HUVEC,0,B7 0HR 2 (2).tiff,HUVEC/0h,Originais (1)||None||B7,Originais (1),B7,None,HUVEC|None,,ok_hash,SHARED__B7,val
B7 0HR 2_png.rf.nntMFnTHGgBpH6aqtdYS.png,b7 0hr 2,HUVEC,0,,,Controle+Saudavel||None||B7,Controle+Saudavel,B7,None,HUVEC|None,,ok_nome_norm,Controle+Saudavel||None||B7,val
C7 0hr 1_png.rf.0KFwLe9lCE6WFiy10CUh.png,c7 0hr 1,HUVEC,0,C7 0hr 1.tiff,HUVEC/0h,Pré-Eclâmpsia||None||C7,Pré-Eclâmpsia,C7,None,HUVEC|None,,ok_hash,Pré-Eclâmpsia||None||C7,train
C7 0HR 1_png.rf.hMZ6n4BOgfQTtrExgc7u.png,c7 0hr 1,HUVEC,0,C7 0HR 1 (2).tiff,HUVEC/0h,Originais (1)||None||C7,Originais (1),C7,None,HUVEC|None,,ok_hash,Originais (1)||None||C7,train
Snap-07_70_png.rf.vNyGAtPWPJA0rF6FhxvN.png,snap-7,SKOV,24,Snap-07.tiff,SKOV/24h,P2|CT|F7,P2,F7,CT,P2|CT,,ok_hash,P2|CT|F7,train
Snap-07_204_png.rf.H0N5xKu4UYwZk6TNY3Xd.png,snap-7,SKOV,24,Snap-07 (2).tiff,SKOV/24h,P1|CT|F6,P1,F6,CT,P1|CT,,ok_hash,P1|CT|F6,test
Snap-07_png.rf.g6SCaXQJinM4lCI6wdd5.png,snap-7,SKOV,0,Snap-07.tiff,SKOV/0h,P2|CT|F6,P2,F6,CT,P2|CT,,ok_hash,P2|CT|F6,train
Snap-07_25_png.rf.XApzD0Pw1QxeCLShLeqI.png,snap-7,SKOV,48,Snap-07.tiff,SKOV/48h,P2|CT|F7,P2,F7,CT,P2|CT,,ok_hash,P2|CT|F7,train
Snap-07_144_png.rf.vfJMuF8YRLj9hUriVTPL.png,snap-7,SKOV,48,Snap-07 (2).tiff,SKOV/48h,P1|CT|F7,P1,F7,CT,P1|CT,,ok_hash,P1|CT|F7,val
Snap-33_37_png.rf.9no99MZvmBZOLsdg6Atx.png,snap-33,SKOV,48,Snap-33.tiff,SKOV/48h,P2|GEO|F3,P2,F3,GEO,P2|GEO,,ok_hash,P2|GEO|F3,test
Snap-33_82_png.rf.0OBavEsnW2E5DqKbGtgA.png,snap-33,SKOV,24,Snap-33.tiff,SKOV/24h,P2|GEO|F2,P2,F2,GEO,P2|GEO,,ok_hash,P2|GEO|F2,train
Snap-33_171_png.rf.E47tm0ycTBxOqSzcCzoG.png,snap-33,SKOV,48,Snap-33 (2).tiff,SKOV/48h,P1|GEO|F2,P1,F2,GEO,P1|GEO,,ok_hash,P1|GEO|F2,train
Snap-33_231_png.rf.JAemjrnP9ImKmVmpRfzn.png,snap-33,SKOV,24,Snap-33 (2).tiff,SKOV/24h,P1|GEO|F2,P1,F2,GEO,P1|GEO,,ok_hash,P1|GEO|F2,train
Snap-33_277_png.rf.VKo8X4odufnCCAnDoQ0P.png,snap-33,SKOV,72,Snap-33.tiff,SKOV/72h,P1|GEO|F13,P1,F13,GEO,P1|GEO,,ok_hash,P1|GEO|F13,train
Snap-33_png.rf.lRxwtWAAAbkEpA18HoVS.png,snap-33,SKOV,0,Snap-33.tiff,SKOV/0h,P2|GEO|F2,P2,F2,GEO,P2|GEO,,ok_hash,P2|GEO|F2,train
ct1_5_png.rf.xygVTmZfimx6b9L39l2C.png,ct1 5,SKOV,0,ct1_5.tiff,SKOV/0h,P1|CT|F5,P1,F5,CT,P1|CT,,ok_hash,P1|CT|F5,test
B1 8H 1_png.rf.1wxeEsithaDZPrKbJIk8.png,b1 8h 1,HUVEC,8,B1 8H 1 (3).tiff,HUVEC/8h,Migração (PET e PEP) n3 - RAW||None||B1,Migração (PET e PEP) n3 - RAW,B1,None,HUVEC|None,,ok_hash,Migração (PET e PEP) n3 - RAW||None||B1,train
B1 8H 1_png.rf.fqDTrXJGtwGnRUswH16c.png,b1 8h 1,HUVEC,8,B1 8H 1 (2).tiff,HUVEC/8h,Migração (PET e PEP) n2 - RAW||PEP + NEB 1uM||B1,Migração (PET e PEP) n2 - RAW,B1,PEP + NEB 1uM,HUVEC|PEP + NEB 1uM,,ok_hash,Migração (PET e PEP) n2 - RAW||PEP + NEB 1uM||B1,test
B1 8H 1_png.rf.xsq5BkCBkpc4G5otns1Z.png,b1 8h 1,HUVEC,8,B1 8H 1.tiff,HUVEC/8h,LUIS RAW||PEP||B1,LUIS RAW,B1,PEP,HUVEC|PEP,,ok_hash,LUIS RAW||PEP||B1,train
A3 12H 1_png.rf.1mSVqHM6KS3uhRK3e3lj.png,a3 12h 1,HUVEC,12,A3 12H 1 (3).tiff,HUVEC/12h,Migração (PET e PEP) n3 - RAW||None||A3,Migração (PET e PEP) n3 - RAW,A3,None,HUVEC|None,,ok_hash,Migração (PET e PEP) n3 - RAW||None||A3,train
A3 12H 1_png.rf.TU0BGVsD3XJqPwGYBsiu.png,a3 12h 1,HUVEC,12,A3 12H 1.tiff,HUVEC/12h,LUIS RAW||PEP+GB||A3,LUIS RAW,A3,PEP+GB,HUVEC|PEP+GB,,ok_hash,LUIS RAW||PEP+GB||A3,val
A3 12H 1_png.rf.6fx89SeDFqbbpHYdcuw7.png,a3 12h 1,HUVEC,12,A3 12H 1 (2).tiff,HUVEC/12h,Migração (PET e PEP) n2 - RAW||PEP||A3,Migração (PET e PEP) n2 - RAW,A3,PEP,HUVEC|PEP,,ok_hash,Migração (PET e PEP) n2 - RAW||PEP||A3,train
C3 8H 2_png.rf.2WnG1dTj6hfmtMmaSG3l.png,c3 8h 2,HUVEC,8,C3 8H 2 (3).tiff,HUVEC/8h,Migração (PET e PEP) n3 - RAW||None||C3,Migração (PET e PEP) n3 - RAW,C3,None,HUVEC|None,,ok_hash,Migração (PET e PEP) n3 - RAW||None||C3,train
C3 8H 2_png.rf.JQjUW9XY0QTRcyHYnnXJ.png,c3 8h 2,HUVEC,8,C3 8H 2.tiff,HUVEC/8h,Migração (PET e PEP) n1 - RAW||PEP + NEB 1uM||C3,Migração (PET e PEP) n1 - RAW,C3,PEP + NEB 1uM,HUVEC|PEP + NEB 1uM,,ok_hash,Migração (PET e PEP) n1 - RAW||PEP + NEB 1uM||C3,val
C3 8H 2_png.rf.xnMBFgGz1tFhAeE5Mh0m.png,c3 8h 2,HUVEC,8,C3 8H 2 (2).tiff,HUVEC/8h,Migração (PET e PEP) n2 - RAW||PET||C3,Migração (PET e PEP) n2 - RAW,C3,PET,HUVEC|PET,,ok_hash,Migração (PET e PEP) n2 - RAW||PET||C3,test
C3 12H 1_png.rf.8gC4xRzYoHNmtFsxKAAM.png,c3 12h 1,HUVEC,12,C3 12H 1 (3).tiff,HUVEC/12h,Migração (PET e PEP) n3 - RAW||None||C3,Migração (PET e PEP) n3 - RAW,C3,None,HUVEC|None,,ok_hash,Migração (PET e PEP) n3 - RAW||None||C3,train
C3 12H 1_png.rf.gufpoClgDJpZOljTqUiO.png,c3 12h 1,HUVEC,12,C3 12H 1 (2).tiff,HUVEC/12h,Migração (PET e PEP) n2 - RAW||PET||C3,Migração (PET e PEP) n2 - RAW,C3,PET,HUVEC|PET,,ok_hash,Migração (PET e PEP) n2 - RAW||PET||C3,test
C3 12H 1_png.rf.k3Ehizb9KQn1GS9CC4y2.png,c3 12h 1,HUVEC,12,C3 12H 1.tiff,HUVEC/12h,Migração (PET e PEP) n1 - RAW||PEP + NEB 1uM||C3,Migração (PET e PEP) n1 - RAW,C3,PEP + NEB 1uM,HUVEC|PEP + NEB 1uM,,ok_hash,Migração (PET e PEP) n1 - RAW||PEP + NEB 1uM||C3,val
A2 8H 1_png.rf.3QqxCZ8m0xBtItaJLTd2.png,a2 8h 1,HUVEC,8,A2 8H 1 (3).tiff,HUVEC/8h,Migração (PET e PEP) n3 - RAW||None||A2,Migração (PET e PEP) n3 - RAW,A2,None,HUVEC|None,,ok_hash,Migração (PET e PEP) n3 - RAW||None||A2,train
A2 8H 1_png.rf.6mANHGK2YRZI4BisA8Ei.png,a2 8h 1,HUVEC,8,A2 8H 1.tiff,HUVEC/8h,LUIS RAW||PEP+MET3||A2,LUIS RAW,A2,PEP+MET3,HUVEC|PEP+MET3,,ok_hash,LUIS RAW||PEP+MET3||A2,val
A2 8H 1_png.rf.xvZ2Owwq7kfNeQBUdLj1.png,a2 8h 1,HUVEC,8,A2 8H 1 (2).tiff,HUVEC/8h,Migração (PET e PEP) n2 - RAW||PEP||A2,Migração (PET e PEP) n2 - RAW,A2,PEP,HUVEC|PEP,,ok_hash,Migração (PET e PEP) n2 - RAW||PEP||A2,train
D2 0H 1_png.rf.3s7Eh5cqjrXy6cn56UBU.png,d2 0h 1,HUVEC,0,D2 0H 1 (2).tiff,HUVEC/0h,Migração (PET e PEP) n3 - RAW||None||D2,Migração (PET e PEP) n3 - RAW,D2,None,HUVEC|None,,ok_hash,Migração (PET e PEP) n3 - RAW||None||D2,test
D2 0H 1_png.rf.xovIJqlILOeUFQLHRyvb.png,d2 0h 1,HUVEC,0,D2 0H 1.tiff,HUVEC/0h,Migração (PET e PEP) n2 - RAW||PET + NEB 1uM||D2,Migração (PET e PEP) n2 - RAW,D2,PET + NEB 1uM,HUVEC|PET + NEB 1uM,,ok_hash,Migração (PET e PEP) n2 - RAW||PET + NEB 1uM||D2,test
C2 24HR 2_png.rf.MPADEI7GuMyp9bi3AkAx.png,c2 24hr 2,HUVEC,24,C2 24HR 2.tiff,HUVEC/24h,Originais (1)||None||C2,Originais (1),C2,None,HUVEC|None,,ok_hash,Originais (1)||None||C2,train
C1 24HR 1_png.rf.YPRq3IWss7VUaq3e3iGW.png,c1 24hr 1,HUVEC,24,C1 24HR 1.tiff,HUVEC/24h,Originais (1)||None||C1,Originais (1),C1,None,HUVEC|None,,ok_hash,Originais (1)||None||C1,val
A4 24HR _png.rf.SoP1Ps5jNnRx92pvO7dO.png,a4 24hr,HUVEC,24,A4 24HR .tiff,HUVEC/24h,Originais (1)||None||A4,Originais (1),A4,None,HUVEC|None,,ok_hash,SHARED__A4,train
C6 12HR 2_png.rf.QfuOOnhE4hgEtZc6n4FV.png,c6 12hr 2,HUVEC,12,C6 12HR 2.tiff,HUVEC/12h,Originais (1)||None||C6,Originais (1),C6,None,HUVEC|None,,ok_hash,Originais (1)||None||C6,val
A8 12HR 2_png.rf.VAU0OVpOBwbG6A1pJf3X.png,a8 12hr 2,HUVEC,12,A8 12HR 2 (2).tiff,HUVEC/12h,Originais (1)||None||A8,Originais (1),A8,None,HUVEC|None,,ok_hash,SHARED__A8,val
A8 12HR 2_png.rf.us5pv6GHD379VoqxMyqM.png,a8 12hr 2,HUVEC,12,A8 12HR 2.tiff,HUVEC/12h,originais||None||A8,originais,A8,None,HUVEC|None,,ok_hash,SHARED__A8,val
ptx2_5_png.rf.ZcYzvy2P9SDnI5FO7SZ3.png,ptx2 5,SKOV,0,ptx2_5.tiff,SKOV/0h,P1|PTX|F10,P1,F10,PTX,P1|PTX,,ok_hash,P1|PTX|F10,train
B2 0hr 1_png.rf.db9iQQ8HUhDl1bXRwF8r.png,b2 0hr 1,HUVEC,0,B2 0hr 1.tiff,HUVEC/0h,Controle+Saudavel||None||B2,Controle+Saudavel,B2,None,HUVEC|None,,ok_hash,Controle+Saudavel||None||B2,train
B2 0HR 1_png.rf.5zUWBCAzk9uVSqr7HPbp.png,b2 0hr 1,HUVEC,0,B2 0HR 1 (2).tiff,HUVEC/0h,Originais (1)||None||B2,Originais (1),B2,None,HUVEC|None,,ok_hash,SHARED__B2,test
B2 0HR 1_png.rf.rzJTQJsC1FX8HbufhcZr.png,b2 0hr 1,HUVEC,0,,,Controle+Saudavel||None||B2,Controle+Saudavel,B2,None,HUVEC|None,,ok_nome_norm,Controle+Saudavel||None||B2,train
B2 0hr 2_png.rf.fIFxz7VDzzqkj4zabua0.png,b2 0hr 2,HUVEC,0,B2 0hr 2.tiff,HUVEC/0h,Controle+Saudavel||None||B2,Controle+Saudavel,B2,None,HUVEC|None,,ok_hash,Controle+Saudavel||None||B2,train
B2 0hr 2_png.rf.NX9PehcIUtrbpP4AGDjt.png,b2 0hr 2,HUVEC,0,,,Controle+Saudavel||None||B2,Controle+Saudavel,B2,None,HUVEC|None,,ok_nome_norm,Controle+Saudavel||None||B2,train
B2 0HR 2_png.rf.YbEuLym6tx1G0ByLVH1s.png,b2 0hr 2,HUVEC,0,,,Controle+Saudavel||None||B2,Controle+Saudavel,B2,None,HUVEC|None,,ok_nome_norm,Controle+Saudavel||None||B2,train
B2 0HR 2_png.rf.cDHclAIceZElSA3dVBAx.png,b2 0hr 2,HUVEC,0,B2 0HR 2 (2).tiff,HUVEC/0h,Originais (1)||None||B2,Originais (1),B2,None,HUVEC|None,,ok_hash,SHARED__B2,test
C3 12HR 1_png.rf.k9cSExscEQguJR8FzubC.png,c3 12hr 1,HUVEC,12,C3 12HR 1.tiff,HUVEC/12h,Originais (1)||None||C3,Originais (1),C3,None,HUVEC|None,,ok_hash,Originais (1)||None||C3,train
B8 24HR 2_png.rf.b5g4X4XnMrKNqb9SQURi.png,b8 24hr 2,HUVEC,24,B8 24HR 2 (2).tiff,HUVEC/24h,Originais (1)||None||B8,Originais (1),B8,None,HUVEC|None,,ok_hash,SHARED__B8,train
B8 24HR 2_png.rf.ERLmHyV7djMflJp4wvGM.png,b8 24hr 2,HUVEC,24,B8 24HR 2.tiff,HUVEC/24h,originais||None||B8,originais,B8,None,HUVEC|None,,ok_hash,SHARED__B8,train
Snap-53_216_png.rf.ceY07VS1O3yBsoN0i4yF.png,snap-53,SKOV,24,Snap-53 (2).tiff,SKOV/24h,P1|GEO+PTX|F7,P1,F7,GEO+PTX,P1|GEO+PTX,,ok_hash,P1|GEO+PTX|F7,train
Snap-53_156_png.rf.2KewamwDRhiW6t7lbzHC.png,snap-53,SKOV,48,Snap-53 (2).tiff,SKOV/48h,P1|GEO+PTX|F7,P1,F7,GEO+PTX,P1|GEO+PTX,,ok_hash,P1|GEO+PTX|F7,train
Snap-53_png.rf.SPyaEqsIv6YUwm8RQELh.png,snap-53,SKOV,0,Snap-53.tiff,SKOV/0h,P2|CARBO+GEO|F7,P2,F7,CARBO+GEO,P2|CARBO+GEO,,ok_hash,P2|CARBO+GEO|F7,val
Snap-53_112_png.rf.y85Lfcr4yLHN2tGaM2NL.png,snap-53,SKOV,24,Snap-53.tiff,SKOV/24h,P2|CARBO+GEO|F7,P2,F7,CARBO+GEO,P2|CARBO+GEO,,ok_hash,P2|CARBO+GEO|F7,val
Snap-53_7_png.rf.2ct09e2HAorv0Sj4JVs5.png,snap-53,SKOV,48,Snap-53.tiff,SKOV/48h,P2|CARBO+GEO|F7,P2,F7,CARBO+GEO,P2|CARBO+GEO,,ok_hash,P2|CARBO+GEO|F7,val
C1 12HR 1_png.rf.gB0o6oQuTbhG8ZUNerJu.png,c1 12hr 1,HUVEC,12,C1 12HR 1.tiff,HUVEC/12h,Originais (1)||None||C1,Originais (1),C1,None,HUVEC|None,,ok_hash,Originais (1)||None||C1,val
D2 12HR 1_png.rf.p5hRLQSbnz5xkNGQSLyI.png,d2 12hr 1,HUVEC,12,D2 12HR 1 (2).tiff,HUVEC/12h,Originais (1)||None||D2,Originais (1),D2,None,HUVEC|None,,ok_hash,SHARED__D2,train
D2 12HR 1_png.rf.V6y5jkWZ8U2dauX4R8yb.png,d2 12hr 1,HUVEC,12,D2 12HR 1.tiff,HUVEC/12h,originais||None||D2,originais,D2,None,HUVEC|None,,ok_hash,SHARED__D2,train
B3 24H 2_png.rf.EyLWdlWUKIXMP6iPFvce.png,b3 24h 2,HUVEC,24,B3 24H 2.tiff,HUVEC/24h,LUIS RAW||PEP+GB||B3,LUIS RAW,B3,PEP+GB,HUVEC|PEP+GB,,ok_hash,LUIS RAW||PEP+GB||B3,train
B3 24H 2_png.rf.lz3tD9MuGQ7oyICLG9uX.png,b3 24h 2,HUVEC,24,B3 24H 2 (4).tiff,HUVEC/24h,Migração (PET e PEP) n3 - RAW||None||B3,Migração (PET e PEP) n3 - RAW,B3,None,HUVEC|None,,ok_hash,Migração (PET e PEP) n3 - RAW||None||B3,train
B3 24H 2_png.rf.PpupAz8GxRor2jDbCqF6.png,b3 24h 2,HUVEC,24,B3 24H 2 (2).tiff,HUVEC/24h,Migração (PET e PEP) n1 - RAW||PEP||B3,Migração (PET e PEP) n1 - RAW,B3,PEP,HUVEC|PEP,,ok_hash,Migração (PET e PEP) n1 - RAW||PEP||B3,train
B3 24H 2_png.rf.JIWJJuOjEyFnBTTqWboN.png,b3 24h 2,HUVEC,24,B3 24H 2 (3).tiff,HUVEC/24h,Migração (PET e PEP) n2 - RAW||PEP + NEB 5uM||B3,Migração (PET e PEP) n2 - RAW,B3,PEP + NEB 5uM,HUVEC|PEP + NEB 5uM,,ok_hash,Migração (PET e PEP) n2 - RAW||PEP + NEB 5uM||B3,train
D5 0HR 1_png.rf.SbuUvkEBfRb7XvbRCXbf.png,d5 0hr 1,HUVEC,0,D5 0HR 1.tiff,HUVEC/0h,originais||None||D5,originais,D5,None,HUVEC|None,,ok_hash,originais||None||D5,train
B7 8HR 2_png.rf.yDoXeIkOiLCyfJbfAIKB.png,b7 8hr 2,HUVEC,8,B7 8HR 2 (2).tiff,HUVEC/8h,Originais (1)||None||B7,Originais (1),B7,None,HUVEC|None,,ok_hash,SHARED__B7,val
B7 8hr 2_png.rf.31N2cJl5ULRNszuwGyOb.png,b7 8hr 2,HUVEC,8,B7 8hr 2.tiff,HUVEC/8h,Controle+Saudavel||None||B7,Controle+Saudavel,B7,None,HUVEC|None,,ok_hash,Controle+Saudavel||None||B7,val
B7 8HR 2_png.rf.6EowOoKvvsLORMwWwBzP.png,b7 8hr 2,HUVEC,8,,,Controle+Saudavel||None||B7,Controle+Saudavel,B7,None,HUVEC|None,,ok_nome_norm,Controle+Saudavel||None||B7,val
C2 8HR 1_png.rf.wLj3o7QBiTw4PQFnhYZK.png,c2 8hr 1,HUVEC,8,C2 8HR 1.tiff,HUVEC/8h,Originais (1)||None||C2,Originais (1),C2,None,HUVEC|None,,ok_hash,Originais (1)||None||C2,train
A8 0HR 1_png.rf.ywsuBpu9YgKyQg8WWxOB.png,a8 0hr 1,HUVEC,0,A8 0HR 1 (2).tiff,HUVEC/0h,Originais (1)||None||A8,Originais (1),A8,None,HUVEC|None,,ok_hash,SHARED__A8,val
A8 0HR 1_png.rf.NsYrX2Q0eYbZWXoghwTi.png,a8 0hr 1,HUVEC,0,A8 0HR 1.tiff,HUVEC/0h,originais||None||A8,originais,A8,None,HUVEC|None,,ok_hash,SHARED__A8,val
Snap-30_55_png.rf.6m4MweF1gXcaFnLD23yF.png,snap-30,SKOV,48,Snap-30.tiff,SKOV/48h,P2|CARBO|F14,P2,F14,CARBO,P2|CARBO,,ok_hash,P2|CARBO|F14,train
Snap-30_100_png.rf.DcdJxw6OPtMDzDx5c3Lq.png,snap-30,SKOV,24,Snap-30.tiff,SKOV/24h,P2|CARBO|F15,P2,F15,CARBO,P2|CARBO,,ok_hash,P2|CARBO|F15,train
Snap-30_png.rf.Xojuz9v1uRZimBXRpyJ2.png,snap-30,SKOV,0,Snap-30.tiff,SKOV/0h,P2|CARBO|F14,P2,F14,CARBO,P2|CARBO,,ok_hash,P2|CARBO|F14,train
Snap-30_129_png.rf.KEvLsnuWxsJl9q7Pk2G2.png,snap-30,SKOV,48,Snap-30 (2).tiff,SKOV/48h,P1|PTX|F14,P1,F14,PTX,P1|PTX,,ok_hash,P1|PTX|F14,train
Snap-30_189_png.rf.U7DtY68aa2qOKJpDCR2K.png,snap-30,SKOV,24,Snap-30 (2).tiff,SKOV/24h,P1|PTX|F14,P1,F14,PTX,P1|PTX,,ok_hash,P1|PTX|F14,train
B5 24h 2_png.rf.3cjezeQQgtHMSACrb0Ld.png,b5 24h 2,HUVEC,24,B5 24h 2.tiff,HUVEC/24h,Pré-Eclâmpsia||None||B5,Pré-Eclâmpsia,B5,None,HUVEC|None,,ok_hash,Pré-Eclâmpsia||None||B5,test
B5 24H 2_png.rf.byu1C5KzftHjtBI9ULN6.png,b5 24h 2,HUVEC,24,B5 24H 2 (3).tiff,HUVEC/24h,Migração (PET e PEP) n1 - RAW||PEP||B5,Migração (PET e PEP) n1 - RAW,B5,PEP,HUVEC|PEP,,ok_hash,Migração (PET e PEP) n1 - RAW||PEP||B5,train
B5 24H 2_png.rf.6Ig6Tpi1O42aZ0x8gcXo.png,b5 24h 2,HUVEC,24,B5 24H 2 (2).tiff,HUVEC/24h,LUIS RAW||PEP||B5,LUIS RAW,B5,PEP,HUVEC|PEP,,ok_hash,LUIS RAW||PEP||B5,train
B2 8H 1_png.rf.82fOfdAqqU18vFxOh5u1.png,b2 8h 1,HUVEC,8,B2 8H 1 (3).tiff,HUVEC/8h,Migração (PET e PEP) n3 - RAW||None||B2,Migração (PET e PEP) n3 - RAW,B2,None,HUVEC|None,,ok_hash,Migração (PET e PEP) n3 - RAW||None||B2,train
B2 8H 1_png.rf.1sEMLb1fXZPZHJjrhVPy.png,b2 8h 1,HUVEC,8,B2 8H 1.tiff,HUVEC/8h,LUIS RAW||PEP+MET3||B2,LUIS RAW,B2,PEP+MET3,HUVEC|PEP+MET3,,ok_hash,LUIS RAW||PEP+MET3||B2,test
B2 8H 1_png.rf.eHCBbYTrS06t1A3Xetic.png,b2 8h 1,HUVEC,8,B2 8H 1 (2).tiff,HUVEC/8h,Migração (PET e PEP) n2 - RAW||PEP + NEB 1uM||B2,Migração (PET e PEP) n2 - RAW,B2,PEP + NEB 1uM,HUVEC|PEP + NEB 1uM,,ok_hash,Migração (PET e PEP) n2 - RAW||PEP + NEB 1uM||B2,train
B8 0hr 2_png.rf.aZCq8UqHxNli7naRqYDo.png,b8 0hr 2,HUVEC,0,B8 0hr 2.tiff,HUVEC/0h,Controle+Saudavel||None||B8,Controle+Saudavel,B8,None,HUVEC|None,,ok_hash,Controle+Saudavel||None||B8,val
B8 0HR 2_png.rf.1mcXWBrhxYELPgOqOm7Y.png,b8 0hr 2,HUVEC,0,B8 0HR 2 (2).tiff,HUVEC/0h,Originais (1)||None||B8,Originais (1),B8,None,HUVEC|None,,ok_hash,SHARED__B8,train
B8 0HR 2_png.rf.NmJGNQtA45arpoRi4Nti.png,b8 0hr 2,HUVEC,0,,,Controle+Saudavel||None||B8,Controle+Saudavel,B8,None,HUVEC|None,,ok_nome_norm,Controle+Saudavel||None||B8,val
D3 12HR 1_png.rf.Yo8fn057Z7AttFerhIaK.png,d3 12hr 1,HUVEC,12,D3 12HR 1 (2).tiff,HUVEC/12h,Originais (1)||None||D3,Originais (1),D3,None,HUVEC|None,,ok_hash,SHARED__D3,train
D3 12HR 1_png.rf.mifzTygCpbeTjrtE3vVM.png,d3 12hr 1,HUVEC,12,D3 12HR 1.tiff,HUVEC/12h,originais||None||D3,originais,D3,None,HUVEC|None,,ok_hash,SHARED__D3,train
C7 24HR 2_png.rf.cnX19wyaKkQGsBZZ4Sw2.png,c7 24hr 2,HUVEC,24,C7 24HR 2.tiff,HUVEC/24h,Originais (1)||None||C7,Originais (1),C7,None,HUVEC|None,,ok_hash,Originais (1)||None||C7,train
A7 12HR 2_png.rf.f4E0d0pjc4kys6Feop64.png,a7 12hr 2,HUVEC,12,A7 12HR 2 (2).tiff,HUVEC/12h,Originais (1)||None||A7,Originais (1),A7,None,HUVEC|None,,ok_hash,SHARED__A7,train
A7 12HR 2_png.rf.LGr3s2Yj4OY0qdGUWghJ.png,a7 12hr 2,HUVEC,12,A7 12HR 2.tiff,HUVEC/12h,originais||None||A7,originais,A7,None,HUVEC|None,,ok_hash,SHARED__A7,train
ptx1_2_png.rf.mOSxinMIUOQxQUjpAhxb.png,ptx1 2,SKOV,0,ptx1_2.tiff,SKOV/0h,P1|PTX|F2,P1,F2,PTX,P1|PTX,,ok_hash,P1|PTX|F2,train
B2 24H 2_png.rf.X8Z6nGLnH4ONbqM6CEpF.png,b2 24h 2,HUVEC,24,B2 24H 2.tiff,HUVEC/24h,Controle+Saudavel||None||B2,Controle+Saudavel,B2,None,HUVEC|None,,ok_hash,Controle+Saudavel||None||B2,train
B2 24H 2_png.rf.2B8Ciuc7mmIxPuHxOZLz.png,b2 24h 2,HUVEC,24,B2 24H 2 (4).tiff,HUVEC/24h,Migração (PET e PEP) n3 - RAW||None||B2,Migração (PET e PEP) n3 - RAW,B2,None,HUVEC|None,,ok_hash,Migração (PET e PEP) n3 - RAW||None||B2,train
B2 24H 2_png.rf.Q3DCFWxYj6laxcLJd6a0.png,b2 24h 2,HUVEC,24,B2 24H 2 (2).tiff,HUVEC/24h,LUIS RAW||PEP+MET3||B2,LUIS RAW,B2,PEP+MET3,HUVEC|PEP+MET3,,ok_hash,LUIS RAW||PEP+MET3||B2,test
B2 24H 2_png.rf.6K3bulaFjDpWKIXTUtMN.png,b2 24h 2,HUVEC,24,B2 24H 2 (3).tiff,HUVEC/24h,Migração (PET e PEP) n2 - RAW||PEP + NEB 1uM||B2,Migração (PET e PEP) n2 - RAW,B2,PEP + NEB 1uM,HUVEC|PEP + NEB 1uM,,ok_hash,Migração (PET e PEP) n2 - RAW||PEP + NEB 1uM||B2,train
B6 8HR 2_png.rf.lL8VF3TnnS6JnU7Tc7Wa.png,b6 8hr 2,HUVEC,8,B6 8HR 2 (2).tiff,HUVEC/8h,Originais (1)||None||B6,Originais (1),B6,None,HUVEC|None,,ok_hash,SHARED__B6,train
B6 8HR 2_png.rf.bHSaiKrngLQxd2WS4VGz.png,b6 8hr 2,HUVEC,8,,,Controle+Saudavel||None||B6,Controle+Saudavel,B6,None,HUVEC|None,,ok_nome_norm,Controle+Saudavel||None||B6,train
B6 8hr 2_png.rf.O9yXvhq4gJ67a56wZwzv.png,b6 8hr 2,HUVEC,8,B6 8hr 2.tiff,HUVEC/8h,Controle+Saudavel||None||B6,Controle+Saudavel,B6,None,HUVEC|None,,ok_hash,Controle+Saudavel||None||B6,train
A2 8HR 2_png.rf.u3NMC3KSQZdSv2RTyFC5.png,a2 8hr 2,HUVEC,8,A2 8HR 2 (2).tiff,HUVEC/8h,Originais (1)||None||A2,Originais (1),A2,None,HUVEC|None,,ok_hash,SHARED__A2,val
A2 8HR 2_png.rf.OPzk7PLhz0XXJ9whIGjz.png,a2 8hr 2,HUVEC,8,A2 8HR 2.tiff,HUVEC/8h,originais||None||A2,originais,A2,None,HUVEC|None,,ok_hash,SHARED__A2,val
C2 8H 2_png.rf.DMVAcxSLblieiwwMA22S.png,c2 8h 2,HUVEC,8,C2 8H 2 (2).tiff,HUVEC/8h,Migração (PET e PEP) n3 - RAW||None||C2,Migração (PET e PEP) n3 - RAW,C2,None,HUVEC|None,,ok_hash,Migração (PET e PEP) n3 - RAW||None||C2,val
C2 8H 2_png.rf.hIrLcZkOgk90yFawiPTB.png,c2 8h 2,HUVEC,8,C2 8H 2.tiff,HUVEC/8h,Migração (PET e PEP) n2 - RAW||PET||C2,Migração (PET e PEP) n2 - RAW,C2,PET,HUVEC|PET,,ok_hash,Migração (PET e PEP) n2 - RAW||PET||C2,train
C3 12H 2_png.rf.EZwf4Pv39ZyBeUX9Siot.png,c3 12h 2,HUVEC,12,C3 12H 2 (3).tiff,HUVEC/12h,Migração (PET e PEP) n3 - RAW||None||C3,Migração (PET e PEP) n3 - RAW,C3,None,HUVEC|None,,ok_hash,Migração (PET e PEP) n3 - RAW||None||C3,train
C3 12H 2_png.rf.9BFyHnRYAWj09CUpjmbm.png,c3 12h 2,HUVEC,12,C3 12H 2.tiff,HUVEC/12h,Migração (PET e PEP) n1 - RAW||PEP + NEB 1uM||C3,Migração (PET e PEP) n1 - RAW,C3,PEP + NEB 1uM,HUVEC|PEP + NEB 1uM,,ok_hash,Migração (PET e PEP) n1 - RAW||PEP + NEB 1uM||C3,val
C3 12H 2_png.rf.tExKdQ0xoYVj68ww6N50.png,c3 12h 2,HUVEC,12,C3 12H 2 (2).tiff,HUVEC/12h,Migração (PET e PEP) n2 - RAW||PET||C3,Migração (PET e PEP) n2 - RAW,C3,PET,HUVEC|PET,,ok_hash,Migração (PET e PEP) n2 - RAW||PET||C3,test
A1 8H 2_png.rf.Fg5j1LHwzHDaS3nDHYaG.png,a1 8h 2,HUVEC,8,A1 8H 2 (3).tiff,HUVEC/8h,Migração (PET e PEP) n3 - RAW||None||A1,Migração (PET e PEP) n3 - RAW,A1,None,HUVEC|None,,ok_hash,Migração (PET e PEP) n3 - RAW||None||A1,val
A1 8H 2_png.rf.o3mN54nakRmUHu9bcoEx.png,a1 8h 2,HUVEC,8,A1 8H 2 (2).tiff,HUVEC/8h,Migração (PET e PEP) n2 - RAW||PEP||A1,Migração (PET e PEP) n2 - RAW,A1,PEP,HUVEC|PEP,,ok_hash,Migração (PET e PEP) n2 - RAW||PEP||A1,train
B3 12H 2_png.rf.NDVg6wiBvaIIXeGck2ha.png,b3 12h 2,HUVEC,12,B3 12H 2.tiff,HUVEC/12h,LUIS RAW||PEP+GB||B3,LUIS RAW,B3,PEP+GB,HUVEC|PEP+GB,,ok_hash,LUIS RAW||PEP+GB||B3,train
B3 12H 2_png.rf.j98jhElrKsmQ8U5bNLem.png,b3 12h 2,HUVEC,12,B3 12H 2 (4).tiff,HUVEC/12h,Migração (PET e PEP) n3 - RAW||None||B3,Migração (PET e PEP) n3 - RAW,B3,None,HUVEC|None,,ok_hash,Migração (PET e PEP) n3 - RAW||None||B3,train
B3 12H 2_png.rf.5Jpy0eTyEFkYVLhRnY0H.png,b3 12h 2,HUVEC,12,B3 12H 2 (2).tiff,HUVEC/12h,Migração (PET e PEP) n1 - RAW||PEP||B3,Migração (PET e PEP) n1 - RAW,B3,PEP,HUVEC|PEP,,ok_hash,Migração (PET e PEP) n1 - RAW||PEP||B3,train
B3 12H 2_png.rf.VwsTMjoz5gMDEM6g8sEy.png,b3 12h 2,HUVEC,12,B3 12H 2 (3).tiff,HUVEC/12h,Migração (PET e PEP) n2 - RAW||PEP + NEB 5uM||B3,Migração (PET e PEP) n2 - RAW,B3,PEP + NEB 5uM,HUVEC|PEP + NEB 5uM,,ok_hash,Migração (PET e PEP) n2 - RAW||PEP + NEB 5uM||B3,train
E1 24H 1_png.rf.JjdLiNmCus3kSa50aOeW.png,e1 24h 1,HUVEC,24,E1 24H 1.tiff,HUVEC/24h,LUIS RAW||PEP||E1,LUIS RAW,E1,PEP,HUVEC|PEP,,ok_hash,LUIS RAW||PEP||E1,train
B7 24H 1_png.rf.OtOpnukvsf6oYU6mqpLu.png,b7 24h 1,HUVEC,24,B7 24H 1 (2).tiff,HUVEC/24h,LUIS RAW||PEP+GB||B7,LUIS RAW,B7,PEP+GB,HUVEC|PEP+GB,,ok_hash,LUIS RAW||PEP+GB||B7,val
B7 24h 1_png.rf.711fbkCM378FKfxwg6z1.png,b7 24h 1,HUVEC,24,B7 24h 1.tiff,HUVEC/24h,Pré-Eclâmpsia||None||B7,Pré-Eclâmpsia,B7,None,HUVEC|None,,ok_hash,Pré-Eclâmpsia||None||B7,test
B7 24h 1_png.rf.5p9AHhSfxGprdyejHtqc.png,b7 24h 1,HUVEC,24,,,Pré-Eclâmpsia||None||B7,Pré-Eclâmpsia,B7,None,HUVEC|None,,ok_nome_norm,Pré-Eclâmpsia||None||B7,test
D1 8H 1_png.rf.AmYzGCscmIMNbZlAIVL4.png,d1 8h 1,HUVEC,8,D1 8H 1 (3).tiff,HUVEC/8h,Migração (PET e PEP) n3 - RAW||None||D1,Migração (PET e PEP) n3 - RAW,D1,None,HUVEC|None,,ok_hash,Migração (PET e PEP) n3 - RAW||None||D1,test
D1 8H 1_png.rf.zbjZK9V0wwXONgH5gW3t.png,d1 8h 1,HUVEC,8,D1 8H 1 (2).tiff,HUVEC/8h,Migração (PET e PEP) n2 - RAW||PET + NEB 1uM||D1,Migração (PET e PEP) n2 - RAW,D1,PET + NEB 1uM,HUVEC|PET + NEB 1uM,,ok_hash,Migração (PET e PEP) n2 - RAW||PET + NEB 1uM||D1,train
D1 8H 1_png.rf.6S1MX1FR4Rawy7SjqcqO.png,d1 8h 1,HUVEC,8,D1 8H 1.tiff,HUVEC/8h,LUIS RAW||PET||D1,LUIS RAW,D1,PET,HUVEC|PET,,ok_hash,LUIS RAW||PET||D1,train
C2 8H 1_png.rf.CgtKGglvZUo2NKAOhpkN.png,c2 8h 1,HUVEC,8,C2 8H 1 (2).tiff,HUVEC/8h,Migração (PET e PEP) n3 - RAW||None||C2,Migração (PET e PEP) n3 - RAW,C2,None,HUVEC|None,,ok_hash,Migração (PET e PEP) n3 - RAW||None||C2,val
C2 8H 1_png.rf.YcvorWt40mgqlkfFWa9p.png,c2 8h 1,HUVEC,8,C2 8H 1.tiff,HUVEC/8h,Migração (PET e PEP) n2 - RAW||PET||C2,Migração (PET e PEP) n2 - RAW,C2,PET,HUVEC|PET,,ok_hash,Migração (PET e PEP) n2 - RAW||PET||C2,train
A1 0H 2_png.rf.Ch9zsbnPPUewmwRQvgwK.png,a1 0h 2,HUVEC,0,A1 0H 2 (3).tiff,HUVEC/0h,Migração (PET e PEP) n3 - RAW||None||A1,Migração (PET e PEP) n3 - RAW,A1,None,HUVEC|None,,ok_hash,Migração (PET e PEP) n3 - RAW||None||A1,val
A1 0H 2_png.rf.zdc9javVRAONDqMECkcv.png,a1 0h 2,HUVEC,0,A1 0H 2 (2).tiff,HUVEC/0h,Migração (PET e PEP) n2 - RAW||PEP||A1,Migração (PET e PEP) n2 - RAW,A1,PEP,HUVEC|PEP,,ok_hash,Migração (PET e PEP) n2 - RAW||PEP||A1,train
C1 12H 1_png.rf.DBQsmm0tg6U59ZM4Ject.png,c1 12h 1,HUVEC,12,C1 12H 1 (3).tiff,HUVEC/12h,Migração (PET e PEP) n3 - RAW||None||C1,Migração (PET e PEP) n3 - RAW,C1,None,HUVEC|None,,ok_hash,Migração (PET e PEP) n3 - RAW||None||C1,train
C1 12H 1_png.rf.3MJj2LN3tzGOspcR3v0U.png,c1 12h 1,HUVEC,12,C1 12H 1 (2).tiff,HUVEC/12h,Migração (PET e PEP) n2 - RAW||PET||C1,Migração (PET e PEP) n2 - RAW,C1,PET,HUVEC|PET,,ok_hash,Migração (PET e PEP) n2 - RAW||PET||C1,val
C1 12H 1_png.rf.3eaAz3o1S8lN2vN7cVFf.png,c1 12h 1,HUVEC,12,C1 12H 1.tiff,HUVEC/12h,LUIS RAW||PET||C1,LUIS RAW,C1,PET,HUVEC|PET,,ok_hash,LUIS RAW||PET||C1,test
D1 24H 1_png.rf.9St1pSdNBqUmYewNNUks.png,d1 24h 1,HUVEC,24,D1 24H 1 (3).tiff,HUVEC/24h,Migração (PET e PEP) n3 - RAW||None||D1,Migração (PET e PEP) n3 - RAW,D1,None,HUVEC|None,,ok_hash,Migração (PET e PEP) n3 - RAW||None||D1,test
D1 24H 1_png.rf.OBD2OApvH8j8vOMik7pK.png,d1 24h 1,HUVEC,24,D1 24H 1 (2).tiff,HUVEC/24h,Migração (PET e PEP) n2 - RAW||PET + NEB 1uM||D1,Migração (PET e PEP) n2 - RAW,D1,PET + NEB 1uM,HUVEC|PET + NEB 1uM,,ok_hash,Migração (PET e PEP) n2 - RAW||PET + NEB 1uM||D1,train
D2 12H 2_png.rf.ACOvW3ReDoIcqLBcUAWq.png,d2 12h 2,HUVEC,12,D2 12H 2 (2).tiff,HUVEC/12h,Migração (PET e PEP) n3 - RAW||None||D2,Migração (PET e PEP) n3 - RAW,D2,None,HUVEC|None,,ok_hash,Migração (PET e PEP) n3 - RAW||None||D2,test
D2 12H 2_png.rf.asho9rO42U1YkLH8onj3.png,d2 12h 2,HUVEC,12,D2 12H 2.tiff,HUVEC/12h,Migração (PET e PEP) n2 - RAW||PET + NEB 1uM||D2,Migração (PET e PEP) n2 - RAW,D2,PET + NEB 1uM,HUVEC|PET + NEB 1uM,,ok_hash,Migração (PET e PEP) n2 - RAW||PET + NEB 1uM||D2,test
Snap-28_png.rf.53e1fT3dOkKzOIbE7A2L.png,snap-28,SKOV,0,Snap-28.tiff,SKOV/0h,P2|CARBO|F12,P2,F12,CARBO,P2|CARBO,,ok_hash,P2|CARBO|F12,train
Snap-28_52_png.rf.DmC6ddQwMqlVy1m8BSG0.png,snap-28,SKOV,48,Snap-28.tiff,SKOV/48h,P2|CARBO|F12,P2,F12,CARBO,P2|CARBO,,ok_hash,P2|CARBO|F12,train
Snap-28_280_png.rf.Xe3kQDC14ewhHfBA8CUW.png,snap-28,SKOV,72,Snap-28.tiff,SKOV/72h,P1|GEO|F8,P1,F8,GEO,P1|GEO,,ok_hash,P1|GEO|F8,train
Snap-28_126_png.rf.V9gVxGXcQuCpVJLB39Zx.png,snap-28,SKOV,48,Snap-28 (2).tiff,SKOV/48h,P1|PTX|F12,P1,F12,PTX,P1|PTX,,ok_hash,P1|PTX|F12,train
Snap-28_186_png.rf.Pxc3A3OicklntYPjiAag.png,snap-28,SKOV,24,Snap-28 (2).tiff,SKOV/24h,P1|PTX|F12,P1,F12,PTX,P1|PTX,,ok_hash,P1|PTX|F12,train
Snap-28_97_png.rf.XDLmTq2FjXvy3Vkcqds3.png,snap-28,SKOV,24,Snap-28.tiff,SKOV/24h,P2|CARBO|F13,P2,F13,CARBO,P2|CARBO,,ok_hash,P2|CARBO|F13,train
Snap-32_232_png.rf.H6ouoiFAv5Y1rFVDrWAl.png,snap-32,SKOV,24,Snap-32 (2).tiff,SKOV/24h,P1|GEO|F1,P1,F1,GEO,P1|GEO,,ok_hash,P1|GEO|F1,val
Snap-32_172_png.rf.v8kSqKvdYhYnQPNDX2xH.png,snap-32,SKOV,48,Snap-32 (2).tiff,SKOV/48h,P1|GEO|F1,P1,F1,GEO,P1|GEO,,ok_hash,P1|GEO|F1,val
Snap-32_278_png.rf.nLijQDvNEE80IhapSa8o.png,snap-32,SKOV,72,Snap-32.tiff,SKOV/72h,P1|GEO|F12,P1,F12,GEO,P1|GEO,,ok_hash,P1|GEO|F12,train
Snap-32_83_png.rf.zimIKCDN8Am3qdwGC4kR.png,snap-32,SKOV,24,Snap-32.tiff,SKOV/24h,P2|GEO|F1,P2,F1,GEO,P2|GEO,,ok_hash,P2|GEO|F1,train
Snap-32_38_png.rf.Bax0fFvBhSAiX72iQPds.png,snap-32,SKOV,48,Snap-32.tiff,SKOV/48h,P2|GEO|F2,P2,F2,GEO,P2|GEO,,ok_hash,P2|GEO|F2,train
Snap-32_png.rf.gnPsOfWEBlQ88rOXjxL2.png,snap-32,SKOV,0,Snap-32.tiff,SKOV/0h,P2|GEO|F1,P2,F1,GEO,P2|GEO,,ok_hash,P2|GEO|F1,train
B4 8H 2_png.rf.JLOE0R7PHObSGtKZkOIy.png,b4 8h 2,HUVEC,8,B4 8H 2 (4).tiff,HUVEC/8h,Migração (PET e PEP) n3 - RAW||None||B4,Migração (PET e PEP) n3 - RAW,B4,None,HUVEC|None,,ok_hash,Migração (PET e PEP) n3 - RAW||None||B4,train
B4 8H 2_png.rf.eb7KTH0SjX0wu1Kt3RMo.png,b4 8h 2,HUVEC,8,B4 8H 2 (2).tiff,HUVEC/8h,Migração (PET e PEP) n1 - RAW||PEP||B4,Migração (PET e PEP) n1 - RAW,B4,PEP,HUVEC|PEP,,ok_hash,Migração (PET e PEP) n1 - RAW||PEP||B4,val
B4 8H 2_png.rf.sBbuiEVhnnULLBzNf5UU.png,b4 8h 2,HUVEC,8,B4 8H 2 (3).tiff,HUVEC/8h,Migração (PET e PEP) n2 - RAW||PEP + NEB 5uM||B4,Migração (PET e PEP) n2 - RAW,B4,PEP + NEB 5uM,HUVEC|PEP + NEB 5uM,,ok_hash,Migração (PET e PEP) n2 - RAW||PEP + NEB 5uM||B4,train
B4 8H 2_png.rf.ShxIhASvXw8lGbZkLgUb.png,b4 8h 2,HUVEC,8,B4 8H 2.tiff,HUVEC/8h,LUIS RAW||PEP+MCC||B4,LUIS RAW,B4,PEP+MCC,HUVEC|PEP+MCC,,ok_hash,LUIS RAW||PEP+MCC||B4,train
D4 12H 2_png.rf.JoRndEJA1lep3hprLUOS.png,d4 12h 2,HUVEC,12,D4 12H 2 (3).tiff,HUVEC/12h,Migração (PET e PEP) n3 - RAW||None||D4,Migração (PET e PEP) n3 - RAW,D4,None,HUVEC|None,,ok_hash,Migração (PET e PEP) n3 - RAW||None||D4,train
D4 12H 2_png.rf.oo3BzL9sz02jNfhjhBSz.png,d4 12h 2,HUVEC,12,D4 12H 2 (2).tiff,HUVEC/12h,Migração (PET e PEP) n2 - RAW||PET + NEB 5uM||D4,Migração (PET e PEP) n2 - RAW,D4,PET + NEB 5uM,HUVEC|PET + NEB 5uM,,ok_hash,Migração (PET e PEP) n2 - RAW||PET + NEB 5uM||D4,train
D4 12H 2_png.rf.txyJ67o8LXpC3sVtUoTH.png,d4 12h 2,HUVEC,12,D4 12H 2.tiff,HUVEC/12h,Migração (PET e PEP) n1 - RAW||PEP + NEB 5uM||D4,Migração (PET e PEP) n1 - RAW,D4,PEP + NEB 5uM,HUVEC|PEP + NEB 5uM,,ok_hash,Migração (PET e PEP) n1 - RAW||PEP + NEB 5uM||D4,val
A4 8HR 1_png.rf.zapxIcIaLMQGJ9HbDNKV.png,a4 8hr 1,HUVEC,8,A4 8HR 1 (2).tiff,HUVEC/8h,Originais (1)||None||A4,Originais (1),A4,None,HUVEC|None,,ok_hash,SHARED__A4,train
A4 8HR 1_png.rf.Oh3iZV03y0zaBFvuM0HD.png,a4 8hr 1,HUVEC,8,A4 8HR 1.tiff,HUVEC/8h,originais||None||A4,originais,A4,None,HUVEC|None,,ok_hash,SHARED__A4,train
Snap-29_183_png.rf.TEtTesrejABE2zAfrCRO.png,snap-29,SKOV,24,Snap-29 (2).tiff,SKOV/24h,P1|PTX|F13,P1,F13,PTX,P1|PTX,,ok_hash,P1|PTX|F13,train
Snap-29_275_png.rf.XkckzJWNljmGBj0JLo7I.png,snap-29,SKOV,72,Snap-29.tiff,SKOV/72h,P1|GEO|F9,P1,F9,GEO,P1|GEO,,ok_hash,P1|GEO|F9,val
Snap-29_png.rf.HhjvWugqHNOuxEUR80xT.png,snap-29,SKOV,0,Snap-29.tiff,SKOV/0h,P2|CARBO|F13,P2,F13,CARBO,P2|CARBO,,ok_hash,P2|CARBO|F13,train
Snap-29_123_png.rf.VWdEayiXaSZj0sRvU9Lh.png,snap-29,SKOV,48,Snap-29 (2).tiff,SKOV/48h,P1|PTX|F13,P1,F13,PTX,P1|PTX,,ok_hash,P1|PTX|F13,train
Snap-29_94_png.rf.qaT0a4MOXWeFqaJqDMsT.png,snap-29,SKOV,24,Snap-29.tiff,SKOV/24h,P2|CARBO|F14,P2,F14,CARBO,P2|CARBO,,ok_hash,P2|CARBO|F14,train
Snap-29_49_png.rf.sO8t65IvPbrmOmeTdSFp.png,snap-29,SKOV,48,Snap-29.tiff,SKOV/48h,P2|CARBO|F13,P2,F13,CARBO,P2|CARBO,,ok_hash,P2|CARBO|F13,train
Snap-31_40_png.rf.MlgkW5XJAczCgefQquEJ.png,snap-31,SKOV,48,Snap-31.tiff,SKOV/48h,P2|GEO|F1,P2,F1,GEO,P2|GEO,,ok_hash,P2|GEO|F1,train
Snap-31_281_png.rf.HrwVzS03qTHBX5RB7awf.png,snap-31,SKOV,72,Snap-31.tiff,SKOV/72h,P1|GEO|F11,P1,F11,GEO,P1|GEO,,ok_hash,P1|GEO|F11,train
D4 0H 1_png.rf.FutNJ1bcHBCTMEvRlEBr.png,d4 0h 1,HUVEC,0,D4 0H 1 (3).tiff,HUVEC/0h,Migração (PET e PEP) n3 - RAW||None||D4,Migração (PET e PEP) n3 - RAW,D4,None,HUVEC|None,,ok_hash,Migração (PET e PEP) n3 - RAW||None||D4,train
D4 0H 1_png.rf.7IFP3MwTGMviOOsMWWnv.png,d4 0h 1,HUVEC,0,D4 0H 1 (2).tiff,HUVEC/0h,Migração (PET e PEP) n2 - RAW||PET + NEB 5uM||D4,Migração (PET e PEP) n2 - RAW,D4,PET + NEB 5uM,HUVEC|PET + NEB 5uM,,ok_hash,Migração (PET e PEP) n2 - RAW||PET + NEB 5uM||D4,train
D4 0H 1_png.rf.hIDWQ46StqSUcKyGmBYY.png,d4 0h 1,HUVEC,0,D4 0H 1.tiff,HUVEC/0h,Migração (PET e PEP) n1 - RAW||PEP + NEB 5uM||D4,Migração (PET e PEP) n1 - RAW,D4,PEP + NEB 5uM,HUVEC|PEP + NEB 5uM,,ok_hash,Migração (PET e PEP) n1 - RAW||PEP + NEB 5uM||D4,val
B5 24h 1_png.rf.eRMLDgcaTXW0RnafPtxO.png,b5 24h 1,HUVEC,24,,,Pré-Eclâmpsia||None||B5,Pré-Eclâmpsia,B5,None,HUVEC|None,,ok_nome_norm,Pré-Eclâmpsia||None||B5,test
B5 24h 1_png.rf.KqK0yeM8f5TSNBY037vO.png,b5 24h 1,HUVEC,24,B5 24h 1.tiff,HUVEC/24h,Pré-Eclâmpsia||None||B5,Pré-Eclâmpsia,B5,None,HUVEC|None,,ok_hash,Pré-Eclâmpsia||None||B5,test
B5 24H 1_png.rf.v4xzVz9xWcYuAyRBEFK6.png,b5 24h 1,HUVEC,24,B5 24H 1 (3).tiff,HUVEC/24h,Migração (PET e PEP) n1 - RAW||PEP||B5,Migração (PET e PEP) n1 - RAW,B5,PEP,HUVEC|PEP,,ok_hash,Migração (PET e PEP) n1 - RAW||PEP||B5,train
B5 24H 1_png.rf.8BLfMU53TgFR8c7rKbxk.png,b5 24h 1,HUVEC,24,B5 24H 1 (2).tiff,HUVEC/24h,LUIS RAW||PEP||B5,LUIS RAW,B5,PEP,HUVEC|PEP,,ok_hash,LUIS RAW||PEP||B5,train
C4 24HR 1_png.rf.eIMMU5GPoFUXukXzzpRq.png,c4 24hr 1,HUVEC,24,C4 24HR 1.tiff,HUVEC/24h,Originais (1)||None||C4,Originais (1),C4,None,HUVEC|None,,ok_hash,Originais (1)||None||C4,train
ptx3_4_png.rf.zUAP19LA8H9wE86pzDel.png,ptx3 4,SKOV,0,ptx3_4.tiff,SKOV/0h,P1|PTX|F14,P1,F14,PTX,P1|PTX,,ok_hash,P1|PTX|F14,train
A5 12HR 2_png.rf.rAr8U7x7uLNYSny2Orvg.png,a5 12hr 2,HUVEC,12,A5 12HR 2 (2).tiff,HUVEC/12h,Originais (1)||None||A5,Originais (1),A5,None,HUVEC|None,,ok_hash,SHARED__A5,train
A5 12HR 2_png.rf.mzYpTwvbQHLWffHAkMOe.png,a5 12hr 2,HUVEC,12,A5 12HR 2.tiff,HUVEC/12h,originais||None||A5,originais,A5,None,HUVEC|None,,ok_hash,SHARED__A5,train
C3 12HR 2_png.rf.zgyiXq2ugB20KJ4MV7F7.png,c3 12hr 2,HUVEC,12,C3 12HR 2.tiff,HUVEC/12h,Originais (1)||None||C3,Originais (1),C3,None,HUVEC|None,,ok_hash,Originais (1)||None||C3,train
Snap-04_23_png.rf.1BJgEenRWx1JWIEQf9Lv.png,snap-4,SKOV,48,Snap-04.tiff,SKOV/48h,P2|CT|F4,P2,F4,CT,P2|CT,,ok_hash,P2|CT|F4,val
Snap-04_142_png.rf.M2wnhWd1Sd8Ifvp6QzaX.png,snap-4,SKOV,48,Snap-04 (2).tiff,SKOV/48h,P1|CT|F4,P1,F4,CT,P1|CT,,ok_hash,P1|CT|F4,train
Snap-04_202_png.rf.NR0kpfukSEnlSMYMSLQj.png,snap-4,SKOV,24,Snap-04 (2).tiff,SKOV/24h,P1|CT|F3,P1,F3,CT,P1|CT,,ok_hash,P1|CT|F3,train
Snap-04_png.rf.sMGktY9BFWuJUYIgaqQM.png,snap-4,SKOV,0,Snap-04.tiff,SKOV/0h,P2|CT|F3,P2,F3,CT,P2|CT,,ok_hash,P2|CT|F3,test
Snap-04_68_png.rf.qa33swNedVvsWNkINBRJ.png,snap-4,SKOV,24,Snap-04.tiff,SKOV/24h,P2|CT|F4,P2,F4,CT,P2|CT,,ok_hash,P2|CT|F4,val
A8 12HR 1_png.rf.xRg914oD9uiAFvSCIuM5.png,a8 12hr 1,HUVEC,12,A8 12HR 1 (2).tiff,HUVEC/12h,Originais (1)||None||A8,Originais (1),A8,None,HUVEC|None,,ok_hash,SHARED__A8,val
A8 12HR 1_png.rf.S0EDn8crl6auGSHhKnlu.png,a8 12hr 1,HUVEC,12,A8 12HR 1.tiff,HUVEC/12h,originais||None||A8,originais,A8,None,HUVEC|None,,ok_hash,SHARED__A8,val
Snap-05_199_png.rf.6Q1Bw549TYJ3y3mfuvz8.png,snap-5,SKOV,24,Snap-05 (2).tiff,SKOV/24h,P1|CT|F4,P1,F4,CT,P1|CT,,ok_hash,P1|CT|F4,train
Snap-05_65_png.rf.DoDrkBOFzLTZlfhsvn9K.png,snap-5,SKOV,24,Snap-05.tiff,SKOV/24h,P2|CT|F5,P2,F5,CT,P2|CT,,ok_hash,P2|CT|F5,train
Snap-05_139_png.rf.niBpFx50l8Vf2AVZYkEa.png,snap-5,SKOV,48,Snap-05 (2).tiff,SKOV/48h,P1|CT|F5,P1,F5,CT,P1|CT,,ok_hash,P1|CT|F5,test
Snap-05_png.rf.wkFRpHndlLEZ8vXfITkh.png,snap-5,SKOV,0,Snap-05.tiff,SKOV/0h,P2|CT|F4,P2,F4,CT,P2|CT,,ok_hash,P2|CT|F4,val
Snap-05_20_png.rf.0ZVYxRfLCmMj9Gx6Z8HM.png,snap-5,SKOV,48,Snap-05.tiff,SKOV/48h,P2|CT|F5,P2,F5,CT,P2|CT,,ok_hash,P2|CT|F5,train
B2 12H 2_png.rf.YYY5vUirwJPSMny2nvl3.png,b2 12h 2,HUVEC,12,B2 12H 2 (3).tiff,HUVEC/12h,Migração (PET e PEP) n3 - RAW||None||B2,Migração (PET e PEP) n3 - RAW,B2,None,HUVEC|None,,ok_hash,Migração (PET e PEP) n3 - RAW||None||B2,train
B2 12H 2_png.rf.FzXZIgC2qgWNJeU50fSK.png,b2 12h 2,HUVEC,12,B2 12H 2 (2).tiff,HUVEC/12h,Migração (PET e PEP) n2 - RAW||PEP + NEB 1uM||B2,Migração (PET e PEP) n2 - RAW,B2,PEP + NEB 1uM,HUVEC|PEP + NEB 1uM,,ok_hash,Migração (PET e PEP) n2 - RAW||PEP + NEB 1uM||B2,train
C3 8H 1_png.rf.aUtWxOp3N6x2Sm6L3Pxy.png,c3 8h 1,HUVEC,8,C3 8H 1 (3).tiff,HUVEC/8h,Migração (PET e PEP) n3 - RAW||None||C3,Migração (PET e PEP) n3 - RAW,C3,None,HUVEC|None,,ok_hash,Migração (PET e PEP) n3 - RAW||None||C3,train
C3 8H 1_png.rf.ifkP9o7aasJYjCRBwRMd.png,c3 8h 1,HUVEC,8,C3 8H 1 (2).tiff,HUVEC/8h,Migração (PET e PEP) n2 - RAW||PET||C3,Migração (PET e PEP) n2 - RAW,C3,PET,HUVEC|PET,,ok_hash,Migração (PET e PEP) n2 - RAW||PET||C3,test
C3 8H 1_png.rf.zcpxPqNmc4P4JnYSdW6p.png,c3 8h 1,HUVEC,8,C3 8H 1.tiff,HUVEC/8h,Migração (PET e PEP) n1 - RAW||PEP + NEB 1uM||C3,Migração (PET e PEP) n1 - RAW,C3,PEP + NEB 1uM,HUVEC|PEP + NEB 1uM,,ok_hash,Migração (PET e PEP) n1 - RAW||PEP + NEB 1uM||C3,val
D2 0H 2_png.rf.Dp47CnjPtc2Ypjhgjlpy.png,d2 0h 2,HUVEC,0,D2 0H 2 (2).tiff,HUVEC/0h,Migração (PET e PEP) n3 - RAW||None||D2,Migração (PET e PEP) n3 - RAW,D2,None,HUVEC|None,,ok_hash,Migração (PET e PEP) n3 - RAW||None||D2,test
D2 0H 2_png.rf.aFJ3evuMPh4bmQ6vObzi.png,d2 0h 2,HUVEC,0,D2 0H 2.tiff,HUVEC/0h,Migração (PET e PEP) n2 - RAW||PET + NEB 1uM||D2,Migração (PET e PEP) n2 - RAW,D2,PET + NEB 1uM,HUVEC|PET + NEB 1uM,,ok_hash,Migração (PET e PEP) n2 - RAW||PET + NEB 1uM||D2,test
B3 0H 1_png.rf.GfdZamns9A85dmpsncQd.png,b3 0h 1,HUVEC,0,B3 0H 1 (4).tiff,HUVEC/0h,Migração (PET e PEP) n3 - RAW||None||B3,Migração (PET e PEP) n3 - RAW,B3,None,HUVEC|None,,ok_hash,Migração (PET e PEP) n3 - RAW||None||B3,train
B3 0H 1_png.rf.VOvR3gkaIxZfUxZn7iWW.png,b3 0h 1,HUVEC,0,B3 0H 1.tiff,HUVEC/0h,LUIS RAW||PEP+GB||B3,LUIS RAW,B3,PEP+GB,HUVEC|PEP+GB,,ok_hash,LUIS RAW||PEP+GB||B3,train
B3 0H 1_png.rf.TvmtLMFiWafJEYHH5ahW.png,b3 0h 1,HUVEC,0,B3 0H 1 (2).tiff,HUVEC/0h,Migração (PET e PEP) n1 - RAW||PEP||B3,Migração (PET e PEP) n1 - RAW,B3,PEP,HUVEC|PEP,,ok_hash,Migração (PET e PEP) n1 - RAW||PEP||B3,train
B3 0H 1_png.rf.wXF2WuHXbUH1hjCwk5QU.png,b3 0h 1,HUVEC,0,B3 0H 1 (3).tiff,HUVEC/0h,Migração (PET e PEP) n2 - RAW||PEP + NEB 5uM||B3,Migração (PET e PEP) n2 - RAW,B3,PEP + NEB 5uM,HUVEC|PEP + NEB 5uM,,ok_hash,Migração (PET e PEP) n2 - RAW||PEP + NEB 5uM||B3,train
A1 0H 1_png.rf.HD2oRQ2kZkfx6TVBCwb0.png,a1 0h 1,HUVEC,0,A1 0H 1 (3).tiff,HUVEC/0h,Migração (PET e PEP) n3 - RAW||None||A1,Migração (PET e PEP) n3 - RAW,A1,None,HUVEC|None,,ok_hash,Migração (PET e PEP) n3 - RAW||None||A1,val
A1 0H 1_png.rf.eIu9T8KjhRT5idIu84ug.png,a1 0h 1,HUVEC,0,A1 0H 1 (2).tiff,HUVEC/0h,Migração (PET e PEP) n2 - RAW||PEP||A1,Migração (PET e PEP) n2 - RAW,A1,PEP,HUVEC|PEP,,ok_hash,Migração (PET e PEP) n2 - RAW||PEP||A1,train
A1 0H 1_png.rf.deuEZnvxVEhdzYi1BbRS.png,a1 0h 1,HUVEC,0,A1 0H 1.tiff,HUVEC/0h,LUIS RAW||PEP||A1,LUIS RAW,A1,PEP,HUVEC|PEP,,ok_hash,LUIS RAW||PEP||A1,train
C1 8H 1_png.rf.Kgxxv8FeePOy1Zd5HuuB.png,c1 8h 1,HUVEC,8,C1 8H 1 (3).tiff,HUVEC/8h,Migração (PET e PEP) n3 - RAW||None||C1,Migração (PET e PEP) n3 - RAW,C1,None,HUVEC|None,,ok_hash,Migração (PET e PEP) n3 - RAW||None||C1,train
C1 8H 1_png.rf.mj0lbrvKisdrUxG9vQnG.png,c1 8h 1,HUVEC,8,C1 8H 1 (2).tiff,HUVEC/8h,Migração (PET e PEP) n2 - RAW||PET||C1,Migração (PET e PEP) n2 - RAW,C1,PET,HUVEC|PET,,ok_hash,Migração (PET e PEP) n2 - RAW||PET||C1,val
C1 8H 1_png.rf.Ay4yt6ak3p7WdjXvlv87.png,c1 8h 1,HUVEC,8,C1 8H 1.tiff,HUVEC/8h,LUIS RAW||PET||C1,LUIS RAW,C1,PET,HUVEC|PET,,ok_hash,LUIS RAW||PET||C1,test
A2 12H 1_png.rf.KiET7Y5y6SYnGfA5kvLD.png,a2 12h 1,HUVEC,12,A2 12H 1 (3).tiff,HUVEC/12h,Migração (PET e PEP) n3 - RAW||None||A2,Migração (PET e PEP) n3 - RAW,A2,None,HUVEC|None,,ok_hash,Migração (PET e PEP) n3 - RAW||None||A2,train
A2 12H 1_png.rf.xnmVBn7WXmT4yiy3UMlx.png,a2 12h 1,HUVEC,12,A2 12H 1 (2).tiff,HUVEC/12h,Migração (PET e PEP) n2 - RAW||PEP||A2,Migração (PET e PEP) n2 - RAW,A2,PEP,HUVEC|PEP,,ok_hash,Migração (PET e PEP) n2 - RAW||PEP||A2,train
A2 12H 1_png.rf.OJIVQFhGNFY1jVusUDR3.png,a2 12h 1,HUVEC,12,A2 12H 1.tiff,HUVEC/12h,LUIS RAW||PEP+MET3||A2,LUIS RAW,A2,PEP+MET3,HUVEC|PEP+MET3,,ok_hash,LUIS RAW||PEP+MET3||A2,val
B3 0HR 1_png.rf.ywI9JUlQUWMjhvBhIXSD.png,b3 0hr 1,HUVEC,0,B3 0HR 1.tiff,HUVEC/0h,originais||None||B3,originais,B3,None,HUVEC|None,,ok_hash,SHARED__B3,train
B3 0HR 1_png.rf.w38HSO6SfUXeo4hLFscR.png,b3 0hr 1,HUVEC,0,B3 0HR 1 (2).tiff,HUVEC/0h,Originais (1)||None||B3,Originais (1),B3,None,HUVEC|None,,ok_hash,SHARED__B3,train
B3 8H 1_png.rf.KsM3VfYU1XJ2B5xCPglb.png,b3 8h 1,HUVEC,8,B3 8H 1 (4).tiff,HUVEC/8h,Migração (PET e PEP) n3 - RAW||None||B3,Migração (PET e PEP) n3 - RAW,B3,None,HUVEC|None,,ok_hash,Migração (PET e PEP) n3 - RAW||None||B3,train
B3 8H 1_png.rf.lHJeoP7Yhjzr6KYBPoRz.png,b3 8h 1,HUVEC,8,B3 8H 1 (3).tiff,HUVEC/8h,Migração (PET e PEP) n2 - RAW||PEP + NEB 5uM||B3,Migração (PET e PEP) n2 - RAW,B3,PEP + NEB 5uM,HUVEC|PEP + NEB 5uM,,ok_hash,Migração (PET e PEP) n2 - RAW||PEP + NEB 5uM||B3,train
B3 8H 1_png.rf.omgWK7mobEFIqpuUgMv3.png,b3 8h 1,HUVEC,8,B3 8H 1 (2).tiff,HUVEC/8h,Migração (PET e PEP) n1 - RAW||PEP||B3,Migração (PET e PEP) n1 - RAW,B3,PEP,HUVEC|PEP,,ok_hash,Migração (PET e PEP) n1 - RAW||PEP||B3,train
B3 8H 1_png.rf.P5wqKYFj2eE6zpNU0fkw.png,b3 8h 1,HUVEC,8,B3 8H 1.tiff,HUVEC/8h,LUIS RAW||PEP+GB||B3,LUIS RAW,B3,PEP+GB,HUVEC|PEP+GB,,ok_hash,LUIS RAW||PEP+GB||B3,train
Snap-06_147_png.rf.GD6EP0bfiqbQELx2DbXk.png,snap-6,SKOV,48,Snap-06 (2).tiff,SKOV/48h,P1|CT|F6,P1,F6,CT,P1|CT,,ok_hash,P1|CT|F6,test
Snap-06_28_png.rf.B16Hi9B61ihSVrFqD8EM.png,snap-6,SKOV,48,Snap-06.tiff,SKOV/48h,P2|CT|F6,P2,F6,CT,P2|CT,,ok_hash,P2|CT|F6,train
Snap-06_251_png.rf.RTJFsjqwbqP4Ma6aageY.png,snap-6,SKOV,72,Snap-06.tiff,SKOV/72h,P1|PTX|F1,P1,F1,PTX,P1|PTX,,ok_hash,P1|PTX|F1,test
Snap-06_207_png.rf.m5JajGmMom6qRqZWTY3C.png,snap-6,SKOV,24,Snap-06 (2).tiff,SKOV/24h,P1|CT|F5,P1,F5,CT,P1|CT,,ok_hash,P1|CT|F5,test
A5 12H 1_png.rf.Q2XHkY7lrdRjrWzwNsuW.png,a5 12h 1,HUVEC,12,A5 12H 1.tiff,HUVEC/12h,LUIS RAW||PEP||A5,LUIS RAW,A5,PEP,HUVEC|PEP,,ok_hash,LUIS RAW||PEP||A5,test
D4 12H 1_png.rf.9BeWOTfVwMn3ywdSyPmt.png,d4 12h 1,HUVEC,12,D4 12H 1 (3).tiff,HUVEC/12h,Migração (PET e PEP) n3 - RAW||None||D4,Migração (PET e PEP) n3 - RAW,D4,None,HUVEC|None,,ok_hash,Migração (PET e PEP) n3 - RAW||None||D4,train
D4 12H 1_png.rf.UCilzmx4bAo3sipEh0TZ.png,d4 12h 1,HUVEC,12,D4 12H 1 (2).tiff,HUVEC/12h,Migração (PET e PEP) n2 - RAW||PET + NEB 5uM||D4,Migração (PET e PEP) n2 - RAW,D4,PET + NEB 5uM,HUVEC|PET + NEB 5uM,,ok_hash,Migração (PET e PEP) n2 - RAW||PET + NEB 5uM||D4,train
D4 12H 1_png.rf.rmwAgsyRm1ZzZ55GuiPB.png,d4 12h 1,HUVEC,12,D4 12H 1.tiff,HUVEC/12h,Migração (PET e PEP) n1 - RAW||PEP + NEB 5uM||D4,Migração (PET e PEP) n1 - RAW,D4,PEP + NEB 5uM,HUVEC|PEP + NEB 5uM,,ok_hash,Migração (PET e PEP) n1 - RAW||PEP + NEB 5uM||D4,val
C4 24HR 2_png.rf.dcfkjKvMtdDN2O5gEqvU.png,c4 24hr 2,HUVEC,24,C4 24HR 2.tiff,HUVEC/24h,Originais (1)||None||C4,Originais (1),C4,None,HUVEC|None,,ok_hash,Originais (1)||None||C4,train
Snap-03_16_png.rf.8FYQJMkw0jfVRFMq4naV.png,snap-3,SKOV,48,Snap-03.tiff,SKOV/48h,P2|CT|F3,P2,F3,CT,P2|CT,,ok_hash,P2|CT|F3,test
Snap-03_135_png.rf.86k5Vru6ipllZqtNKdG2.png,snap-3,SKOV,48,Snap-03 (2).tiff,SKOV/48h,P1|CT|F3,P1,F3,CT,P1|CT,,ok_hash,P1|CT|F3,train
Snap-03_254_png.rf.BtyeXVgh2zc19JcqpFCK.png,snap-3,SKOV,72,Snap-03.tiff,SKOV/72h,P1|CT|F3,P1,F3,CT,P1|CT,,ok_hash,P1|CT|F3,train
Snap-03_61_png.rf.1FYqRGNLJIklJ5YdlPHa.png,snap-3,SKOV,24,Snap-03.tiff,SKOV/24h,P2|CT|F3,P2,F3,CT,P2|CT,,ok_hash,P2|CT|F3,test
Snap-03_png.rf.v38nE8mp2K7iYYSbvq0E.png,snap-3,SKOV,0,Snap-03.tiff,SKOV/0h,P2|CT|F2,P2,F2,CT,P2|CT,,ok_hash,P2|CT|F2,val
Snap-03_195_png.rf.YYuGBJMJvk1Uc2AUOhKN.png,snap-3,SKOV,24,Snap-03 (2).tiff,SKOV/24h,P1|CT|F2,P1,F2,CT,P1|CT,,ok_hash,P1|CT|F2,train
F2 8H 2_png.rf.dUFZVFJ0aVESmoGKjJ05.png,f2 8h 2,HUVEC,8,F2 8H 2.tiff,HUVEC/8h,LUIS RAW||PET||F2,LUIS RAW,F2,PET,HUVEC|PET,,ok_hash,LUIS RAW||PET||F2,train
Snap-02_196_png.rf.BKEbI8Gj7FVgCYPUSi9g.png,snap-2,SKOV,24,Snap-02 (2).tiff,SKOV/24h,P1|CT|F1,P1,F1,CT,P1|CT,,ok_hash,P1|CT|F1,test
Snap-02_255_png.rf.JaJ4bou8Ic3AaIPtCfZV.png,snap-2,SKOV,72,Snap-02.tiff,SKOV/72h,P1|CT|F2,P1,F2,CT,P1|CT,,ok_hash,P1|CT|F2,train
Snap-02_png.rf.HnokE69U5U658bYwvUrm.png,snap-2,SKOV,0,Snap-02.tiff,SKOV/0h,P2|CT|F1,P2,F1,CT,P2|CT,,ok_hash,P2|CT|F1,test
Snap-02_62_png.rf.K7PjQ8CqA8XVhNTW659F.png,snap-2,SKOV,24,Snap-02.tiff,SKOV/24h,P2|CT|F2,P2,F2,CT,P2|CT,,ok_hash,P2|CT|F2,val
Snap-02_17_png.rf.Lpe2QyqaZsGgJFeCYcvT.png,snap-2,SKOV,48,Snap-02.tiff,SKOV/48h,P2|CT|F2,P2,F2,CT,P2|CT,,ok_hash,P2|CT|F2,val
Snap-02_136_png.rf.m6MHqhz3vjy6x2KcsX7N.png,snap-2,SKOV,48,Snap-02 (2).tiff,SKOV/48h,P1|CT|F2,P1,F2,CT,P1|CT,,ok_hash,P1|CT|F2,train
B3 12H 1_png.rf.K1xrQbmhbAmhHzuNkKJj.png,b3 12h 1,HUVEC,12,B3 12H 1 (4).tiff,HUVEC/12h,Migração (PET e PEP) n3 - RAW||None||B3,Migração (PET e PEP) n3 - RAW,B3,None,HUVEC|None,,ok_hash,Migração (PET e PEP) n3 - RAW||None||B3,train
B3 12H 1_png.rf.1lPHPBmz2RT2aHQDRS5u.png,b3 12h 1,HUVEC,12,B3 12H 1 (2).tiff,HUVEC/12h,Migração (PET e PEP) n1 - RAW||PEP||B3,Migração (PET e PEP) n1 - RAW,B3,PEP,HUVEC|PEP,,ok_hash,Migração (PET e PEP) n1 - RAW||PEP||B3,train
B3 12H 1_png.rf.uBc16RzdSW9jA36NDqQV.png,b3 12h 1,HUVEC,12,B3 12H 1.tiff,HUVEC/12h,LUIS RAW||PEP+GB||B3,LUIS RAW,B3,PEP+GB,HUVEC|PEP+GB,,ok_hash,LUIS RAW||PEP+GB||B3,train
B3 12H 1_png.rf.tJNj0szl1RrlZo4qYD4w.png,b3 12h 1,HUVEC,12,B3 12H 1 (3).tiff,HUVEC/12h,Migração (PET e PEP) n2 - RAW||PEP + NEB 5uM||B3,Migração (PET e PEP) n2 - RAW,B3,PEP + NEB 5uM,HUVEC|PEP + NEB 5uM,,ok_hash,Migração (PET e PEP) n2 - RAW||PEP + NEB 5uM||B3,train
B2 8H 2_png.rf.ZKeiVD67Jac52yXARTr0.png,b2 8h 2,HUVEC,8,B2 8H 2 (3).tiff,HUVEC/8h,Migração (PET e PEP) n3 - RAW||None||B2,Migração (PET e PEP) n3 - RAW,B2,None,HUVEC|None,,ok_hash,Migração (PET e PEP) n3 - RAW||None||B2,train
B2 8H 2_png.rf.rH7jjspZ5cR0FGcre3t4.png,b2 8h 2,HUVEC,8,B2 8H 2 (2).tiff,HUVEC/8h,Migração (PET e PEP) n2 - RAW||PEP + NEB 1uM||B2,Migração (PET e PEP) n2 - RAW,B2,PEP + NEB 1uM,HUVEC|PEP + NEB 1uM,,ok_hash,Migração (PET e PEP) n2 - RAW||PEP + NEB 1uM||B2,train
D4 8H 2_png.rf.ixTzZNh35XGijmR7VOtL.png,d4 8h 2,HUVEC,8,D4 8H 2 (3).tiff,HUVEC/8h,Migração (PET e PEP) n3 - RAW||None||D4,Migração (PET e PEP) n3 - RAW,D4,None,HUVEC|None,,ok_hash,Migração (PET e PEP) n3 - RAW||None||D4,train
D4 8H 2_png.rf.F1CeZbD8JhhIxg3FDoX3.png,d4 8h 2,HUVEC,8,D4 8H 2 (2).tiff,HUVEC/8h,Migração (PET e PEP) n2 - RAW||PET + NEB 5uM||D4,Migração (PET e PEP) n2 - RAW,D4,PET + NEB 5uM,HUVEC|PET + NEB 5uM,,ok_hash,Migração (PET e PEP) n2 - RAW||PET + NEB 5uM||D4,train
D4 8H 2_png.rf.mnoVDerLhE6PpOQcbUog.png,d4 8h 2,HUVEC,8,D4 8H 2.tiff,HUVEC/8h,Migração (PET e PEP) n1 - RAW||PEP + NEB 5uM||D4,Migração (PET e PEP) n1 - RAW,D4,PEP + NEB 5uM,HUVEC|PEP + NEB 5uM,,ok_hash,Migração (PET e PEP) n1 - RAW||PEP + NEB 5uM||D4,val
D2 8H 1_png.rf.dmlfRxJCAZ7ighrwgYDZ.png,d2 8h 1,HUVEC,8,D2 8H 1 (2).tiff,HUVEC/8h,Migração (PET e PEP) n3 - RAW||None||D2,Migração (PET e PEP) n3 - RAW,D2,None,HUVEC|None,,ok_hash,Migração (PET e PEP) n3 - RAW||None||D2,test
D2 8H 1_png.rf.sM0CFB6l073DrQDTlvwd.png,d2 8h 1,HUVEC,8,D2 8H 1.tiff,HUVEC/8h,Migração (PET e PEP) n2 - RAW||PET + NEB 1uM||D2,Migração (PET e PEP) n2 - RAW,D2,PET + NEB 1uM,HUVEC|PET + NEB 1uM,,ok_hash,Migração (PET e PEP) n2 - RAW||PET + NEB 1uM||D2,test
A7 0H 1_png.rf.SiNhL86Fl5NCzaMvqhnG.png,a7 0h 1,HUVEC,0,A7 0H 1.tiff,HUVEC/0h,LUIS RAW||PEP+GB||A7,LUIS RAW,A7,PEP+GB,HUVEC|PEP+GB,,ok_hash,LUIS RAW||PEP+GB||A7,train
D6 8HR 1_png.rf.Xkg7J2fPAbBTBVgUt0K6.png,d6 8hr 1,HUVEC,8,D6 8HR 1.tiff,HUVEC/8h,originais||None||D6,originais,D6,None,HUVEC|None,,ok_hash,originais||None||D6,test
B6 8H 2_png.rf.UXJImUaOFc4Vli6PQg2j.png,b6 8h 2,HUVEC,8,B6 8H 2.tiff,HUVEC/8h,LUIS RAW||PEP+MET3||B6,LUIS RAW,B6,PEP+MET3,HUVEC|PEP+MET3,,ok_hash,LUIS RAW||PEP+MET3||B6,test
B6 8H 2_png.rf.QwHHdwx6U1gvnoHzE73s.png,b6 8h 2,HUVEC,8,B6 8H 2 (2).tiff,HUVEC/8h,Migração (PET e PEP) n1 - RAW||PET + NEB 1uM||B6,Migração (PET e PEP) n1 - RAW,B6,PET + NEB 1uM,HUVEC|PET + NEB 1uM,,ok_hash,Migração (PET e PEP) n1 - RAW||PET + NEB 1uM||B6,train
B4 12H 2_png.rf.M73w17SwMbnI1WYVdwjH.png,b4 12h 2,HUVEC,12,B4 12H 2 (4).tiff,HUVEC/12h,Migração (PET e PEP) n3 - RAW||None||B4,Migração (PET e PEP) n3 - RAW,B4,None,HUVEC|None,,ok_hash,Migração (PET e PEP) n3 - RAW||None||B4,train
B4 12H 2_png.rf.xN6KD3V9tK0oa8cV84Pz.png,b4 12h 2,HUVEC,12,B4 12H 2 (3).tiff,HUVEC/12h,Migração (PET e PEP) n2 - RAW||PEP + NEB 5uM||B4,Migração (PET e PEP) n2 - RAW,B4,PEP + NEB 5uM,HUVEC|PEP + NEB 5uM,,ok_hash,Migração (PET e PEP) n2 - RAW||PEP + NEB 5uM||B4,train
B4 12H 2_png.rf.BUDIsAimJHwizKA26kde.png,b4 12h 2,HUVEC,12,B4 12H 2.tiff,HUVEC/12h,LUIS RAW||PEP+MCC||B4,LUIS RAW,B4,PEP+MCC,HUVEC|PEP+MCC,,ok_hash,LUIS RAW||PEP+MCC||B4,train
B4 12H 2_png.rf.nhpn6bL5wOSsBbHPHC5k.png,b4 12h 2,HUVEC,12,B4 12H 2 (2).tiff,HUVEC/12h,Migração (PET e PEP) n1 - RAW||PEP||B4,Migração (PET e PEP) n1 - RAW,B4,PEP,HUVEC|PEP,,ok_hash,Migração (PET e PEP) n1 - RAW||PEP||B4,val
C1 8H 2_png.rf.LPqvMTKoFzKsz1D5axKz.png,c1 8h 2,HUVEC,8,C1 8H 2 (3).tiff,HUVEC/8h,Migração (PET e PEP) n3 - RAW||None||C1,Migração (PET e PEP) n3 - RAW,C1,None,HUVEC|None,,ok_hash,Migração (PET e PEP) n3 - RAW||None||C1,train
C1 8H 2_png.rf.8TQZveqFbURBQXdhXt39.png,c1 8h 2,HUVEC,8,C1 8H 2.tiff,HUVEC/8h,LUIS RAW||PET||C1,LUIS RAW,C1,PET,HUVEC|PET,,ok_hash,LUIS RAW||PET||C1,test
C1 8H 2_png.rf.8HPymGdz7fsuOzPsefJ9.png,c1 8h 2,HUVEC,8,C1 8H 2 (2).tiff,HUVEC/8h,Migração (PET e PEP) n2 - RAW||PET||C1,Migração (PET e PEP) n2 - RAW,C1,PET,HUVEC|PET,,ok_hash,Migração (PET e PEP) n2 - RAW||PET||C1,val
A3 12H 2_png.rf.NvDDUGcSzZJ4EVcSGloI.png,a3 12h 2,HUVEC,12,A3 12H 2 (3).tiff,HUVEC/12h,Migração (PET e PEP) n3 - RAW||None||A3,Migração (PET e PEP) n3 - RAW,A3,None,HUVEC|None,,ok_hash,Migração (PET e PEP) n3 - RAW||None||A3,train
A3 12H 2_png.rf.qDuUdj7SXNoX4mT28S1W.png,a3 12h 2,HUVEC,12,A3 12H 2 (2).tiff,HUVEC/12h,Migração (PET e PEP) n2 - RAW||PEP||A3,Migração (PET e PEP) n2 - RAW,A3,PEP,HUVEC|PEP,,ok_hash,Migração (PET e PEP) n2 - RAW||PEP||A3,train
A3 12H 2_png.rf.r5xe4JQ4Ecgyw1raWv4H.png,a3 12h 2,HUVEC,12,A3 12H 2.tiff,HUVEC/12h,LUIS RAW||PEP+GB||A3,LUIS RAW,A3,PEP+GB,HUVEC|PEP+GB,,ok_hash,LUIS RAW||PEP+GB||A3,val
D3 8H 2_png.rf.gO7JbZNsOHcLU5pzglpZ.png,d3 8h 2,HUVEC,8,D3 8H 2 (3).tiff,HUVEC/8h,Migração (PET e PEP) n3 - RAW||None||D3,Migração (PET e PEP) n3 - RAW,D3,None,HUVEC|None,,ok_hash,Migração (PET e PEP) n3 - RAW||None||D3,train
D3 8H 2_png.rf.RmIwn01JNbgfY0VcrlAP.png,d3 8h 2,HUVEC,8,D3 8H 2 (2).tiff,HUVEC/8h,Migração (PET e PEP) n2 - RAW||PET + NEB 5uM||D3,Migração (PET e PEP) n2 - RAW,D3,PET + NEB 5uM,HUVEC|PET + NEB 5uM,,ok_hash,Migração (PET e PEP) n2 - RAW||PET + NEB 5uM||D3,train
D3 8H 2_png.rf.lKTVmjEr9xNW7FMHXCoW.png,d3 8h 2,HUVEC,8,D3 8H 2.tiff,HUVEC/8h,Migração (PET e PEP) n1 - RAW||PEP + NEB 5uM||D3,Migração (PET e PEP) n1 - RAW,D3,PEP + NEB 5uM,HUVEC|PEP + NEB 5uM,,ok_hash,Migração (PET e PEP) n1 - RAW||PEP + NEB 5uM||D3,train
C2 12H 2_png.rf.Xlk8npRnjTZqON9mMs58.png,c2 12h 2,HUVEC,12,C2 12H 2 (2).tiff,HUVEC/12h,Migração (PET e PEP) n3 - RAW||None||C2,Migração (PET e PEP) n3 - RAW,C2,None,HUVEC|None,,ok_hash,Migração (PET e PEP) n3 - RAW||None||C2,val
C2 12H 2_png.rf.StYrOErgWeP3G0WcahiB.png,c2 12h 2,HUVEC,12,C2 12H 2.tiff,HUVEC/12h,Migração (PET e PEP) n2 - RAW||PET||C2,Migração (PET e PEP) n2 - RAW,C2,PET,HUVEC|PET,,ok_hash,Migração (PET e PEP) n2 - RAW||PET||C2,train
D1 12H 2_png.rf.hM6Jhc6UJKSMWKFN6Pta.png,d1 12h 2,HUVEC,12,D1 12H 2 (3).tiff,HUVEC/12h,Migração (PET e PEP) n3 - RAW||None||D1,Migração (PET e PEP) n3 - RAW,D1,None,HUVEC|None,,ok_hash,Migração (PET e PEP) n3 - RAW||None||D1,test
D1 12H 2_png.rf.d9PBLeLwJNvcTiK3A1xg.png,d1 12h 2,HUVEC,12,D1 12H 2.tiff,HUVEC/12h,LUIS RAW||PET||D1,LUIS RAW,D1,PET,HUVEC|PET,,ok_hash,LUIS RAW||PET||D1,train
D1 12H 2_png.rf.rTaXrHPveh6L5jJcmCX5.png,d1 12h 2,HUVEC,12,D1 12H 2 (2).tiff,HUVEC/12h,Migração (PET e PEP) n2 - RAW||PET + NEB 1uM||D1,Migração (PET e PEP) n2 - RAW,D1,PET + NEB 1uM,HUVEC|PET + NEB 1uM,,ok_hash,Migração (PET e PEP) n2 - RAW||PET + NEB 1uM||D1,train
C2 12H 1_png.rf.TFHg3V0muENuTMlz7u5s.png,c2 12h 1,HUVEC,12,C2 12H 1 (2).tiff,HUVEC/12h,Migração (PET e PEP) n3 - RAW||None||C2,Migração (PET e PEP) n3 - RAW,C2,None,HUVEC|None,,ok_hash,Migração (PET e PEP) n3 - RAW||None||C2,val
C2 12H 1_png.rf.1gfpN8zl57105NR6Uic2.png,c2 12h 1,HUVEC,12,C2 12H 1.tiff,HUVEC/12h,Migração (PET e PEP) n2 - RAW||PET||C2,Migração (PET e PEP) n2 - RAW,C2,PET,HUVEC|PET,,ok_hash,Migração (PET e PEP) n2 - RAW||PET||C2,train
B8 8HR 1_png.rf.8IIu6eJhJrcV73IQECSg.png,b8 8hr 1,HUVEC,8,B8 8HR 1 (2).tiff,HUVEC/8h,Originais (1)||None||B8,Originais (1),B8,None,HUVEC|None,,ok_hash,SHARED__B8,train
B8 8HR 1_png.rf.1XhLImMb5AZhR76Gahzd.png,b8 8hr 1,HUVEC,8,B8 8HR 1.tiff,HUVEC/8h,originais||None||B8,originais,B8,None,HUVEC|None,,ok_hash,SHARED__B8,train
C6 0HR 1_png.rf.8uY0nXqjLEENJtXvrgwH.png,c6 0hr 1,HUVEC,0,C6 0HR 1.tiff,HUVEC/0h,Originais (1)||None||C6,Originais (1),C6,None,HUVEC|None,,ok_hash,Originais (1)||None||C6,val
A1 8H 1_png.rf.rUhuaOllIpd124SZ1Xbk.png,a1 8h 1,HUVEC,8,A1 8H 1 (3).tiff,HUVEC/8h,Migração (PET e PEP) n3 - RAW||None||A1,Migração (PET e PEP) n3 - RAW,A1,None,HUVEC|None,,ok_hash,Migração (PET e PEP) n3 - RAW||None||A1,val
A1 8H 1_png.rf.liKAKGJsx7rWvR2CTGjM.png,a1 8h 1,HUVEC,8,A1 8H 1.tiff,HUVEC/8h,LUIS RAW||PEP||A1,LUIS RAW,A1,PEP,HUVEC|PEP,,ok_hash,LUIS RAW||PEP||A1,train
A1 8H 1_png.rf.zdFJIxxlh5GeTF27Y5tG.png,a1 8h 1,HUVEC,8,A1 8H 1 (2).tiff,HUVEC/8h,Migração (PET e PEP) n2 - RAW||PEP||A1,Migração (PET e PEP) n2 - RAW,A1,PEP,HUVEC|PEP,,ok_hash,Migração (PET e PEP) n2 - RAW||PEP||A1,train
C1 12H 2_png.rf.ui6o7P9dux3LHvZaQLOp.png,c1 12h 2,HUVEC,12,C1 12H 2 (3).tiff,HUVEC/12h,Migração (PET e PEP) n3 - RAW||None||C1,Migração (PET e PEP) n3 - RAW,C1,None,HUVEC|None,,ok_hash,Migração (PET e PEP) n3 - RAW||None||C1,train
C1 12H 2_png.rf.oH0a5HttFWqoBJ0RowWP.png,c1 12h 2,HUVEC,12,C1 12H 2.tiff,HUVEC/12h,LUIS RAW||PET||C1,LUIS RAW,C1,PET,HUVEC|PET,,ok_hash,LUIS RAW||PET||C1,test
C1 12H 2_png.rf.tZRHLbi5gUqvH0jNbPLY.png,c1 12h 2,HUVEC,12,C1 12H 2 (2).tiff,HUVEC/12h,Migração (PET e PEP) n2 - RAW||PET||C1,Migração (PET e PEP) n2 - RAW,C1,PET,HUVEC|PET,,ok_hash,Migração (PET e PEP) n2 - RAW||PET||C1,val
D1 0HR 2_png.rf.Ak8bfHD2sNvAS5ARU8WU.png,d1 0hr 2,HUVEC,0,D1 0HR 2 (2).tiff,HUVEC/0h,Originais (1)||None||D1,Originais (1),D1,None,HUVEC|None,,ok_hash,SHARED__D1,train
D1 0HR 2_png.rf.pBkydjxMgVt0vB999uLo.png,d1 0hr 2,HUVEC,0,D1 0HR 2.tiff,HUVEC/0h,originais||None||D1,originais,D1,None,HUVEC|None,,ok_hash,SHARED__D1,train
D1 12H 1_png.rf.mKsxEDejqQN6qCQxLyns.png,d1 12h 1,HUVEC,12,D1 12H 1 (3).tiff,HUVEC/12h,Migração (PET e PEP) n3 - RAW||None||D1,Migração (PET e PEP) n3 - RAW,D1,None,HUVEC|None,,ok_hash,Migração (PET e PEP) n3 - RAW||None||D1,test
D1 12H 1_png.rf.vnjXHiF1GI01imDeAgku.png,d1 12h 1,HUVEC,12,D1 12H 1.tiff,HUVEC/12h,LUIS RAW||PET||D1,LUIS RAW,D1,PET,HUVEC|PET,,ok_hash,LUIS RAW||PET||D1,train
D1 12H 1_png.rf.aMJ1RYwhajSgp6IwJHpg.png,d1 12h 1,HUVEC,12,D1 12H 1 (2).tiff,HUVEC/12h,Migração (PET e PEP) n2 - RAW||PET + NEB 1uM||D1,Migração (PET e PEP) n2 - RAW,D1,PET + NEB 1uM,HUVEC|PET + NEB 1uM,,ok_hash,Migração (PET e PEP) n2 - RAW||PET + NEB 1uM||D1,train
D3 12H 2_png.rf.mGax8cZwIT4dFQnOordS.png,d3 12h 2,HUVEC,12,D3 12H 2 (3).tiff,HUVEC/12h,Migração (PET e PEP) n3 - RAW||None||D3,Migração (PET e PEP) n3 - RAW,D3,None,HUVEC|None,,ok_hash,Migração (PET e PEP) n3 - RAW||None||D3,train
D3 12H 2_png.rf.ogJD0ugl7j4sImIsr5p9.png,d3 12h 2,HUVEC,12,D3 12H 2.tiff,HUVEC/12h,Migração (PET e PEP) n1 - RAW||PEP + NEB 5uM||D3,Migração (PET e PEP) n1 - RAW,D3,PEP + NEB 5uM,HUVEC|PEP + NEB 5uM,,ok_hash,Migração (PET e PEP) n1 - RAW||PEP + NEB 5uM||D3,train
D3 12H 2_png.rf.bk65RyMB9bMlU59S1RY7.png,d3 12h 2,HUVEC,12,D3 12H 2 (2).tiff,HUVEC/12h,Migração (PET e PEP) n2 - RAW||PET + NEB 5uM||D3,Migração (PET e PEP) n2 - RAW,D3,PET + NEB 5uM,HUVEC|PET + NEB 5uM,,ok_hash,Migração (PET e PEP) n2 - RAW||PET + NEB 5uM||D3,train
A1 12H 2_png.rf.mPIf5FtesN7Js9gYPSKt.png,a1 12h 2,HUVEC,12,A1 12H 2 (3).tiff,HUVEC/12h,Migração (PET e PEP) n3 - RAW||None||A1,Migração (PET e PEP) n3 - RAW,A1,None,HUVEC|None,,ok_hash,Migração (PET e PEP) n3 - RAW||None||A1,val
A1 12H 2_png.rf.dAVbzvgvDzaa4i3J6C3M.png,a1 12h 2,HUVEC,12,A1 12H 2.tiff,HUVEC/12h,LUIS RAW||PEP||A1,LUIS RAW,A1,PEP,HUVEC|PEP,,ok_hash,LUIS RAW||PEP||A1,train
A1 12H 2_png.rf.eHmr1uNqdPXHXXf5QmS1.png,a1 12h 2,HUVEC,12,A1 12H 2 (2).tiff,HUVEC/12h,Migração (PET e PEP) n2 - RAW||PEP||A1,Migração (PET e PEP) n2 - RAW,A1,PEP,HUVEC|PEP,,ok_hash,Migração (PET e PEP) n2 - RAW||PEP||A1,train
B2 12H 1_png.rf.q46PdRz1qnOtxZV3Argn.png,b2 12h 1,HUVEC,12,B2 12H 1 (3).tiff,HUVEC/12h,Migração (PET e PEP) n3 - RAW||None||B2,Migração (PET e PEP) n3 - RAW,B2,None,HUVEC|None,,ok_hash,Migração (PET e PEP) n3 - RAW||None||B2,train
B2 12H 1_png.rf.i2YOCT2Mj90ei2midq9S.png,b2 12h 1,HUVEC,12,B2 12H 1.tiff,HUVEC/12h,LUIS RAW||PEP+MET3||B2,LUIS RAW,B2,PEP+MET3,HUVEC|PEP+MET3,,ok_hash,LUIS RAW||PEP+MET3||B2,test
B2 12H 1_png.rf.OrFcCcRPUkqBkLiAghoY.png,b2 12h 1,HUVEC,12,B2 12H 1 (2).tiff,HUVEC/12h,Migração (PET e PEP) n2 - RAW||PEP + NEB 1uM||B2,Migração (PET e PEP) n2 - RAW,B2,PEP + NEB 1uM,HUVEC|PEP + NEB 1uM,,ok_hash,Migração (PET e PEP) n2 - RAW||PEP + NEB 1uM||B2,train
B1 8H 2_png.rf.qX8hsIWTYUCHB9jiGbcd.png,b1 8h 2,HUVEC,8,B1 8H 2 (3).tiff,HUVEC/8h,Migração (PET e PEP) n3 - RAW||None||B1,Migração (PET e PEP) n3 - RAW,B1,None,HUVEC|None,,ok_hash,Migração (PET e PEP) n3 - RAW||None||B1,train
B1 8H 2_png.rf.gA6SnVr547LgfEenVrRi.png,b1 8h 2,HUVEC,8,B1 8H 2 (2).tiff,HUVEC/8h,Migração (PET e PEP) n2 - RAW||PEP + NEB 1uM||B1,Migração (PET e PEP) n2 - RAW,B1,PEP + NEB 1uM,HUVEC|PEP + NEB 1uM,,ok_hash,Migração (PET e PEP) n2 - RAW||PEP + NEB 1uM||B1,test
B1 8H 2_png.rf.3TB3hGpWKxwD8uqIJQTc.png,b1 8h 2,HUVEC,8,B1 8H 2.tiff,HUVEC/8h,LUIS RAW||PEP||B1,LUIS RAW,B1,PEP,HUVEC|PEP,,ok_hash,LUIS RAW||PEP||B1,train
D4 8H 1_png.rf.xpR4xGrS7xqp2WqsHOdj.png,d4 8h 1,HUVEC,8,D4 8H 1 (3).tiff,HUVEC/8h,Migração (PET e PEP) n3 - RAW||None||D4,Migração (PET e PEP) n3 - RAW,D4,None,HUVEC|None,,ok_hash,Migração (PET e PEP) n3 - RAW||None||D4,train
D4 8H 1_png.rf.qIcVbJAcG1YNBugruxMI.png,d4 8h 1,HUVEC,8,D4 8H 1 (2).tiff,HUVEC/8h,Migração (PET e PEP) n2 - RAW||PET + NEB 5uM||D4,Migração (PET e PEP) n2 - RAW,D4,PET + NEB 5uM,HUVEC|PET + NEB 5uM,,ok_hash,Migração (PET e PEP) n2 - RAW||PET + NEB 5uM||D4,train
D4 8H 1_png.rf.a8mANb97avVu4hPsbo7a.png,d4 8h 1,HUVEC,8,D4 8H 1.tiff,HUVEC/8h,Migração (PET e PEP) n1 - RAW||PEP + NEB 5uM||D4,Migração (PET e PEP) n1 - RAW,D4,PEP + NEB 5uM,HUVEC|PEP + NEB 5uM,,ok_hash,Migração (PET e PEP) n1 - RAW||PEP + NEB 5uM||D4,val
D3 12H 1_png.rf.zbujIQNM7Eu9wWrC5MDN.png,d3 12h 1,HUVEC,12,D3 12H 1 (3).tiff,HUVEC/12h,Migração (PET e PEP) n3 - RAW||None||D3,Migração (PET e PEP) n3 - RAW,D3,None,HUVEC|None,,ok_hash,Migração (PET e PEP) n3 - RAW||None||D3,train
D3 12H 1_png.rf.C7OjXDLYyYQ82eRjth4A.png,d3 12h 1,HUVEC,12,D3 12H 1.tiff,HUVEC/12h,Migração (PET e PEP) n1 - RAW||PEP + NEB 5uM||D3,Migração (PET e PEP) n1 - RAW,D3,PEP + NEB 5uM,HUVEC|PEP + NEB 5uM,,ok_hash,Migração (PET e PEP) n1 - RAW||PEP + NEB 5uM||D3,train
D3 12H 1_png.rf.vDKmMF3YJlFSbIbFZHci.png,d3 12h 1,HUVEC,12,D3 12H 1 (2).tiff,HUVEC/12h,Migração (PET e PEP) n2 - RAW||PET + NEB 5uM||D3,Migração (PET e PEP) n2 - RAW,D3,PET + NEB 5uM,HUVEC|PET + NEB 5uM,,ok_hash,Migração (PET e PEP) n2 - RAW||PET + NEB 5uM||D3,train
A1 12H 1_png.rf.tw98uu5NmZJ60AaEheGe.png,a1 12h 1,HUVEC,12,A1 12H 1 (3).tiff,HUVEC/12h,Migração (PET e PEP) n3 - RAW||None||A1,Migração (PET e PEP) n3 - RAW,A1,None,HUVEC|None,,ok_hash,Migração (PET e PEP) n3 - RAW||None||A1,val
A1 12H 1_png.rf.kvLVGRHFKPu6WotnBRAH.png,a1 12h 1,HUVEC,12,A1 12H 1 (2).tiff,HUVEC/12h,Migração (PET e PEP) n2 - RAW||PEP||A1,Migração (PET e PEP) n2 - RAW,A1,PEP,HUVEC|PEP,,ok_hash,Migração (PET e PEP) n2 - RAW||PEP||A1,train
Snap-27_187_png.rf.Un1xcBRJR9pLwxhz2VBA.png,snap-27,SKOV,24,Snap-27 (2).tiff,SKOV/24h,P1|PTX|F11,P1,F11,PTX,P1|PTX,,ok_hash,P1|PTX|F11,train
Snap-27_127_png.rf.u0sqqUf8hnanDrudhQQG.png,snap-27,SKOV,48,Snap-27 (2).tiff,SKOV/48h,P1|PTX|F11,P1,F11,PTX,P1|PTX,,ok_hash,P1|PTX|F11,train
Snap-27_282_png.rf.vCcp3UXdXcDmFuHR7aax.png,snap-27,SKOV,72,Snap-27.tiff,SKOV/72h,P1|GEO|F7,P1,F7,GEO,P1|GEO,,ok_hash,P1|GEO|F7,test
Snap-27_53_png.rf.YALqveujaUVhAWskGlbw.png,snap-27,SKOV,48,Snap-27.tiff,SKOV/48h,P2|CARBO|F11,P2,F11,CARBO,P2|CARBO,,ok_hash,P2|CARBO|F11,train
Snap-27_98_png.rf.lZ0XIyhITkksp9eS9PWL.png,snap-27,SKOV,24,Snap-27.tiff,SKOV/24h,P2|CARBO|F12,P2,F12,CARBO,P2|CARBO,,ok_hash,P2|CARBO|F12,train
Snap-27_png.rf.fKKLKbf92TUDKJORvts2.png,snap-27,SKOV,0,Snap-27.tiff,SKOV/0h,P2|CARBO|F11,P2,F11,CARBO,P2|CARBO,,ok_hash,P2|CARBO|F11,train
B8 8HR 2_png.rf.0BiUzebEwW7shJEaBWEc.png,b8 8hr 2,HUVEC,8,B8 8HR 2 (2).tiff,HUVEC/8h,Originais (1)||None||B8,Originais (1),B8,None,HUVEC|None,,ok_hash,SHARED__B8,train
B8 8HR 2_png.rf.jxqMjN8g1DglrNrucNPX.png,b8 8hr 2,HUVEC,8,B8 8HR 2.tiff,HUVEC/8h,originais||None||B8,originais,B8,None,HUVEC|None,,ok_hash,SHARED__B8,train
C5 8HR 2_png.rf.4S1ZdP33ODrC9e0Lly20.png,c5 8hr 2,HUVEC,8,C5 8HR 2.tiff,HUVEC/8h,Originais (1)||None||C5,Originais (1),C5,None,HUVEC|None,,ok_hash,Originais (1)||None||C5,train
B5 8HR 2_png.rf.1bM2nfrE3C3SuMgkQzIF.png,b5 8hr 2,HUVEC,8,B5 8HR 2 (2).tiff,HUVEC/8h,Originais (1)||None||B5,Originais (1),B5,None,HUVEC|None,,ok_hash,SHARED__B5,train
B5 8HR 2_png.rf.BzRPidTOrz4nL1zIlvSL.png,b5 8hr 2,HUVEC,8,B5 8HR 2.tiff,HUVEC/8h,originais||None||B5,originais,B5,None,HUVEC|None,,ok_hash,SHARED__B5,train
A3 8HR 2_png.rf.NH3fSomZbzpcrUv2Zpj9.png,a3 8hr 2,HUVEC,8,A3 8HR 2 (2).tiff,HUVEC/8h,Originais (1)||None||A3,Originais (1),A3,None,HUVEC|None,,ok_hash,SHARED__A3,train
A3 8HR 2_png.rf.hdZJ4bXhrTGMuIig6P2Y.png,a3 8hr 2,HUVEC,8,A3 8HR 2.tiff,HUVEC/8h,originais||None||A3,originais,A3,None,HUVEC|None,,ok_hash,SHARED__A3,train
A3 8H 1_png.rf.v5rT2whdOcVMLHtShbvB.png,a3 8h 1,HUVEC,8,A3 8H 1 (3).tiff,HUVEC/8h,Migração (PET e PEP) n3 - RAW||None||A3,Migração (PET e PEP) n3 - RAW,A3,None,HUVEC|None,,ok_hash,Migração (PET e PEP) n3 - RAW||None||A3,train
A3 8H 1_png.rf.FFxw1ZoJmSoMVskuVwLP.png,a3 8h 1,HUVEC,8,A3 8H 1 (2).tiff,HUVEC/8h,Migração (PET e PEP) n2 - RAW||PEP||A3,Migração (PET e PEP) n2 - RAW,A3,PEP,HUVEC|PEP,,ok_hash,Migração (PET e PEP) n2 - RAW||PEP||A3,train
A3 8H 1_png.rf.d60KhXvDmSmp3Oia8S8T.png,a3 8h 1,HUVEC,8,A3 8H 1.tiff,HUVEC/8h,LUIS RAW||PEP+GB||A3,LUIS RAW,A3,PEP+GB,HUVEC|PEP+GB,,ok_hash,LUIS RAW||PEP+GB||A3,val
D2 8H 2_png.rf.ybK76wkRwzDKiZ0L7MiW.png,d2 8h 2,HUVEC,8,D2 8H 2 (2).tiff,HUVEC/8h,Migração (PET e PEP) n3 - RAW||None||D2,Migração (PET e PEP) n3 - RAW,D2,None,HUVEC|None,,ok_hash,Migração (PET e PEP) n3 - RAW||None||D2,test
D2 8H 2_png.rf.NgKIr2nlQL2vytVPvMdS.png,d2 8h 2,HUVEC,8,D2 8H 2.tiff,HUVEC/8h,Migração (PET e PEP) n2 - RAW||PET + NEB 1uM||D2,Migração (PET e PEP) n2 - RAW,D2,PET + NEB 1uM,HUVEC|PET + NEB 1uM,,ok_hash,Migração (PET e PEP) n2 - RAW||PET + NEB 1uM||D2,test
B4 8H 1_png.rf.ukDlkARNqBsdv0bFwPQq.png,b4 8h 1,HUVEC,8,B4 8H 1 (4).tiff,HUVEC/8h,Migração (PET e PEP) n3 - RAW||None||B4,Migração (PET e PEP) n3 - RAW,B4,None,HUVEC|None,,ok_hash,Migração (PET e PEP) n3 - RAW||None||B4,train
B4 8H 1_png.rf.KtpKkXfpwTmEw7CHch9M.png,b4 8h 1,HUVEC,8,B4 8H 1 (2).tiff,HUVEC/8h,Migração (PET e PEP) n1 - RAW||PEP||B4,Migração (PET e PEP) n1 - RAW,B4,PEP,HUVEC|PEP,,ok_hash,Migração (PET e PEP) n1 - RAW||PEP||B4,val
B4 8H 1_png.rf.hxk5CCjSUNevIOwm2e67.png,b4 8h 1,HUVEC,8,B4 8H 1 (3).tiff,HUVEC/8h,Migração (PET e PEP) n2 - RAW||PEP + NEB 5uM||B4,Migração (PET e PEP) n2 - RAW,B4,PEP + NEB 5uM,HUVEC|PEP + NEB 5uM,,ok_hash,Migração (PET e PEP) n2 - RAW||PEP + NEB 5uM||B4,train
B4 8H 1_png.rf.OVZZyofXQpVrU06rEdEV.png,b4 8h 1,HUVEC,8,B4 8H 1.tiff,HUVEC/8h,LUIS RAW||PEP+MCC||B4,LUIS RAW,B4,PEP+MCC,HUVEC|PEP+MCC,,ok_hash,LUIS RAW||PEP+MCC||B4,train
D3 8HR 1_png.rf.FaoUiRzagpKacKgSYTBM.png,d3 8hr 1,HUVEC,8,D3 8HR 1 (2).tiff,HUVEC/8h,Originais (1)||None||D3,Originais (1),D3,None,HUVEC|None,,ok_hash,SHARED__D3,train
D3 8HR 1_png.rf.GI5XC8sWiPTRUqJb0YiP.png,d3 8hr 1,HUVEC,8,D3 8HR 1.tiff,HUVEC/8h,originais||None||D3,originais,D3,None,HUVEC|None,,ok_hash,SHARED__D3,train
C2 0HR 2_png.rf.J6kywh7upwXA9tcJN3CM.png,c2 0hr 2,HUVEC,0,C2 0HR 2.tiff,HUVEC/0h,Originais (1)||None||C2,Originais (1),C2,None,HUVEC|None,,ok_hash,Originais (1)||None||C2,train
B5 0HR 1_png.rf.J6hP1h51BcAFg4KFN6lN.png,b5 0hr 1,HUVEC,0,B5 0HR 1 (2).tiff,HUVEC/0h,Originais (1)||None||B5,Originais (1),B5,None,HUVEC|None,,ok_hash,SHARED__B5,train
B5 0HR 1_png.rf.HyxAq2SZFEx1y342m6b9.png,b5 0hr 1,HUVEC,0,B5 0HR 1.tiff,HUVEC/0h,originais||None||B5,originais,B5,None,HUVEC|None,,ok_hash,SHARED__B5,train
A6 8HR 2_png.rf.WsRny9cGQOty4V3HiL8d.png,a6 8hr 2,HUVEC,8,A6 8HR 2 (2).tiff,HUVEC/8h,Originais (1)||None||A6,Originais (1),A6,None,HUVEC|None,,ok_hash,SHARED__A6,train
A6 8HR 2_png.rf.IjykSzEw9bYxIHgxehIC.png,a6 8hr 2,HUVEC,8,A6 8HR 2.tiff,HUVEC/8h,originais||None||A6,originais,A6,None,HUVEC|None,,ok_hash,SHARED__A6,train
A6 12HR 2_png.rf.lDdi03mKpHO8MuNzUwbQ.png,a6 12hr 2,HUVEC,12,A6 12HR 2 (2).tiff,HUVEC/12h,Originais (1)||None||A6,Originais (1),A6,None,HUVEC|None,,ok_hash,SHARED__A6,train
A6 12HR 2_png.rf.GMb60emeHysjXcHliF6w.png,a6 12hr 2,HUVEC,12,A6 12HR 2.tiff,HUVEC/12h,originais||None||A6,originais,A6,None,HUVEC|None,,ok_hash,SHARED__A6,train
Snap-01_29_png.rf.mg28uhmxn5A9je1hvBDV.png,snap-1,SKOV,48,Snap-01.tiff,SKOV/48h,P2|CT|F1,P2,F1,CT,P2|CT,,ok_hash,P2|CT|F1,test
Snap-01_256_png.rf.UMEeIdDQ1Tdk0wE2TII4.png,snap-1,SKOV,72,Snap-01.tiff,SKOV/72h,P1|CT|F1,P1,F1,CT,P1|CT,,ok_hash,P1|CT|F1,test
Snap-01_74_png.rf.WcVEXB4f7Y64yyixQhom.png,snap-1,SKOV,24,Snap-01.tiff,SKOV/24h,P2|CT|F1,P2,F1,CT,P2|CT,,ok_hash,P2|CT|F1,test
Snap-01_148_png.rf.csd0SJGzDaEHVmJESnpM.png,snap-1,SKOV,48,Snap-01 (2).tiff,SKOV/48h,P1|CT|F1,P1,F1,CT,P1|CT,,ok_hash,P1|CT|F1,test
C3 24HR 2_png.rf.nwCMqVszVo4q9siM9NBd.png,c3 24hr 2,HUVEC,24,C3 24HR 2.tiff,HUVEC/24h,Originais (1)||None||C3,Originais (1),C3,None,HUVEC|None,,ok_hash,Originais (1)||None||C3,train
75ug+ptx3_2_png.rf.SrbDSCvTa81lj9UBc0ZR.png,75ug+ptx3 2,SKOV,0,75ug+ptx3_2.tiff,SKOV/0h,P1|GEO+PTX|F12,P1,F12,GEO+PTX,P1|GEO+PTX,,ok_hash,P1|GEO+PTX|F12,test
E8 12H 1_png.rf.dypWhfNRSbBs1ZJ05Vww.png,e8 12h 1,HUVEC,12,E8 12H 1.tiff,HUVEC/12h,LUIS RAW||PEP+MCC||E8,LUIS RAW,E8,PEP+MCC,HUVEC|PEP+MCC,,ok_hash,LUIS RAW||PEP+MCC||E8,train
E7 8H 1_png.rf.gdYM2hFU7wl1MjzGuBEr.png,e7 8h 1,HUVEC,8,E7 8H 1.tiff,HUVEC/8h,LUIS RAW||PEP+MCC||E7,LUIS RAW,E7,PEP+MCC,HUVEC|PEP+MCC,,ok_hash,LUIS RAW||PEP+MCC||E7,train
A6 24H 2_png.rf.fnzQMmHMSJJ6YxflXcKp.png,a6 24h 2,HUVEC,24,A6 24H 2.tiff,HUVEC/24h,LUIS RAW||PEP+MET3||A6,LUIS RAW,A6,PEP+MET3,HUVEC|PEP+MET3,,ok_hash,LUIS RAW||PEP+MET3||A6,train
E7 0H 1_png.rf.eq57LnM2LtCIhSeyDrQF.png,e7 0h 1,HUVEC,0,E7 0H 1.tiff,HUVEC/0h,LUIS RAW||PEP+MCC||E7,LUIS RAW,E7,PEP+MCC,HUVEC|PEP+MCC,,ok_hash,LUIS RAW||PEP+MCC||E7,train
E6 24H 1_png.rf.Ukxe2UGpEbEFK0yZCv4y.png,e6 24h 1,HUVEC,24,E6 24H 1.tiff,HUVEC/24h,LUIS RAW||PEP+GB||E6,LUIS RAW,E6,PEP+GB,HUVEC|PEP+GB,,ok_hash,LUIS RAW||PEP+GB||E6,train
E6 24H 1_png.rf.SM4It4M2ifLy61R2HAsW.png,e6 24h 1,HUVEC,24,E6 24H 1 (2).tiff,HUVEC/24h,Migração (PET e PEP) n1 - RAW||PET + NEB 5uM||E6,Migração (PET e PEP) n1 - RAW,E6,PET + NEB 5uM,HUVEC|PET + NEB 5uM,,ok_hash,Migração (PET e PEP) n1 - RAW||PET + NEB 5uM||E6,train
A5 8H 1_png.rf.ytVoOCPRdcre6LH0ZiVo.png,a5 8h 1,HUVEC,8,A5 8H 1.tiff,HUVEC/8h,LUIS RAW||PEP||A5,LUIS RAW,A5,PEP,HUVEC|PEP,,ok_hash,LUIS RAW||PEP||A5,test
B5 0H 2_png.rf.HYxIIkEiSgJIkbsyH67d.png,b5 0h 2,HUVEC,0,B5 0H 2.tiff,HUVEC/0h,LUIS RAW||PEP||B5,LUIS RAW,B5,PEP,HUVEC|PEP,,ok_hash,LUIS RAW||PEP||B5,train
B5 0H 2_png.rf.WRwrrI9JRjNDFvDrJ455.png,b5 0h 2,HUVEC,0,B5 0H 2 (2).tiff,HUVEC/0h,Migração (PET e PEP) n1 - RAW||PEP||B5,Migração (PET e PEP) n1 - RAW,B5,PEP,HUVEC|PEP,,ok_hash,Migração (PET e PEP) n1 - RAW||PEP||B5,train
A3 24HR 1_png.rf.zutG6W5yRQFxDl2XXgPv.png,a3 24hr 1,HUVEC,24,A3 24HR 1.tiff,HUVEC/24h,originais||None||A3,originais,A3,None,HUVEC|None,,ok_hash,SHARED__A3,train
A7 8HR 1_png.rf.GjVsnZRPmRuHeMhtZUsG.png,a7 8hr 1,HUVEC,8,A7 8HR 1.tiff,HUVEC/8h,originais||None||A7,originais,A7,None,HUVEC|None,,ok_hash,SHARED__A7,train
A7 8HR 1_png.rf.xk5ZqEQFoQIPE57EFSUg.png,a7 8hr 1,HUVEC,8,A7 8HR 1 (2).tiff,HUVEC/8h,Originais (1)||None||A7,Originais (1),A7,None,HUVEC|None,,ok_hash,SHARED__A7,train
D7 8HR 1_png.rf.yiUSiqMky143n8J01psP.png,d7 8hr 1,HUVEC,8,D7 8HR 1.tiff,HUVEC/8h,originais||None||D7,originais,D7,None,HUVEC|None,,ok_hash,originais||None||D7,val
D4 8HR 1_png.rf.VEshHRtiysfYv1YrXVR9.png,d4 8hr 1,HUVEC,8,D4 8HR 1.tiff,HUVEC/8h,originais||None||D4,originais,D4,None,HUVEC|None,,ok_hash,originais||None||D4,train
E1 12H 2_png.rf.GKeGTBMimaglOZhGi5n6.png,e1 12h 2,HUVEC,12,E1 12H 2.tiff,HUVEC/12h,LUIS RAW||PEP||E1,LUIS RAW,E1,PEP,HUVEC|PEP,,ok_hash,LUIS RAW||PEP||E1,train
A8 0HR 2_png.rf.NV2jswG9TWuajrNnrF1h.png,a8 0hr 2,HUVEC,0,A8 0HR 2.tiff,HUVEC/0h,originais||None||A8,originais,A8,None,HUVEC|None,,ok_hash,SHARED__A8,val
A8 0HR 2_png.rf.bBTZEJTn14rSmKt22Tgo.png,a8 0hr 2,HUVEC,0,A8 0HR 2 (2).tiff,HUVEC/0h,Originais (1)||None||A8,Originais (1),A8,None,HUVEC|None,,ok_hash,SHARED__A8,val
A5 0HR 1_png.rf.LrEs0i1uQ22QfDiczsil.png,a5 0hr 1,HUVEC,0,A5 0hr 1.tiff,HUVEC/0h,Pré-Eclâmpsia||None||A5,Pré-Eclâmpsia,A5,None,HUVEC|None,,ok_hash,Pré-Eclâmpsia||None||A5,train
A5 0HR 1_png.rf.ckTpizxWhCzqrJmwetqV.png,a5 0hr 1,HUVEC,0,A5 0HR 1 (2).tiff,HUVEC/0h,Originais (1)||None||A5,Originais (1),A5,None,HUVEC|None,,ok_hash,SHARED__A5,train
A5 0hr 1_png.rf.P21lFbirAUEUdzrYW43W.png,a5 0hr 1,HUVEC,0,,,Pré-Eclâmpsia||None||A5,Pré-Eclâmpsia,A5,None,HUVEC|None,,ok_nome_norm,Pré-Eclâmpsia||None||A5,train
D5 8HR 2_png.rf.P7QsrLpJ4DFTTJhgOjMR.png,d5 8hr 2,HUVEC,8,D5 8HR 2.tiff,HUVEC/8h,originais||None||D5,originais,D5,None,HUVEC|None,,ok_hash,originais||None||D5,train
D2 0HR 1_png.rf.Yseya69BivbK87V7yoaI.png,d2 0hr 1,HUVEC,0,D2 0HR 1.tiff,HUVEC/0h,originais||None||D2,originais,D2,None,HUVEC|None,,ok_hash,SHARED__D2,train
D2 0HR 1_png.rf.bPcALf4uyzKTnwN0fLop.png,d2 0hr 1,HUVEC,0,D2 0HR 1 (2).tiff,HUVEC/0h,Originais (1)||None||D2,Originais (1),D2,None,HUVEC|None,,ok_hash,SHARED__D2,train
B4 12H 1_png.rf.um4DWqBv1Ipa6K71V8XD.png,b4 12h 1,HUVEC,12,B4 12H 1 (4).tiff,HUVEC/12h,Migração (PET e PEP) n3 - RAW||None||B4,Migração (PET e PEP) n3 - RAW,B4,None,HUVEC|None,,ok_hash,Migração (PET e PEP) n3 - RAW||None||B4,train
B4 12H 1_png.rf.fWkPkc0DWac0jf1b3cMy.png,b4 12h 1,HUVEC,12,B4 12H 1 (2).tiff,HUVEC/12h,Migração (PET e PEP) n1 - RAW||PEP||B4,Migração (PET e PEP) n1 - RAW,B4,PEP,HUVEC|PEP,,ok_hash,Migração (PET e PEP) n1 - RAW||PEP||B4,val
B4 12H 1_png.rf.1ULnxID5MP426B41agfS.png,b4 12h 1,HUVEC,12,B4 12H 1.tiff,HUVEC/12h,LUIS RAW||PEP+MCC||B4,LUIS RAW,B4,PEP+MCC,HUVEC|PEP+MCC,,ok_hash,LUIS RAW||PEP+MCC||B4,train
B4 12H 1_png.rf.JGwJLxV0CVH4bWwe6o5e.png,b4 12h 1,HUVEC,12,B4 12H 1 (3).tiff,HUVEC/12h,Migração (PET e PEP) n2 - RAW||PEP + NEB 5uM||B4,Migração (PET e PEP) n2 - RAW,B4,PEP + NEB 5uM,HUVEC|PEP + NEB 5uM,,ok_hash,Migração (PET e PEP) n2 - RAW||PEP + NEB 5uM||B4,train
A4 12H 1_png.rf.f914DraQGTSAXxlM75wQ.png,a4 12h 1,HUVEC,12,A4 12H 1.tiff,HUVEC/12h,LUIS RAW||PEP+MCC||A4,LUIS RAW,A4,PEP+MCC,HUVEC|PEP+MCC,,ok_hash,LUIS RAW||PEP+MCC||A4,val
D1 8HR 1_png.rf.Pm37sn4g0olAl9FUCP58.png,d1 8hr 1,HUVEC,8,D1 8HR 1 (2).tiff,HUVEC/8h,Originais (1)||None||D1,Originais (1),D1,None,HUVEC|None,,ok_hash,SHARED__D1,train
D1 8HR 1_png.rf.7pXlMXWWJkv2xLuAp89c.png,d1 8hr 1,HUVEC,8,D1 8HR 1.tiff,HUVEC/8h,originais||None||D1,originais,D1,None,HUVEC|None,,ok_hash,SHARED__D1,train
C4 0HR 2_png.rf.JlOkG4pOgUprJJbRw5eR.png,c4 0hr 2,HUVEC,0,C4 0HR 2.tiff,HUVEC/0h,Originais (1)||None||C4,Originais (1),C4,None,HUVEC|None,,ok_hash,Originais (1)||None||C4,train
C3 8HR 2_png.rf.NDuVMEvWWQUYtYk3QJzS.png,c3 8hr 2,HUVEC,8,C3 8HR 2.tiff,HUVEC/8h,Originais (1)||None||C3,Originais (1),C3,None,HUVEC|None,,ok_hash,Originais (1)||None||C3,train
C3 0HR 1_png.rf.OA8x6g62ex8LdXxsap7v.png,c3 0hr 1,HUVEC,0,C3 0HR 1.tiff,HUVEC/0h,Originais (1)||None||C3,Originais (1),C3,None,HUVEC|None,,ok_hash,Originais (1)||None||C3,train
C8 0HR 2_png.rf.ksYRDeDDBvRanUMEGDwa.png,c8 0hr 2,HUVEC,0,C8 0HR 2.tiff,HUVEC/0h,Originais (1)||None||C8,Originais (1),C8,None,HUVEC|None,,ok_hash,Originais (1)||None||C8,train
A6 24HR 1_png.rf.CZ0i116BOFib9CK6D6Hv.png,a6 24hr 1,HUVEC,24,A6 24HR 1.tiff,HUVEC/24h,originais||None||A6,originais,A6,None,HUVEC|None,,ok_hash,SHARED__A6,train
A8 24HR 1_png.rf.F2SAC8rwjoPatolKRN77.png,a8 24hr 1,HUVEC,24,A8 24HR 1.tiff,HUVEC/24h,originais||None||A8,originais,A8,None,HUVEC|None,,ok_hash,SHARED__A8,val
A6 24HR 2_png.rf.F3wCxWuKgUbiNXYsfCns.png,a6 24hr 2,HUVEC,24,A6 24HR 2.tiff,HUVEC/24h,originais||None||A6,originais,A6,None,HUVEC|None,,ok_hash,SHARED__A6,train
D5 24HR 2_png.rf.Gkher8iaMtSCl47ZU9Su.png,d5 24hr 2,HUVEC,24,D5 24HR 2.tiff,HUVEC/24h,originais||None||D5,originais,D5,None,HUVEC|None,,ok_hash,originais||None||D5,train
B4 0HR 2_png.rf.7USPOPdGDFudVKwE8pKs.png,b4 0hr 2,HUVEC,0,B4 0HR 2.tiff,HUVEC/0h,originais||None||B4,originais,B4,None,HUVEC|None,,ok_hash,SHARED__B4,train
B4 0HR 2_png.rf.R9MSxxUNnkRnpGTFpH6a.png,b4 0hr 2,HUVEC,0,B4 0HR 2 (2).tiff,HUVEC/0h,Originais (1)||None||B4,Originais (1),B4,None,HUVEC|None,,ok_hash,SHARED__B4,train
C6 8HR 2_png.rf.ZTn7cYhBLwnj3BXm8diw.png,c6 8hr 2,HUVEC,8,C6 8HR 2.tiff,HUVEC/8h,Originais (1)||None||C6,Originais (1),C6,None,HUVEC|None,,ok_hash,Originais (1)||None||C6,val
B4 8HR 1_png.rf.Zx3F3jtSvOWycP03uETm.png,b4 8hr 1,HUVEC,8,B4 8HR 1 (2).tiff,HUVEC/8h,Originais (1)||None||B4,Originais (1),B4,None,HUVEC|None,,ok_hash,SHARED__B4,train
B4 8HR 1_png.rf.B29qeJZkdECj8CR3RnLZ.png,b4 8hr 1,HUVEC,8,B4 8HR 1.tiff,HUVEC/8h,originais||None||B4,originais,B4,None,HUVEC|None,,ok_hash,SHARED__B4,train
C4 0HR 1_png.rf.hxKvqnSdYZdDCX5ISZcP.png,c4 0hr 1,HUVEC,0,C4 0HR 1.tiff,HUVEC/0h,Originais (1)||None||C4,Originais (1),C4,None,HUVEC|None,,ok_hash,Originais (1)||None||C4,train
Snap-18_png.rf.0cME4hjYM0557eYc0iSp.png,snap-18,SKOV,0,Snap-18.tiff,SKOV/0h,P2|CARBO|F2,P2,F2,CARBO,P2|CARBO,,ok_hash,P2|CARBO|F2,train
Snap-18_122_png.rf.rEzRHI9DOsMmEv8NXGFz.png,snap-18,SKOV,48,Snap-18 (2).tiff,SKOV/48h,P1|PTX|F2,P1,F2,PTX,P1|PTX,,ok_hash,P1|PTX|F2,train
Snap-18_182_png.rf.0olrnxTCWxDIVmtPK3HA.png,snap-18,SKOV,24,Snap-18 (2).tiff,SKOV/24h,P1|PTX|F2,P1,F2,PTX,P1|PTX,,ok_hash,P1|PTX|F2,train
Snap-18_48_png.rf.dOk2ClCgbcYApxR6XtAY.png,snap-18,SKOV,48,Snap-18.tiff,SKOV/48h,P2|CARBO|F2,P2,F2,CARBO,P2|CARBO,,ok_hash,P2|CARBO|F2,train
Snap-18_242_png.rf.sg4fkcHavt8IVG7Qq0vy.png,snap-18,SKOV,72,Snap-18.tiff,SKOV/72h,P1|PTX|F13,P1,F13,PTX,P1|PTX,,ok_hash,P1|PTX|F13,train
Snap-18_93_png.rf.vdsK3Pm2Jw59MfN6akCm.png,snap-18,SKOV,24,Snap-18.tiff,SKOV/24h,P2|CARBO|F3,P2,F3,CARBO,P2|CARBO,,ok_hash,P2|CARBO|F3,val
C1 0HR 2_png.rf.cofLTSxW3gxzQSKdJLlN.png,c1 0hr 2,HUVEC,0,C1 0HR 2.tiff,HUVEC/0h,Originais (1)||None||C1,Originais (1),C1,None,HUVEC|None,,ok_hash,Originais (1)||None||C1,val
D8 0HR 2_png.rf.6vZ69MlNa4M4RK00CrsX.png,d8 0hr 2,HUVEC,0,D8 0HR 2.tiff,HUVEC/0h,originais||None||D8,originais,D8,None,HUVEC|None,,ok_hash,originais||None||D8,train
D6 8HR 2_png.rf.5nPaWGjUg2mp8jLco95k.png,d6 8hr 2,HUVEC,8,D6 8HR 2.tiff,HUVEC/8h,originais||None||D6,originais,D6,None,HUVEC|None,,ok_hash,originais||None||D6,test
D6 0HR 1_png.rf.4oKYhxLKMYTeZrBOsGpy.png,d6 0hr 1,HUVEC,0,D6 0HR 1.tiff,HUVEC/0h,originais||None||D6,originais,D6,None,HUVEC|None,,ok_hash,originais||None||D6,test
B6 24H 2_png.rf.g9EmKb8Cdam9r5SMpZY2.png,b6 24h 2,HUVEC,24,B6 24H 2.tiff,HUVEC/24h,LUIS RAW||PEP+MET3||B6,LUIS RAW,B6,PEP+MET3,HUVEC|PEP+MET3,,ok_hash,LUIS RAW||PEP+MET3||B6,test
B6 24H 2_png.rf.on5eSF0it6xiMzlvQBIL.png,b6 24h 2,HUVEC,24,B6 24H 2 (2).tiff,HUVEC/24h,Migração (PET e PEP) n1 - RAW||PET + NEB 1uM||B6,Migração (PET e PEP) n1 - RAW,B6,PET + NEB 1uM,HUVEC|PET + NEB 1uM,,ok_hash,Migração (PET e PEP) n1 - RAW||PET + NEB 1uM||B6,train
B8 0H 2_png.rf.fGRjTfUOLs3peda6Im4w.png,b8 0h 2,HUVEC,0,B8 0H 2.tiff,HUVEC/0h,LUIS RAW||PEP+MCC||B8,LUIS RAW,B8,PEP+MCC,HUVEC|PEP+MCC,,ok_hash,LUIS RAW||PEP+MCC||B8,train
F1 0H 2_png.rf.gBMJC85G4OOdikrMFcEc.png,f1 0h 2,HUVEC,0,F1 0H 2.tiff,HUVEC/0h,LUIS RAW||PET||F1,LUIS RAW,F1,PET,HUVEC|PET,,ok_hash,LUIS RAW||PET||F1,test
E6 12H 2_png.rf.TsrNibUXSGYTAPRKTkyw.png,e6 12h 2,HUVEC,12,E6 12H 2.tiff,HUVEC/12h,LUIS RAW||PEP+GB||E6,LUIS RAW,E6,PEP+GB,HUVEC|PEP+GB,,ok_hash,LUIS RAW||PEP+GB||E6,train
E6 12H 2_png.rf.BlAfZigMj5CseFC1MU6w.png,e6 12h 2,HUVEC,12,E6 12H 2 (2).tiff,HUVEC/12h,Migração (PET e PEP) n1 - RAW||PET + NEB 5uM||E6,Migração (PET e PEP) n1 - RAW,E6,PET + NEB 5uM,HUVEC|PET + NEB 5uM,,ok_hash,Migração (PET e PEP) n1 - RAW||PET + NEB 5uM||E6,train
B1 24H 2_png.rf.aL5f9PxXXKHrQSCq7Jm9.png,b1 24h 2,HUVEC,24,B1 24H 2 (2).tiff,HUVEC/24h,LUIS RAW||PEP||B1,LUIS RAW,B1,PEP,HUVEC|PEP,,ok_hash,LUIS RAW||PEP||B1,train
B1 24H 2_png.rf.4qaCftKSaA7xUEOjNTbd.png,b1 24h 2,HUVEC,24,B1 24H 2 (4).tiff,HUVEC/24h,Migração (PET e PEP) n3 - RAW||None||B1,Migração (PET e PEP) n3 - RAW,B1,None,HUVEC|None,,ok_hash,Migração (PET e PEP) n3 - RAW||None||B1,train
B1 24h 2_png.rf.DK9BzMN7LNGZvsVA1LaO.png,b1 24h 2,HUVEC,24,B1 24h 2.tiff,HUVEC/24h,Pré-Eclâmpsia||None||B1,Pré-Eclâmpsia,B1,None,HUVEC|None,,ok_hash,Pré-Eclâmpsia||None||B1,train
B1 24H 2_png.rf.WAXPIALQ8VqzYoMup3J4.png,b1 24h 2,HUVEC,24,B1 24H 2 (3).tiff,HUVEC/24h,Migração (PET e PEP) n2 - RAW||PEP + NEB 1uM||B1,Migração (PET e PEP) n2 - RAW,B1,PEP + NEB 1uM,HUVEC|PEP + NEB 1uM,,ok_hash,Migração (PET e PEP) n2 - RAW||PEP + NEB 1uM||B1,test
E4 8H 1_png.rf.fGHz8CYQImAFmfxXWS4M.png,e4 8h 1,HUVEC,8,E4 8H 1.tiff,HUVEC/8h,LUIS RAW||PEP+MET3||E4,LUIS RAW,E4,PEP+MET3,HUVEC|PEP+MET3,,ok_hash,LUIS RAW||PEP+MET3||E4,train
E4 8H 1_png.rf.yngxpz19E6gtMv7TZwNY.png,e4 8h 1,HUVEC,8,E4 8H 1 (2).tiff,HUVEC/8h,Migração (PET e PEP) n1 - RAW||PET||E4,Migração (PET e PEP) n1 - RAW,E4,PET,HUVEC|PET,,ok_hash,Migração (PET e PEP) n1 - RAW||PET||E4,train
A3 0H 1_png.rf.4oL1M95z5XQoppHkibCl.png,a3 0h 1,HUVEC,0,A3 0H 1.tiff,HUVEC/0h,LUIS RAW||PEP+GB||A3,LUIS RAW,A3,PEP+GB,HUVEC|PEP+GB,,ok_hash,LUIS RAW||PEP+GB||A3,val
A3 0H 1_png.rf.SCgzOX4C9GJqoXUBS7cD.png,a3 0h 1,HUVEC,0,A3 0H 1 (3).tiff,HUVEC/0h,Migração (PET e PEP) n3 - RAW||None||A3,Migração (PET e PEP) n3 - RAW,A3,None,HUVEC|None,,ok_hash,Migração (PET e PEP) n3 - RAW||None||A3,train
A3 0H 1_png.rf.yPTg0IPNv7ljio0JDYZp.png,a3 0h 1,HUVEC,0,A3 0H 1 (2).tiff,HUVEC/0h,Migração (PET e PEP) n2 - RAW||PEP||A3,Migração (PET e PEP) n2 - RAW,A3,PEP,HUVEC|PEP,,ok_hash,Migração (PET e PEP) n2 - RAW||PEP||A3,train
E7 8H 2_png.rf.hLyWTNk9OoU7ZNBzFrnm.png,e7 8h 2,HUVEC,8,E7 8H 2.tiff,HUVEC/8h,LUIS RAW||PEP+MCC||E7,LUIS RAW,E7,PEP+MCC,HUVEC|PEP+MCC,,ok_hash,LUIS RAW||PEP+MCC||E7,train
A6 8H 1_png.rf.0Ed4k50VKrxz80UdTuUb.png,a6 8h 1,HUVEC,8,A6 8H 1.tiff,HUVEC/8h,LUIS RAW||PEP+MET3||A6,LUIS RAW,A6,PEP+MET3,HUVEC|PEP+MET3,,ok_hash,LUIS RAW||PEP+MET3||A6,train
B7 8H 1_png.rf.lBFggiIcKNjlvkxM2hRK.png,b7 8h 1,HUVEC,8,B7 8H 1.tiff,HUVEC/8h,LUIS RAW||PEP+GB||B7,LUIS RAW,B7,PEP+GB,HUVEC|PEP+GB,,ok_hash,LUIS RAW||PEP+GB||B7,val
E1 12H 1_png.rf.MXhOPdUnNbYD4WTRbftP.png,e1 12h 1,HUVEC,12,E1 12H 1.tiff,HUVEC/12h,LUIS RAW||PEP||E1,LUIS RAW,E1,PEP,HUVEC|PEP,,ok_hash,LUIS RAW||PEP||E1,train
E5 0H 1_png.rf.1vQjKt50QZjN64Psv9NT.png,e5 0h 1,HUVEC,0,E5 0H 1 (2).tiff,HUVEC/0h,Migração (PET e PEP) n1 - RAW||PET||E5,Migração (PET e PEP) n1 - RAW,E5,PET,HUVEC|PET,,ok_hash,Migração (PET e PEP) n1 - RAW||PET||E5,test
E5 0H 1_png.rf.yqnlcPCi4sN1IZNgGJZF.png,e5 0h 1,HUVEC,0,E5 0H 1.tiff,HUVEC/0h,LUIS RAW||PEP+GB||E5,LUIS RAW,E5,PEP+GB,HUVEC|PEP+GB,,ok_hash,LUIS RAW||PEP+GB||E5,train
C3 24H 2_png.rf.28tWjp0UrmmsCvlzDtvg.png,c3 24h 2,HUVEC,24,C3 24H 2.tiff,HUVEC/24h,Migração (PET e PEP) n1 - RAW||PEP + NEB 1uM||C3,Migração (PET e PEP) n1 - RAW,C3,PEP + NEB 1uM,HUVEC|PEP + NEB 1uM,,ok_hash,Migração (PET e PEP) n1 - RAW||PEP + NEB 1uM||C3,val
C3 24H 2_png.rf.1wSY2UkYqgHSdnWl4F25.png,c3 24h 2,HUVEC,24,C3 24H 2 (3).tiff,HUVEC/24h,Migração (PET e PEP) n3 - RAW||None||C3,Migração (PET e PEP) n3 - RAW,C3,None,HUVEC|None,,ok_hash,Migração (PET e PEP) n3 - RAW||None||C3,train
C3 24H 2_png.rf.OVnzFMX0yCURjr7b0E0V.png,c3 24h 2,HUVEC,24,C3 24H 2 (2).tiff,HUVEC/24h,Migração (PET e PEP) n2 - RAW||PET||C3,Migração (PET e PEP) n2 - RAW,C3,PET,HUVEC|PET,,ok_hash,Migração (PET e PEP) n2 - RAW||PET||C3,test
E5 24H 2_png.rf.6vTK4uKSq2so4Qygh6pa.png,e5 24h 2,HUVEC,24,E5 24H 2 (2).tiff,HUVEC/24h,Migração (PET e PEP) n1 - RAW||PET||E5,Migração (PET e PEP) n1 - RAW,E5,PET,HUVEC|PET,,ok_hash,Migração (PET e PEP) n1 - RAW||PET||E5,test
E5 24H 2_png.rf.fcYsl0fEP4LX8ywk9lvr.png,e5 24h 2,HUVEC,24,E5 24H 2.tiff,HUVEC/24h,LUIS RAW||PEP+GB||E5,LUIS RAW,E5,PEP+GB,HUVEC|PEP+GB,,ok_hash,LUIS RAW||PEP+GB||E5,train
A6 0HR 1_png.rf.pklUjEh23onboVeWaw4x.png,a6 0hr 1,HUVEC,0,A6 0HR 1 (2).tiff,HUVEC/0h,Originais (1)||None||A6,Originais (1),A6,None,HUVEC|None,,ok_hash,SHARED__A6,train
A6 0HR 1_png.rf.8JKmt3fFlm2xNDphYqOO.png,a6 0hr 1,HUVEC,0,A6 0HR 1.tiff,HUVEC/0h,originais||None||A6,originais,A6,None,HUVEC|None,,ok_hash,SHARED__A6,train
B7 12H 2_png.rf.m99XnRmyLF7wLmP2Pgs0.png,b7 12h 2,HUVEC,12,B7 12H 2.tiff,HUVEC/12h,LUIS RAW||PEP+GB||B7,LUIS RAW,B7,PEP+GB,HUVEC|PEP+GB,,ok_hash,LUIS RAW||PEP+GB||B7,val
D8 8HR 1_png.rf.IJVQBws0SzQ90LsiLaCx.png,d8 8hr 1,HUVEC,8,D8 8HR 1.tiff,HUVEC/8h,originais||None||D8,originais,D8,None,HUVEC|None,,ok_hash,originais||None||D8,train
D1 0HR 1_png.rf.X95BBgcop2LdYBHvWj7G.png,d1 0hr 1,HUVEC,0,D1 0HR 1.tiff,HUVEC/0h,originais||None||D1,originais,D1,None,HUVEC|None,,ok_hash,SHARED__D1,train
D1 0HR 1_png.rf.pXGKiyw6dpCjGOogRcBS.png,d1 0hr 1,HUVEC,0,D1 0HR 1 (2).tiff,HUVEC/0h,Originais (1)||None||D1,Originais (1),D1,None,HUVEC|None,,ok_hash,SHARED__D1,train
A1 8HR 1_png.rf.VABkXkmpYjE9yLo5gSBX.png,a1 8hr 1,HUVEC,8,A1 8HR 1 (2).tiff,HUVEC/8h,Originais (1)||None||A1,Originais (1),A1,None,HUVEC|None,,ok_hash,SHARED__A1,test
A1 8HR 1_png.rf.7N4eAqgpqfPKb1eNWowl.png,a1 8hr 1,HUVEC,8,A1 8HR 1.tiff,HUVEC/8h,originais||None||A1,originais,A1,None,HUVEC|None,,ok_hash,SHARED__A1,test
C6 0HR 2_png.rf.zyNAR1CwDZpAV3QTNmAK.png,c6 0hr 2,HUVEC,0,C6 0HR 2.tiff,HUVEC/0h,Originais (1)||None||C6,Originais (1),C6,None,HUVEC|None,,ok_hash,Originais (1)||None||C6,val
E5 0H 2_png.rf.8p5NkHtrp3u9YOFn9tyS.png,e5 0h 2,HUVEC,0,E5 0H 2 (2).tiff,HUVEC/0h,Migração (PET e PEP) n1 - RAW||PET||E5,Migração (PET e PEP) n1 - RAW,E5,PET,HUVEC|PET,,ok_hash,Migração (PET e PEP) n1 - RAW||PET||E5,test
E5 0H 2_png.rf.7Z9jfrXhtVmhLQrXDviu.png,e5 0h 2,HUVEC,0,E5 0H 2.tiff,HUVEC/0h,LUIS RAW||PEP+GB||E5,LUIS RAW,E5,PEP+GB,HUVEC|PEP+GB,,ok_hash,LUIS RAW||PEP+GB||E5,train
A8 8HR 2_png.rf.Sl3eGhF0H3bFdH9ednkA.png,a8 8hr 2,HUVEC,8,A8 8HR 2 (2).tiff,HUVEC/8h,Originais (1)||None||A8,Originais (1),A8,None,HUVEC|None,,ok_hash,SHARED__A8,val
A8 8HR 2_png.rf.EJjkqscJBx39tXPg49pe.png,a8 8hr 2,HUVEC,8,A8 8HR 2.tiff,HUVEC/8h,originais||None||A8,originais,A8,None,HUVEC|None,,ok_hash,SHARED__A8,val
C2 0HR 1_png.rf.Yu3NwZ7ww6snJr7UM5dr.png,c2 0hr 1,HUVEC,0,C2 0HR 1.tiff,HUVEC/0h,Originais (1)||None||C2,Originais (1),C2,None,HUVEC|None,,ok_hash,Originais (1)||None||C2,train
C5 0HR 2_png.rf.RILXqlwl7sgu60wnNZj4.png,c5 0hr 2,HUVEC,0,C5 0HR 2.tiff,HUVEC/0h,Originais (1)||None||C5,Originais (1),C5,None,HUVEC|None,,ok_hash,Originais (1)||None||C5,train
D3 0HR 1_png.rf.UTdVqreVFkXPnGSBUDx1.png,d3 0hr 1,HUVEC,0,D3 0HR 1 (2).tiff,HUVEC/0h,Originais (1)||None||D3,Originais (1),D3,None,HUVEC|None,,ok_hash,SHARED__D3,train
D3 0HR 1_png.rf.qw9FMyUJOaS44J6sP1Ql.png,d3 0hr 1,HUVEC,0,D3 0HR 1.tiff,HUVEC/0h,originais||None||D3,originais,D3,None,HUVEC|None,,ok_hash,SHARED__D3,train
A7 8HR 2_png.rf.XLvSf5YShAgMNDunOMd0.png,a7 8hr 2,HUVEC,8,A7 8HR 2 (2).tiff,HUVEC/8h,Originais (1)||None||A7,Originais (1),A7,None,HUVEC|None,,ok_hash,SHARED__A7,train
A7 8HR 2_png.rf.dobLaJPosWiABykLZnGP.png,a7 8hr 2,HUVEC,8,A7 8HR 2.tiff,HUVEC/8h,originais||None||A7,originais,A7,None,HUVEC|None,,ok_hash,SHARED__A7,train
A6 0HR 2_png.rf.JMN4V6CmL5NKT47K3mPk.png,a6 0hr 2,HUVEC,0,A6 0HR 2 (2).tiff,HUVEC/0h,Originais (1)||None||A6,Originais (1),A6,None,HUVEC|None,,ok_hash,SHARED__A6,train
A6 0HR 2_png.rf.U8U5IbHwqCKRxWcOiaKk.png,a6 0hr 2,HUVEC,0,A6 0HR 2.tiff,HUVEC/0h,originais||None||A6,originais,A6,None,HUVEC|None,,ok_hash,SHARED__A6,train
C3 0HR 2_png.rf.fB58mPGwNgzpEsam8ilX.png,c3 0hr 2,HUVEC,0,C3 0HR 2.tiff,HUVEC/0h,Originais (1)||None||C3,Originais (1),C3,None,HUVEC|None,,ok_hash,Originais (1)||None||C3,train
D2 0HR 2_png.rf.hkAX0DMAdAmUUEg8u8ih.png,d2 0hr 2,HUVEC,0,D2 0HR 2 (2).tiff,HUVEC/0h,Originais (1)||None||D2,Originais (1),D2,None,HUVEC|None,,ok_hash,SHARED__D2,train
D2 0HR 2_png.rf.VDReyc4tQ21pFdV55mR5.png,d2 0hr 2,HUVEC,0,D2 0HR 2.tiff,HUVEC/0h,originais||None||D2,originais,D2,None,HUVEC|None,,ok_hash,SHARED__D2,train
C1 0HR 1_png.rf.io0V83H2okswSGviYmJX.png,c1 0hr 1,HUVEC,0,C1 0HR 1.tiff,HUVEC/0h,Originais (1)||None||C1,Originais (1),C1,None,HUVEC|None,,ok_hash,Originais (1)||None||C1,val
B1 24H 1_png.rf.0deSBQxLbdnRzJ0lo2os.png,b1 24h 1,HUVEC,24,B1 24H 1 (3).tiff,HUVEC/24h,Migração (PET e PEP) n3 - RAW||None||B1,Migração (PET e PEP) n3 - RAW,B1,None,HUVEC|None,,ok_hash,Migração (PET e PEP) n3 - RAW||None||B1,train
B1 24H 1_png.rf.GJ99b6zJDkCcdldeprAL.png,b1 24h 1,HUVEC,24,B1 24H 1 (2).tiff,HUVEC/24h,Migração (PET e PEP) n2 - RAW||PEP + NEB 1uM||B1,Migração (PET e PEP) n2 - RAW,B1,PEP + NEB 1uM,HUVEC|PEP + NEB 1uM,,ok_hash,Migração (PET e PEP) n2 - RAW||PEP + NEB 1uM||B1,test
B1 24H 1_png.rf.HqYokt9sZNbgk1oXPrdr.png,b1 24h 1,HUVEC,24,B1 24H 1.tiff,HUVEC/24h,LUIS RAW||PEP||B1,LUIS RAW,B1,PEP,HUVEC|PEP,,ok_hash,LUIS RAW||PEP||B1,train
A7 0HR 2_png.rf.0uB1uwLgRUfuU7JqF0kR.png,a7 0hr 2,HUVEC,0,A7 0HR 2.tiff,HUVEC/0h,originais||None||A7,originais,A7,None,HUVEC|None,,ok_hash,SHARED__A7,train
A7 0HR 2_png.rf.vAp3lFd9w8FX4VCJhMZl.png,a7 0hr 2,HUVEC,0,A7 0HR 2 (2).tiff,HUVEC/0h,Originais (1)||None||A7,Originais (1),A7,None,HUVEC|None,,ok_hash,SHARED__A7,train
D2 24H 1_png.rf.3dVBVsdA0iITfaZ15lQH.png,d2 24h 1,HUVEC,24,D2 24H 1 (2).tiff,HUVEC/24h,Migração (PET e PEP) n3 - RAW||None||D2,Migração (PET e PEP) n3 - RAW,D2,None,HUVEC|None,,ok_hash,Migração (PET e PEP) n3 - RAW||None||D2,test
D2 24H 1_png.rf.Bc0RVmhmtihtWRrOu3Sx.png,d2 24h 1,HUVEC,24,D2 24H 1.tiff,HUVEC/24h,Migração (PET e PEP) n2 - RAW||PET + NEB 1uM||D2,Migração (PET e PEP) n2 - RAW,D2,PET + NEB 1uM,HUVEC|PET + NEB 1uM,,ok_hash,Migração (PET e PEP) n2 - RAW||PET + NEB 1uM||D2,test
D4 12HR 2_png.rf.3mHz6QXfVp3bYuBorSyN.png,d4 12hr 2,HUVEC,12,D4 12HR 2.tiff,HUVEC/12h,originais||None||D4,originais,D4,None,HUVEC|None,,ok_hash,originais||None||D4,train
B1 24HR 1_png.rf.ZOXgAwm7pCyA0PxFBFkk.png,b1 24hr 1,HUVEC,24,,,Controle+Saudavel||None||B1,Controle+Saudavel,B1,None,HUVEC|None,,ok_nome_norm,Controle+Saudavel||None||B1,test
B1 24hr 1_png.rf.wZriPsVdQe9B1XYh0ypQ.png,b1 24hr 1,HUVEC,24,B1 24hr 1.tiff,HUVEC/24h,Controle+Saudavel||None||B1,Controle+Saudavel,B1,None,HUVEC|None,,ok_hash,Controle+Saudavel||None||B1,test
A4 24h 1_png.rf.33dy4hIcNF63XsaZetPY.png,a4 24h 1,HUVEC,24,A4 24h 1.tiff,HUVEC/24h,Controle+Saudavel||None||A4,Controle+Saudavel,A4,None,HUVEC|None,,ok_hash,Controle+Saudavel||None||A4,train
A4 24H 1_png.rf.gJwCrLc590rY2WH4Ned6.png,a4 24h 1,HUVEC,24,A4 24H 1 (2).tiff,HUVEC/24h,LUIS RAW||PEP+MCC||A4,LUIS RAW,A4,PEP+MCC,HUVEC|PEP+MCC,,ok_hash,LUIS RAW||PEP+MCC||A4,val
B1 24 1_png.rf.4kESSl903ETfZ8RacXmq.png,b1 24 1,HUVEC,24,B1 24 1.tiff,HUVEC/24h,Pré-Eclâmpsia||None||B1,Pré-Eclâmpsia,B1,None,HUVEC|None,,ok_hash,Pré-Eclâmpsia||None||B1,train
B6 24HR 2_png.rf.JjCpIX0SSKPtprUC1AUV.png,b6 24hr 2,HUVEC,24,B6 24HR 2.tiff,HUVEC/24h,originais||None||B6,originais,B6,None,HUVEC|None,,ok_hash,SHARED__B6,train
D5 12HR 2_png.rf.R9D5BB9IshtABWWWswKd.png,d5 12hr 2,HUVEC,12,D5 12HR 2.tiff,HUVEC/12h,originais||None||D5,originais,D5,None,HUVEC|None,,ok_hash,originais||None||D5,train
A2 24HR 1_png.rf.Ui49cupMaTI531NWJK6R.png,a2 24hr 1,HUVEC,24,A2 24HR 1.tiff,HUVEC/24h,originais||None||A2,originais,A2,None,HUVEC|None,,ok_hash,SHARED__A2,val
A2 24HR 1_png.rf.zHEN1vEwcIUcwRWJIw0w.png,a2 24hr 1,HUVEC,24,A2 24HR 1 (2).tiff,HUVEC/24h,Originais (1)||None||A2,Originais (1),A2,None,HUVEC|None,,ok_hash,SHARED__A2,val
B3 24HR 2_png.rf.KdQdPqIplBH5LttSEuYM.png,b3 24hr 2,HUVEC,24,B3 24HR 2.tiff,HUVEC/24h,originais||None||B3,originais,B3,None,HUVEC|None,,ok_hash,SHARED__B3,train
D7 12HR 2_png.rf.Mx3Pfn3ormlryV7b2yzz.png,d7 12hr 2,HUVEC,12,D7 12HR 2.tiff,HUVEC/12h,originais||None||D7,originais,D7,None,HUVEC|None,,ok_hash,originais||None||D7,val
B4 12hr 1_png.rf.67F2wb5gCj5GQZg22JeL.png,b4 12hr 1,HUVEC,12,B4 12hr 1.tiff,HUVEC/12h,Pré-Eclâmpsia||None||B4,Pré-Eclâmpsia,B4,None,HUVEC|None,,ok_hash,Pré-Eclâmpsia||None||B4,train
B4 12HR 1_png.rf.KaR1X3qveVurnKSmeOz8.png,b4 12hr 1,HUVEC,12,,,Pré-Eclâmpsia||None||B4,Pré-Eclâmpsia,B4,None,HUVEC|None,,ok_nome_norm,Pré-Eclâmpsia||None||B4,train
B4 12HR 1_png.rf.guNhxNPcFlti4hUxkpql.png,b4 12hr 1,HUVEC,12,B4 12HR 1 (2).tiff,HUVEC/12h,Originais (1)||None||B4,Originais (1),B4,None,HUVEC|None,,ok_hash,SHARED__B4,train
B4 12hr 2_png.rf.6MFKtv79wCTIK0YDsTYm.png,b4 12hr 2,HUVEC,12,B4 12hr 2.tiff,HUVEC/12h,Controle+Saudavel||None||B4,Controle+Saudavel,B4,None,HUVEC|None,,ok_hash,Controle+Saudavel||None||B4,train
B4 12HR 2_png.rf.T9zwB1CKrAIJWPxFGcE5.png,b4 12hr 2,HUVEC,12,,,Controle+Saudavel||None||B4,Controle+Saudavel,B4,None,HUVEC|None,,ok_nome_norm,Controle+Saudavel||None||B4,train
B4 12HR 2_png.rf.jxZ0dYKAVdNPmJQFPifR.png,b4 12hr 2,HUVEC,12,B4 12HR 2 (2).tiff,HUVEC/12h,Originais (1)||None||B4,Originais (1),B4,None,HUVEC|None,,ok_hash,SHARED__B4,train
B6 24h 1_png.rf.HqRokqEzDfBP5O3ZtezT.png,b6 24h 1,HUVEC,24,,,Pré-Eclâmpsia||None||B6,Pré-Eclâmpsia,B6,None,HUVEC|None,,ok_nome_norm,Pré-Eclâmpsia||None||B6,train
B6 24H 1_png.rf.j9lG9KfzRzSXyhye5PlS.png,b6 24h 1,HUVEC,24,B6 24H 1 (3).tiff,HUVEC/24h,Migração (PET e PEP) n1 - RAW||PET + NEB 1uM||B6,Migração (PET e PEP) n1 - RAW,B6,PET + NEB 1uM,HUVEC|PET + NEB 1uM,,ok_hash,Migração (PET e PEP) n1 - RAW||PET + NEB 1uM||B6,train
B6 24h 1_png.rf.Mqv4F4d5b4AUQiStkAzE.png,b6 24h 1,HUVEC,24,B6 24h 1.tiff,HUVEC/24h,Pré-Eclâmpsia||None||B6,Pré-Eclâmpsia,B6,None,HUVEC|None,,ok_hash,Pré-Eclâmpsia||None||B6,train
B6 24H 1_png.rf.z1gnHGqIpgOdff4cmlwF.png,b6 24h 1,HUVEC,24,B6 24H 1 (2).tiff,HUVEC/24h,LUIS RAW||PEP+MET3||B6,LUIS RAW,B6,PEP+MET3,HUVEC|PEP+MET3,,ok_hash,LUIS RAW||PEP+MET3||B6,test
D3 12HR 2_png.rf.cc5ORiU1L0tYW9JwzMnT.png,d3 12hr 2,HUVEC,12,D3 12HR 2.tiff,HUVEC/12h,originais||None||D3,originais,D3,None,HUVEC|None,,ok_hash,SHARED__D3,train
D3 12HR 2_png.rf.nlwr0hPwCsrwhcGywwyF.png,d3 12hr 2,HUVEC,12,D3 12HR 2 (2).tiff,HUVEC/12h,Originais (1)||None||D3,Originais (1),D3,None,HUVEC|None,,ok_hash,SHARED__D3,train
D4 24HR 1_png.rf.ZeWox4g9WSQYjCRdF5Hj.png,d4 24hr 1,HUVEC,24,D4 24HR 1.tiff,HUVEC/24h,originais||None||D4,originais,D4,None,HUVEC|None,,ok_hash,originais||None||D4,train
D7 24HR 2_png.rf.XWVFfZxkpp5fMF6O9txt.png,d7 24hr 2,HUVEC,24,D7 24HR 2.tiff,HUVEC/24h,originais||None||D7,originais,D7,None,HUVEC|None,,ok_hash,originais||None||D7,val
C2 24H 2_png.rf.nK9nS1IZLcocNvwfcE7w.png,c2 24h 2,HUVEC,24,C2 24H 2 (2).tiff,HUVEC/24h,Migração (PET e PEP) n3 - RAW||None||C2,Migração (PET e PEP) n3 - RAW,C2,None,HUVEC|None,,ok_hash,Migração (PET e PEP) n3 - RAW||None||C2,val
C2 24H 2_png.rf.3iAkFoyGnnXiK0b7aJfO.png,c2 24h 2,HUVEC,24,C2 24H 2.tiff,HUVEC/24h,Migração (PET e PEP) n2 - RAW||PET||C2,Migração (PET e PEP) n2 - RAW,C2,PET,HUVEC|PET,,ok_hash,Migração (PET e PEP) n2 - RAW||PET||C2,train
B4 0HR 1_png.rf.vUKPySAwB6c4ma0fBFDE.png,b4 0hr 1,HUVEC,0,B4 0HR 1.tiff,HUVEC/0h,originais||None||B4,originais,B4,None,HUVEC|None,,ok_hash,SHARED__B4,train
B4 0HR 1_png.rf.Sr70U7YhZrmMlrGO89Iv.png,b4 0hr 1,HUVEC,0,B4 0HR 1 (2).tiff,HUVEC/0h,Originais (1)||None||B4,Originais (1),B4,None,HUVEC|None,,ok_hash,SHARED__B4,train
B6 8HR 1_png.rf.ezE4khDWYhT8i1EBIy2m.png,b6 8hr 1,HUVEC,8,B6 8HR 1 (2).tiff,HUVEC/8h,Originais (1)||None||B6,Originais (1),B6,None,HUVEC|None,,ok_hash,SHARED__B6,train
B6 8HR 1_png.rf.p2EJqFyR41XjsHo60u8I.png,b6 8hr 1,HUVEC,8,B6 8HR 1.tiff,HUVEC/8h,originais||None||B6,originais,B6,None,HUVEC|None,,ok_hash,SHARED__B6,train
Snap-15_60_png.rf.AUB9Da86Zc4f2GiWRpgF.png,snap-15,SKOV,24,Snap-15.tiff,SKOV/24h,P2|CT|F15,P2,F15,CT,P2|CT,,ok_hash,P2|CT|F15,train
Snap-15_134_png.rf.PT0eio2SodTEch0Oowqe.png,snap-15,SKOV,48,Snap-15 (2).tiff,SKOV/48h,P1|CT|F15,P1,F15,CT,P1|CT,,ok_hash,P1|CT|F15,train
Snap-15_194_png.rf.jyDxznPzUcDKPrXPinis.png,snap-15,SKOV,24,Snap-15 (2).tiff,SKOV/24h,P1|CT|F14,P1,F14,CT,P1|CT,,ok_hash,P1|CT|F14,train
Snap-15_15_png.rf.oEkUKHxOZ7qcBLxMlF5e.png,snap-15,SKOV,48,Snap-15.tiff,SKOV/48h,P2|CT|F15,P2,F15,CT,P2|CT,,ok_hash,P2|CT|F15,train
Snap-15_png.rf.QpISbBkKeIMbu6a2p8wX.png,snap-15,SKOV,0,Snap-15.tiff,SKOV/0h,P2|CT|F14,P2,F14,CT,P2|CT,,ok_hash,P2|CT|F14,train
Snap-19_png.rf.54NjFnaveSX8V7dKaXCe.png,snap-19,SKOV,0,Snap-19.tiff,SKOV/0h,P2|CARBO|F3,P2,F3,CARBO,P2|CARBO,,ok_hash,P2|CARBO|F3,val
Snap-19_179_png.rf.LbI9UqUYPM9MI69fTMLd.png,snap-19,SKOV,24,Snap-19 (2).tiff,SKOV/24h,P1|PTX|F3,P1,F3,PTX,P1|PTX,,ok_hash,P1|PTX|F3,val
Snap-19_45_png.rf.h26s2hEWJo5PGBPNWzbv.png,snap-19,SKOV,48,Snap-19.tiff,SKOV/48h,P2|CARBO|F3,P2,F3,CARBO,P2|CARBO,,ok_hash,P2|CARBO|F3,val
Snap-19_119_png.rf.rL8vPl5ijPVO0I4eyA1W.png,snap-19,SKOV,48,Snap-19 (2).tiff,SKOV/48h,P1|PTX|F3,P1,F3,PTX,P1|PTX,,ok_hash,P1|PTX|F3,val
Snap-19_90_png.rf.LTW9T6mUiyeyn573QLTY.png,snap-19,SKOV,24,Snap-19.tiff,SKOV/24h,P2|CARBO|F4,P2,F4,CARBO,P2|CARBO,,ok_hash,P2|CARBO|F4,train
Snap-20_png.rf.CTNy3Rv16m36Khsp3xJc.png,snap-20,SKOV,0,Snap-20.tiff,SKOV/0h,P2|CARBO|F4,P2,F4,CARBO,P2|CARBO,,ok_hash,P2|CARBO|F4,train
Snap-20_133_png.rf.wotHCE8IfJ6UYBmxNc4i.png,snap-20,SKOV,48,Snap-20 (2).tiff,SKOV/48h,P1|PTX|F4,P1,F4,PTX,P1|PTX,,ok_hash,P1|PTX|F4,train
Snap-20_59_png.rf.cuUsjVgyqu6QpoUYSKTl.png,snap-20,SKOV,48,Snap-20.tiff,SKOV/48h,P2|CARBO|F4,P2,F4,CARBO,P2|CARBO,,ok_hash,P2|CARBO|F4,train
Snap-20_193_png.rf.OGPjmr6AN3p8v8qf5RaD.png,snap-20,SKOV,24,Snap-20 (2).tiff,SKOV/24h,P1|PTX|F4,P1,F4,PTX,P1|PTX,,ok_hash,P1|PTX|F4,train
Snap-20_104_png.rf.lu9wLu7mqVxquLAseXNa.png,snap-20,SKOV,24,Snap-20.tiff,SKOV/24h,P2|CARBO|F5,P2,F5,CARBO,P2|CARBO,,ok_hash,P2|CARBO|F5,train
A1 8HR 2_png.rf.bvjlWbubzYS3fVyOKsCU.png,a1 8hr 2,HUVEC,8,A1 8HR 2 (2).tiff,HUVEC/8h,Originais (1)||None||A1,Originais (1),A1,None,HUVEC|None,,ok_hash,SHARED__A1,test
A1 8HR 2_png.rf.emd32984S6mQhEIM0RXU.png,a1 8hr 2,HUVEC,8,A1 8HR 2.tiff,HUVEC/8h,originais||None||A1,originais,A1,None,HUVEC|None,,ok_hash,SHARED__A1,test
Snap-17_102_png.rf.L35h25Y208weJrkXRPl5.png,snap-17,SKOV,24,Snap-17.tiff,SKOV/24h,P2|CARBO|F2,P2,F2,CARBO,P2|CARBO,,ok_hash,P2|CARBO|F2,train
Snap-17_191_png.rf.VaUfcjat6tcky3mpq2eY.png,snap-17,SKOV,24,Snap-17 (2).tiff,SKOV/24h,P1|PTX|F1,P1,F1,PTX,P1|PTX,,ok_hash,P1|PTX|F1,test
Snap-17_57_png.rf.eHlOfkRwkZdoOjiE6Mxj.png,snap-17,SKOV,48,Snap-17.tiff,SKOV/48h,P2|CARBO|F1,P2,F1,CARBO,P2|CARBO,,ok_hash,P2|CARBO|F1,test
Snap-17_131_png.rf.w04wolCzNfH78hvtq37N.png,snap-17,SKOV,48,Snap-17 (2).tiff,SKOV/48h,P1|PTX|F1,P1,F1,PTX,P1|PTX,,ok_hash,P1|PTX|F1,test
Snap-17_png.rf.wQPtTYXFL94gKLen5q7D.png,snap-17,SKOV,0,Snap-17.tiff,SKOV/0h,P2|CARBO|F1,P2,F1,CARBO,P2|CARBO,,ok_hash,P2|CARBO|F1,test
Snap-17_252_png.rf.bulki6Z5lbUSEa4uMo6D.png,snap-17,SKOV,72,Snap-17.tiff,SKOV/72h,P1|PTX|F12,P1,F12,PTX,P1|PTX,,ok_hash,P1|PTX|F12,train
E1 8H 2_png.rf.5qtx5quA0obTJbOUZCxP.png,e1 8h 2,HUVEC,8,E1 8H 2.tiff,HUVEC/8h,LUIS RAW||PEP||E1,LUIS RAW,E1,PEP,HUVEC|PEP,,ok_hash,LUIS RAW||PEP||E1,train
E1 8H 1_png.rf.8l6bvVJjLSjiFIlOhJkG.png,e1 8h 1,HUVEC,8,E1 8H 1.tiff,HUVEC/8h,LUIS RAW||PEP||E1,LUIS RAW,E1,PEP,HUVEC|PEP,,ok_hash,LUIS RAW||PEP||E1,train
E2 8H 2_png.rf.A1FxKlPrQIHjZQ9mdCtD.png,e2 8h 2,HUVEC,8,E2 8H 2.tiff,HUVEC/8h,LUIS RAW||PEP||E2,LUIS RAW,E2,PEP,HUVEC|PEP,,ok_hash,LUIS RAW||PEP||E2,train
B4 24HR 2_png.rf.MNt9ujzb7mPjEN7Zxr8a.png,b4 24hr 2,HUVEC,24,B4 24HR 2.tiff,HUVEC/24h,originais||None||B4,originais,B4,None,HUVEC|None,,ok_hash,SHARED__B4,train
B4 24HR 2_png.rf.AY9pmWT2DlfnRIvRg3as.png,b4 24hr 2,HUVEC,24,B4 24HR 2 (2).tiff,HUVEC/24h,Originais (1)||None||B4,Originais (1),B4,None,HUVEC|None,,ok_hash,SHARED__B4,train
A6 8H 2_png.rf.8H5VYogwRaw3bc7Ufnp7.png,a6 8h 2,HUVEC,8,A6 8H 2.tiff,HUVEC/8h,LUIS RAW||PEP+MET3||A6,LUIS RAW,A6,PEP+MET3,HUVEC|PEP+MET3,,ok_hash,LUIS RAW||PEP+MET3||A6,train
A7 8H 1_png.rf.imdEFsHE1mYvXy3RRzPv.png,a7 8h 1,HUVEC,8,A7 8H 1.tiff,HUVEC/8h,LUIS RAW||PEP+GB||A7,LUIS RAW,A7,PEP+GB,HUVEC|PEP+GB,,ok_hash,LUIS RAW||PEP+GB||A7,train
B6 8H 1_png.rf.qDArlyAzfww0cgi6FENm.png,b6 8h 1,HUVEC,8,B6 8H 1.tiff,HUVEC/8h,LUIS RAW||PEP+MET3||B6,LUIS RAW,B6,PEP+MET3,HUVEC|PEP+MET3,,ok_hash,LUIS RAW||PEP+MET3||B6,test
B6 8H 1_png.rf.EJolHbiqIDsWm7XwyCFX.png,b6 8h 1,HUVEC,8,B6 8H 1 (2).tiff,HUVEC/8h,Migração (PET e PEP) n1 - RAW||PET + NEB 1uM||B6,Migração (PET e PEP) n1 - RAW,B6,PET + NEB 1uM,HUVEC|PET + NEB 1uM,,ok_hash,Migração (PET e PEP) n1 - RAW||PET + NEB 1uM||B6,train
E4 8H 2_png.rf.rdW8kPWMuRg50sCI0meX.png,e4 8h 2,HUVEC,8,E4 8H 2.tiff,HUVEC/8h,LUIS RAW||PEP+MET3||E4,LUIS RAW,E4,PEP+MET3,HUVEC|PEP+MET3,,ok_hash,LUIS RAW||PEP+MET3||E4,train
E4 8H 2_png.rf.jlW5HpmI2m57qY2TSPDs.png,e4 8h 2,HUVEC,8,E4 8H 2 (2).tiff,HUVEC/8h,Migração (PET e PEP) n1 - RAW||PET||E4,Migração (PET e PEP) n1 - RAW,E4,PET,HUVEC|PET,,ok_hash,Migração (PET e PEP) n1 - RAW||PET||E4,train
A3 24H 1_png.rf.tfdHOCRouEH53EDqy7G0.png,a3 24h 1,HUVEC,24,A3 24H 1.tiff,HUVEC/24h,LUIS RAW||PEP+GB||A3,LUIS RAW,A3,PEP+GB,HUVEC|PEP+GB,,ok_hash,LUIS RAW||PEP+GB||A3,val
A3 24H 1_png.rf.ZkTdxPADA9eK1ZS8wJQP.png,a3 24h 1,HUVEC,24,A3 24H 1 (2).tiff,HUVEC/24h,Migração (PET e PEP) n2 - RAW||PEP||A3,Migração (PET e PEP) n2 - RAW,A3,PEP,HUVEC|PEP,,ok_hash,Migração (PET e PEP) n2 - RAW||PEP||A3,train
A3 24H 1_png.rf.ZNOTbMmKYzpfIiFiyzJl.png,a3 24h 1,HUVEC,24,A3 24H 1 (3).tiff,HUVEC/24h,Migração (PET e PEP) n3 - RAW||None||A3,Migração (PET e PEP) n3 - RAW,A3,None,HUVEC|None,,ok_hash,Migração (PET e PEP) n3 - RAW||None||A3,train
E6 24H 2_png.rf.xPxa5zfkuhQQMYWCu9UE.png,e6 24h 2,HUVEC,24,E6 24H 2.tiff,HUVEC/24h,LUIS RAW||PEP+GB||E6,LUIS RAW,E6,PEP+GB,HUVEC|PEP+GB,,ok_hash,LUIS RAW||PEP+GB||E6,train
E6 24H 2_png.rf.c0Q0aeG3uzgZqNDW0NS5.png,e6 24h 2,HUVEC,24,E6 24H 2 (2).tiff,HUVEC/24h,Migração (PET e PEP) n1 - RAW||PET + NEB 5uM||E6,Migração (PET e PEP) n1 - RAW,E6,PET + NEB 5uM,HUVEC|PET + NEB 5uM,,ok_hash,Migração (PET e PEP) n1 - RAW||PET + NEB 5uM||E6,train
E3 8H 1_png.rf.ydjYbDPXt2Ll0FuF5dXC.png,e3 8h 1,HUVEC,8,E3 8H 1.tiff,HUVEC/8h,LUIS RAW||PEP+MET3||E3,LUIS RAW,E3,PEP+MET3,HUVEC|PEP+MET3,,ok_hash,LUIS RAW||PEP+MET3||E3,train
E3 8H 1_png.rf.UfzabC0joqrxRr8cl3uJ.png,e3 8h 1,HUVEC,8,E3 8H 1 (2).tiff,HUVEC/8h,Migração (PET e PEP) n1 - RAW||PET||E3,Migração (PET e PEP) n1 - RAW,E3,PET,HUVEC|PET,,ok_hash,Migração (PET e PEP) n1 - RAW||PET||E3,train
B5 8H 1_png.rf.OgNl7n5SIXkGIuU1InnN.png,b5 8h 1,HUVEC,8,B5 8H 1 (2).tiff,HUVEC/8h,Migração (PET e PEP) n1 - RAW||PEP||B5,Migração (PET e PEP) n1 - RAW,B5,PEP,HUVEC|PEP,,ok_hash,Migração (PET e PEP) n1 - RAW||PEP||B5,train
B5 8H 1_png.rf.ge3SG45JV1gKhWc7ifdS.png,b5 8h 1,HUVEC,8,B5 8H 1.tiff,HUVEC/8h,LUIS RAW||PEP||B5,LUIS RAW,B5,PEP,HUVEC|PEP,,ok_hash,LUIS RAW||PEP||B5,train
B5 8H 2_png.rf.SgUUZx4vrliHz3cQhHZG.png,b5 8h 2,HUVEC,8,B5 8H 2 (2).tiff,HUVEC/8h,Migração (PET e PEP) n1 - RAW||PEP||B5,Migração (PET e PEP) n1 - RAW,B5,PEP,HUVEC|PEP,,ok_hash,Migração (PET e PEP) n1 - RAW||PEP||B5,train
B5 8H 2_png.rf.p8rDOeacacLxFiD0aAkc.png,b5 8h 2,HUVEC,8,B5 8H 2.tiff,HUVEC/8h,LUIS RAW||PEP||B5,LUIS RAW,B5,PEP,HUVEC|PEP,,ok_hash,LUIS RAW||PEP||B5,train
D5 0HR 2_png.rf.e3GMlxLnQsu8m7577fEm.png,d5 0hr 2,HUVEC,0,D5 0HR 2.tiff,HUVEC/0h,originais||None||D5,originais,D5,None,HUVEC|None,,ok_hash,originais||None||D5,train
D4 0H 2_png.rf.7RFXNZEElcEIxiB134la.png,d4 0h 2,HUVEC,0,D4 0H 2.tiff,HUVEC/0h,Migração (PET e PEP) n1 - RAW||PEP + NEB 5uM||D4,Migração (PET e PEP) n1 - RAW,D4,PEP + NEB 5uM,HUVEC|PEP + NEB 5uM,,ok_hash,Migração (PET e PEP) n1 - RAW||PEP + NEB 5uM||D4,val
D4 0H 2_png.rf.eVEb58gAMbcellIRwKuX.png,d4 0h 2,HUVEC,0,D4 0H 2 (3).tiff,HUVEC/0h,Migração (PET e PEP) n3 - RAW||None||D4,Migração (PET e PEP) n3 - RAW,D4,None,HUVEC|None,,ok_hash,Migração (PET e PEP) n3 - RAW||None||D4,train
D4 0H 2_png.rf.yvJgcXkN2Fgn4uyudNxv.png,d4 0h 2,HUVEC,0,D4 0H 2 (2).tiff,HUVEC/0h,Migração (PET e PEP) n2 - RAW||PET + NEB 5uM||D4,Migração (PET e PEP) n2 - RAW,D4,PET + NEB 5uM,HUVEC|PET + NEB 5uM,,ok_hash,Migração (PET e PEP) n2 - RAW||PET + NEB 5uM||D4,train
C4 12H 2_png.rf.H2Y5R9zDxcuoXPVFCHZX.png,c4 12h 2,HUVEC,12,C4 12H 2.tiff,HUVEC/12h,Migração (PET e PEP) n1 - RAW||PEP + NEB 1uM||C4,Migração (PET e PEP) n1 - RAW,C4,PEP + NEB 1uM,HUVEC|PEP + NEB 1uM,,ok_hash,Migração (PET e PEP) n1 - RAW||PEP + NEB 1uM||C4,train
C3 0H 1_png.rf.GUP2WCnC3j3AaenQzSMG.png,c3 0h 1,HUVEC,0,C3 0H 1.tiff,HUVEC/0h,Migração (PET e PEP) n1 - RAW||PEP + NEB 1uM||C3,Migração (PET e PEP) n1 - RAW,C3,PEP + NEB 1uM,HUVEC|PEP + NEB 1uM,,ok_hash,Migração (PET e PEP) n1 - RAW||PEP + NEB 1uM||C3,val
C3 0H 1_png.rf.RnULYdovSpgOgllwCh6N.png,c3 0h 1,HUVEC,0,C3 0H 1 (3).tiff,HUVEC/0h,Migração (PET e PEP) n3 - RAW||None||C3,Migração (PET e PEP) n3 - RAW,C3,None,HUVEC|None,,ok_hash,Migração (PET e PEP) n3 - RAW||None||C3,train
C3 0H 1_png.rf.1GcjwCTkABCFtVVPXmAu.png,c3 0h 1,HUVEC,0,C3 0H 1 (2).tiff,HUVEC/0h,Migração (PET e PEP) n2 - RAW||PET||C3,Migração (PET e PEP) n2 - RAW,C3,PET,HUVEC|PET,,ok_hash,Migração (PET e PEP) n2 - RAW||PET||C3,test
E6 8H 1_png.rf.aiTpRNkpOLX1i5ifEBmk.png,e6 8h 1,HUVEC,8,E6 8H 1 (2).tiff,HUVEC/8h,Migração (PET e PEP) n1 - RAW||PET + NEB 5uM||E6,Migração (PET e PEP) n1 - RAW,E6,PET + NEB 5uM,HUVEC|PET + NEB 5uM,,ok_hash,Migração (PET e PEP) n1 - RAW||PET + NEB 5uM||E6,train
E6 8H 1_png.rf.9FbfyZAyJYAjvbhnQKNC.png,e6 8h 1,HUVEC,8,E6 8H 1.tiff,HUVEC/8h,LUIS RAW||PEP+GB||E6,LUIS RAW,E6,PEP+GB,HUVEC|PEP+GB,,ok_hash,LUIS RAW||PEP+GB||E6,train
C5 12H 1_png.rf.eqPnAQCG5aI0rvfthMNV.png,c5 12h 1,HUVEC,12,C5 12H 1 (2).tiff,HUVEC/12h,Migração (PET e PEP) n1 - RAW||PET + NEB 1uM||C5,Migração (PET e PEP) n1 - RAW,C5,PET + NEB 1uM,HUVEC|PET + NEB 1uM,,ok_hash,Migração (PET e PEP) n1 - RAW||PET + NEB 1uM||C5,train
C5 12H 1_png.rf.OLiywuVh8Y6xj17HnU6e.png,c5 12h 1,HUVEC,12,C5 12H 1.tiff,HUVEC/12h,LUIS RAW||PET||C5,LUIS RAW,C5,PET,HUVEC|PET,,ok_hash,LUIS RAW||PET||C5,train
E4 12H 1_png.rf.KRVDSp5DFhpm9hFLfjy9.png,e4 12h 1,HUVEC,12,E4 12H 1 (2).tiff,HUVEC/12h,Migração (PET e PEP) n1 - RAW||PET||E4,Migração (PET e PEP) n1 - RAW,E4,PET,HUVEC|PET,,ok_hash,Migração (PET e PEP) n1 - RAW||PET||E4,train
E4 12H 1_png.rf.35ZjiXuLnQ3VKuAQmtoa.png,e4 12h 1,HUVEC,12,E4 12H 1.tiff,HUVEC/12h,LUIS RAW||PEP+MET3||E4,LUIS RAW,E4,PEP+MET3,HUVEC|PEP+MET3,,ok_hash,LUIS RAW||PEP+MET3||E4,train
E3 8H 2_png.rf.JTkZ7wGK8TZqcNr0iQ9Z.png,e3 8h 2,HUVEC,8,E3 8H 2 (2).tiff,HUVEC/8h,Migração (PET e PEP) n1 - RAW||PET||E3,Migração (PET e PEP) n1 - RAW,E3,PET,HUVEC|PET,,ok_hash,Migração (PET e PEP) n1 - RAW||PET||E3,train
C4 8H 1_png.rf.OhDSqkiCC7cBz300AryE.png,c4 8h 1,HUVEC,8,C4 8H 1.tiff,HUVEC/8h,Migração (PET e PEP) n1 - RAW||PEP + NEB 1uM||C4,Migração (PET e PEP) n1 - RAW,C4,PEP + NEB 1uM,HUVEC|PEP + NEB 1uM,,ok_hash,Migração (PET e PEP) n1 - RAW||PEP + NEB 1uM||C4,train
C4 24H 1_png.rf.PrzpHu9et1vWKc2r3zCq.png,c4 24h 1,HUVEC,24,C4 24H 1.tiff,HUVEC/24h,Migração (PET e PEP) n1 - RAW||PEP + NEB 1uM||C4,Migração (PET e PEP) n1 - RAW,C4,PEP + NEB 1uM,HUVEC|PEP + NEB 1uM,,ok_hash,Migração (PET e PEP) n1 - RAW||PEP + NEB 1uM||C4,train
E3 24H 2_png.rf.V8dxaWov8z3KO2UEETWV.png,e3 24h 2,HUVEC,24,E3 24H 2 (2).tiff,HUVEC/24h,Migração (PET e PEP) n1 - RAW||PET||E3,Migração (PET e PEP) n1 - RAW,E3,PET,HUVEC|PET,,ok_hash,Migração (PET e PEP) n1 - RAW||PET||E3,train
E3 24H 2_png.rf.CqrKP3UzCHpoiMQnTwYf.png,e3 24h 2,HUVEC,24,E3 24H 2.tiff,HUVEC/24h,LUIS RAW||PEP+MET3||E3,LUIS RAW,E3,PEP+MET3,HUVEC|PEP+MET3,,ok_hash,LUIS RAW||PEP+MET3||E3,train
E4 0H 1_png.rf.Odx4K5xl2aDlImnpj0G5.png,e4 0h 1,HUVEC,0,E4 0H 1 (2).tiff,HUVEC/0h,Migração (PET e PEP) n1 - RAW||PET||E4,Migração (PET e PEP) n1 - RAW,E4,PET,HUVEC|PET,,ok_hash,Migração (PET e PEP) n1 - RAW||PET||E4,train
E4 0H 1_png.rf.guF4XcIWsACmegRAd2IS.png,e4 0h 1,HUVEC,0,E4 0H 1.tiff,HUVEC/0h,LUIS RAW||PEP+MET3||E4,LUIS RAW,E4,PEP+MET3,HUVEC|PEP+MET3,,ok_hash,LUIS RAW||PEP+MET3||E4,train
C5 12H 2_png.rf.oLP5pb7BztRNGjNEDlAS.png,c5 12h 2,HUVEC,12,C5 12H 2 (2).tiff,HUVEC/12h,Migração (PET e PEP) n1 - RAW||PET + NEB 1uM||C5,Migração (PET e PEP) n1 - RAW,C5,PET + NEB 1uM,HUVEC|PET + NEB 1uM,,ok_hash,Migração (PET e PEP) n1 - RAW||PET + NEB 1uM||C5,train
C5 12H 2_png.rf.yGOWuMwCESVagvk7Q4HY.png,c5 12h 2,HUVEC,12,C5 12H 2.tiff,HUVEC/12h,LUIS RAW||PET||C5,LUIS RAW,C5,PET,HUVEC|PET,,ok_hash,LUIS RAW||PET||C5,train
D2 24H 2_png.rf.Dr2SascrSZ4uku6feLCZ.png,d2 24h 2,HUVEC,24,D2 24H 2 (2).tiff,HUVEC/24h,Migração (PET e PEP) n3 - RAW||None||D2,Migração (PET e PEP) n3 - RAW,D2,None,HUVEC|None,,ok_hash,Migração (PET e PEP) n3 - RAW||None||D2,test
D2 24H 2_png.rf.Dr42hWA0VdnglReM9CyU.png,d2 24h 2,HUVEC,24,D2 24H 2.tiff,HUVEC/24h,Migração (PET e PEP) n2 - RAW||PET + NEB 1uM||D2,Migração (PET e PEP) n2 - RAW,D2,PET + NEB 1uM,HUVEC|PET + NEB 1uM,,ok_hash,Migração (PET e PEP) n2 - RAW||PET + NEB 1uM||D2,test
D3 24H 2_png.rf.Guj6hzRwo4KztSHLvC8P.png,d3 24h 2,HUVEC,24,D3 24H 2 (3).tiff,HUVEC/24h,Migração (PET e PEP) n3 - RAW||None||D3,Migração (PET e PEP) n3 - RAW,D3,None,HUVEC|None,,ok_hash,Migração (PET e PEP) n3 - RAW||None||D3,train
D3 24H 2_png.rf.wrSFiDUm4y3l7OfQ8x8P.png,d3 24h 2,HUVEC,24,D3 24H 2.tiff,HUVEC/24h,Migração (PET e PEP) n1 - RAW||PEP + NEB 5uM||D3,Migração (PET e PEP) n1 - RAW,D3,PEP + NEB 5uM,HUVEC|PEP + NEB 5uM,,ok_hash,Migração (PET e PEP) n1 - RAW||PEP + NEB 5uM||D3,train
D3 24H 2_png.rf.vu9MuWKRyoy3WKGkVrI5.png,d3 24h 2,HUVEC,24,D3 24H 2 (2).tiff,HUVEC/24h,Migração (PET e PEP) n2 - RAW||PET + NEB 5uM||D3,Migração (PET e PEP) n2 - RAW,D3,PET + NEB 5uM,HUVEC|PET + NEB 5uM,,ok_hash,Migração (PET e PEP) n2 - RAW||PET + NEB 5uM||D3,train
B1 0H 1_png.rf.wkE6SnIAQml6UyDMQy02.png,b1 0h 1,HUVEC,0,B1 0H 1 (3).tiff,HUVEC/0h,Migração (PET e PEP) n3 - RAW||None||B1,Migração (PET e PEP) n3 - RAW,B1,None,HUVEC|None,,ok_hash,Migração (PET e PEP) n3 - RAW||None||B1,train
B1 0H 1_png.rf.j3ckb2OmuPoN1D2ZNrsL.png,b1 0h 1,HUVEC,0,B1 0H 1 (2).tiff,HUVEC/0h,Migração (PET e PEP) n2 - RAW||PEP + NEB 1uM||B1,Migração (PET e PEP) n2 - RAW,B1,PEP + NEB 1uM,HUVEC|PEP + NEB 1uM,,ok_hash,Migração (PET e PEP) n2 - RAW||PEP + NEB 1uM||B1,test
B1 0H 1_png.rf.C8YpfhQojmLektIYz0IQ.png,b1 0h 1,HUVEC,0,B1 0H 1.tiff,HUVEC/0h,LUIS RAW||PEP||B1,LUIS RAW,B1,PEP,HUVEC|PEP,,ok_hash,LUIS RAW||PEP||B1,train
B4 24H 2_png.rf.xxfOaydli3MnWDQgI8Hg.png,b4 24h 2,HUVEC,24,B4 24H 2 (5).tiff,HUVEC/24h,Migração (PET e PEP) n3 - RAW||None||B4,Migração (PET e PEP) n3 - RAW,B4,None,HUVEC|None,,ok_hash,Migração (PET e PEP) n3 - RAW||None||B4,train
B4 24h 2_png.rf.Of8T2fD4qf0cAdWJbOuF.png,b4 24h 2,HUVEC,24,B4 24h 2.tiff,HUVEC/24h,Controle+Saudavel||None||B4,Controle+Saudavel,B4,None,HUVEC|None,,ok_hash,Controle+Saudavel||None||B4,train
B4 24H 2_png.rf.Dy3NkPc0L9HXhRCtCbkW.png,b4 24h 2,HUVEC,24,B4 24H 2 (2).tiff,HUVEC/24h,LUIS RAW||PEP+MCC||B4,LUIS RAW,B4,PEP+MCC,HUVEC|PEP+MCC,,ok_hash,LUIS RAW||PEP+MCC||B4,train
B4 24H 2_png.rf.YGDDHBmTvfvwYQHk10DN.png,b4 24h 2,HUVEC,24,B4 24H 2 (3).tiff,HUVEC/24h,Migração (PET e PEP) n1 - RAW||PEP||B4,Migração (PET e PEP) n1 - RAW,B4,PEP,HUVEC|PEP,,ok_hash,Migração (PET e PEP) n1 - RAW||PEP||B4,val
C7 12hr 2_png.rf.On4PgSthEawXN0tYNcLD.png,c7 12hr 2,HUVEC,12,C7 12hr 2.tiff,HUVEC/12h,Pré-Eclâmpsia||None||C7,Pré-Eclâmpsia,C7,None,HUVEC|None,,ok_hash,Pré-Eclâmpsia||None||C7,train
C7 12HR 2_png.rf.FcP7oeCPkBbZtSE7blxW.png,c7 12hr 2,HUVEC,12,C7 12HR 2 (2).tiff,HUVEC/12h,Originais (1)||None||C7,Originais (1),C7,None,HUVEC|None,,ok_hash,Originais (1)||None||C7,train
B1 0H 2_png.rf.rKSV6ynjn8T0ad0TIIgc.png,b1 0h 2,HUVEC,0,B1 0H 2 (3).tiff,HUVEC/0h,Migração (PET e PEP) n3 - RAW||None||B1,Migração (PET e PEP) n3 - RAW,B1,None,HUVEC|None,,ok_hash,Migração (PET e PEP) n3 - RAW||None||B1,train
B1 0H 2_png.rf.M9qDqnfqVRQAN3kixv3Y.png,b1 0h 2,HUVEC,0,B1 0H 2 (2).tiff,HUVEC/0h,Migração (PET e PEP) n2 - RAW||PEP + NEB 1uM||B1,Migração (PET e PEP) n2 - RAW,B1,PEP + NEB 1uM,HUVEC|PEP + NEB 1uM,,ok_hash,Migração (PET e PEP) n2 - RAW||PEP + NEB 1uM||B1,test
A4 24h 2_png.rf.DwIiawL7voUvJVSqtTOP.png,a4 24h 2,HUVEC,24,A4 24h 2.tiff,HUVEC/24h,Controle+Saudavel||None||A4,Controle+Saudavel,A4,None,HUVEC|None,,ok_hash,Controle+Saudavel||None||A4,train
A4 24H 2_png.rf.6b9w5pz0deHWDEkWlDtt.png,a4 24h 2,HUVEC,24,A4 24H 2 (2).tiff,HUVEC/24h,LUIS RAW||PEP+MCC||A4,LUIS RAW,A4,PEP+MCC,HUVEC|PEP+MCC,,ok_hash,LUIS RAW||PEP+MCC||A4,val
B8 24h 2_png.rf.sUtMqQeZCI3m3wJKsgaH.png,b8 24h 2,HUVEC,24,B8 24h 2.tiff,HUVEC/24h,Pré-Eclâmpsia||None||B8,Pré-Eclâmpsia,B8,None,HUVEC|None,,ok_hash,Pré-Eclâmpsia||None||B8,train
B8 24H 2_png.rf.gu9aYftIV22WAXso95Mk.png,b8 24h 2,HUVEC,24,B8 24H 2 (2).tiff,HUVEC/24h,LUIS RAW||PEP+MCC||B8,LUIS RAW,B8,PEP+MCC,HUVEC|PEP+MCC,,ok_hash,LUIS RAW||PEP+MCC||B8,train
B7 24hr _png.rf.wGcmDPhq7jcRwYk9p9Cf.png,b7 24hr,HUVEC,24,B7 24hr .tiff,HUVEC/24h,Controle+Saudavel||None||B7,Controle+Saudavel,B7,None,HUVEC|None,,ok_hash,Controle+Saudavel||None||B7,val
B7 24HR _png.rf.rxcJQmf6CqfJwy73jb0T.png,b7 24hr,HUVEC,24,B7 24HR  (2).tiff,HUVEC/24h,Originais (1)||None||B7,Originais (1),B7,None,HUVEC|None,,ok_hash,SHARED__B7,val
A2 24h 1_png.rf.S59irGLLQgWFqJLa5bki.png,a2 24h 1,HUVEC,24,A2 24h 1.tiff,HUVEC/24h,Controle+Saudavel||None||A2,Controle+Saudavel,A2,None,HUVEC|None,,ok_hash,Controle+Saudavel||None||A2,train
A2 24H 1_png.rf.f0Gpa2ejRKiGBpMkFNBA.png,a2 24h 1,HUVEC,24,A2 24H 1 (4).tiff,HUVEC/24h,Migração (PET e PEP) n3 - RAW||None||A2,Migração (PET e PEP) n3 - RAW,A2,None,HUVEC|None,,ok_hash,Migração (PET e PEP) n3 - RAW||None||A2,train
A2 24H 1_png.rf.EFavmtKTLhhnJThESvF0.png,a2 24h 1,HUVEC,24,A2 24H 1 (3).tiff,HUVEC/24h,Migração (PET e PEP) n2 - RAW||PEP||A2,Migração (PET e PEP) n2 - RAW,A2,PEP,HUVEC|PEP,,ok_hash,Migração (PET e PEP) n2 - RAW||PEP||A2,train
A2 24H 1_png.rf.0khSfDP2dVePLbJBhUvS.png,a2 24h 1,HUVEC,24,A2 24H 1 (2).tiff,HUVEC/24h,LUIS RAW||PEP+MET3||A2,LUIS RAW,A2,PEP+MET3,HUVEC|PEP+MET3,,ok_hash,LUIS RAW||PEP+MET3||A2,val
75geo1_3_png.rf.3ssQ4kMF9TGfwhFa0NBy.png,75geo1 3,SKOV,0,75geo1_3.tiff,SKOV/0h,P1|GEO|F3,P1,F3,GEO,P1|GEO,,ok_hash,P1|GEO|F3,train
75geo3_2_png.rf.74WCC6Yog9fXc1mKJxkf.png,75geo3 2,SKOV,0,75geo3_2.tiff,SKOV/0h,P1|GEO|F12,P1,F12,GEO,P1|GEO,,ok_hash,P1|GEO|F12,train
75ug+ptx3_5_png.rf.8zKge5Sez8aWKKyW2i6z.png,75ug+ptx3 5,SKOV,0,75ug+ptx3_5.tiff,SKOV/0h,P1|GEO+PTX|F15,P1,F15,GEO+PTX,P1|GEO+PTX,,ok_hash,P1|GEO+PTX|F15,train
Snap-16_103_png.rf.xOCVzm7U41jEUSGkNIbA.png,snap-16,SKOV,24,Snap-16.tiff,SKOV/24h,P2|CARBO|F1,P2,F1,CARBO,P2|CARBO,,ok_hash,P2|CARBO|F1,test
Snap-16_253_png.rf.tk6oVd2Y7bRBeFcFLmiY.png,snap-16,SKOV,72,Snap-16.tiff,SKOV/72h,P1|PTX|F11,P1,F11,PTX,P1|PTX,,ok_hash,P1|PTX|F11,train
D7 8HR 2_png.rf.a4Rq2C5edIO0EU87k5E6.png,d7 8hr 2,HUVEC,8,D7 8HR 2.tiff,HUVEC/8h,originais||None||D7,originais,D7,None,HUVEC|None,,ok_hash,originais||None||D7,val
B6 24HR 1_png.rf.RnlHPNjVrMgPZkF7L64E.png,b6 24hr 1,HUVEC,24,B6 24HR 1.tiff,HUVEC/24h,originais||None||B6,originais,B6,None,HUVEC|None,,ok_hash,SHARED__B6,train
Snap-23_png.rf.28O298H93RbxNCkERjpH.png,snap-23,SKOV,0,Snap-23.tiff,SKOV/0h,P2|CARBO|F7,P2,F7,CARBO,P2|CARBO,,ok_hash,P2|CARBO|F7,train
Snap-23_272_png.rf.3S7I4N2iyDHQ2WCQnx2e.png,snap-23,SKOV,72,Snap-23.tiff,SKOV/72h,P1|GEO|F3,P1,F3,GEO,P1|GEO,,ok_hash,P1|GEO|F3,train
Snap-23_120_png.rf.RTu1fn8eOhvIxcBB0XgF.png,snap-23,SKOV,48,Snap-23 (2).tiff,SKOV/48h,P1|PTX|F7,P1,F7,PTX,P1|PTX,,ok_hash,P1|PTX|F7,train
Snap-23_46_png.rf.OLrkwsHRaOlVABql7EJC.png,snap-23,SKOV,48,Snap-23.tiff,SKOV/48h,P2|CARBO|F7,P2,F7,CARBO,P2|CARBO,,ok_hash,P2|CARBO|F7,train
Snap-23_180_png.rf.SxoeyqweD8MEywpcCrsl.png,snap-23,SKOV,24,Snap-23 (2).tiff,SKOV/24h,P1|PTX|F7,P1,F7,PTX,P1|PTX,,ok_hash,P1|PTX|F7,train
Snap-23_91_png.rf.prr7kpB0aPBDSrY8NIW0.png,snap-23,SKOV,24,Snap-23.tiff,SKOV/24h,P2|CARBO|F8,P2,F8,CARBO,P2|CARBO,,ok_hash,P2|CARBO|F8,train
D6 0HR 2_png.rf.poe4ZabzUgeIVciNuuZd.png,d6 0hr 2,HUVEC,0,D6 0HR 2.tiff,HUVEC/0h,originais||None||D6,originais,D6,None,HUVEC|None,,ok_hash,originais||None||D6,test
B8 24HR 1_png.rf.quDKVUdqcJJHaOE4wcfs.png,b8 24hr 1,HUVEC,24,B8 24HR 1.tiff,HUVEC/24h,originais||None||B8,originais,B8,None,HUVEC|None,,ok_hash,SHARED__B8,train
B8 24HR 1_png.rf.RVgJPEc6dRHa3W4h9tQR.png,b8 24hr 1,HUVEC,24,B8 24HR 1 (2).tiff,HUVEC/24h,Originais (1)||None||B8,Originais (1),B8,None,HUVEC|None,,ok_hash,SHARED__B8,train
Snap-25_95_png.rf.4nMlAyh4jT2uWFXeHFEu.png,snap-25,SKOV,24,Snap-25.tiff,SKOV/24h,P2|CARBO|F10,P2,F10,CARBO,P2|CARBO,,ok_hash,P2|CARBO|F10,train
Snap-25_50_png.rf.CHeux2nrD5owQB0rBnrP.png,snap-25,SKOV,48,Snap-25.tiff,SKOV/48h,P2|CARBO|F9,P2,F9,CARBO,P2|CARBO,,ok_hash,P2|CARBO|F9,train
Snap-25_png.rf.NZSC2ldRJFXa4414jttF.png,snap-25,SKOV,0,Snap-25.tiff,SKOV/0h,P2|CARBO|F9,P2,F9,CARBO,P2|CARBO,,ok_hash,P2|CARBO|F9,train
Snap-25_184_png.rf.fnCmHOHxb5uRZMEeY7RB.png,snap-25,SKOV,24,Snap-25 (2).tiff,SKOV/24h,P1|PTX|F9,P1,F9,PTX,P1|PTX,,ok_hash,P1|PTX|F9,train
Snap-25_124_png.rf.qhyZRieBWx1vF8Vfj4ck.png,snap-25,SKOV,48,Snap-25 (2).tiff,SKOV/48h,P1|PTX|F9,P1,F9,PTX,P1|PTX,,ok_hash,P1|PTX|F9,train
B5 12H 1_png.rf.JBkKkt45PibbMNJxopzH.png,b5 12h 1,HUVEC,12,B5 12H 1.tiff,HUVEC/12h,LUIS RAW||PEP||B5,LUIS RAW,B5,PEP,HUVEC|PEP,,ok_hash,LUIS RAW||PEP||B5,train
B5 12H 1_png.rf.2fxitd0BjLxjPsCVaEPq.png,b5 12h 1,HUVEC,12,B5 12H 1 (2).tiff,HUVEC/12h,Migração (PET e PEP) n1 - RAW||PEP||B5,Migração (PET e PEP) n1 - RAW,B5,PEP,HUVEC|PEP,,ok_hash,Migração (PET e PEP) n1 - RAW||PEP||B5,train
E6 0H 2_png.rf.u4YJXBgFUrlOfZi4Xdbk.png,e6 0h 2,HUVEC,0,E6 0H 2 (2).tiff,HUVEC/0h,Migração (PET e PEP) n1 - RAW||PET + NEB 5uM||E6,Migração (PET e PEP) n1 - RAW,E6,PET + NEB 5uM,HUVEC|PET + NEB 5uM,,ok_hash,Migração (PET e PEP) n1 - RAW||PET + NEB 5uM||E6,train
E6 0H 2_png.rf.qIyWYgA9w4tryEhjNmUS.png,e6 0h 2,HUVEC,0,E6 0H 2.tiff,HUVEC/0h,LUIS RAW||PEP+GB||E6,LUIS RAW,E6,PEP+GB,HUVEC|PEP+GB,,ok_hash,LUIS RAW||PEP+GB||E6,train
75geo2_5_png.rf.BzRF0Z5bvFroC3TaIbat.png,75geo2 5,SKOV,0,75geo2_5.tiff,SKOV/0h,P1|GEO|F10,P1,F10,GEO,P1|GEO,,ok_hash,P1|GEO|F10,test
Snap-42_165_png.rf.3eAR7nfV8aWUfPbBc82Q.png,snap-42,SKOV,48,Snap-42 (2).tiff,SKOV/48h,P1|GEO|F11,P1,F11,GEO,P1|GEO,,ok_hash,P1|GEO|F11,train
Snap-42_76_png.rf.erwRb4d1blf6lhZ6UFWy.png,snap-42,SKOV,24,Snap-42.tiff,SKOV/24h,P2|GEO|F11,P2,F11,GEO,P2|GEO,,ok_hash,P2|GEO|F11,train
Snap-42_31_png.rf.J9V2UJndHRoslGdxrcqU.png,snap-42,SKOV,48,Snap-42.tiff,SKOV/48h,P2|GEO|F12,P2,F12,GEO,P2|GEO,,ok_hash,P2|GEO|F12,train
Snap-42_258_png.rf.hETwVZpuNUgJrChjohxD.png,snap-42,SKOV,72,Snap-42.tiff,SKOV/72h,P1|GEO+PTX|F7,P1,F7,GEO+PTX,P1|GEO+PTX,,ok_hash,P1|GEO+PTX|F7,train
Snap-42_225_png.rf.mQxoBxfdEUUtVkhWybfs.png,snap-42,SKOV,24,Snap-42 (2).tiff,SKOV/24h,P1|GEO|F11,P1,F11,GEO,P1|GEO,,ok_hash,P1|GEO|F11,train
Snap-42_png.rf.vXnbjKiFLjrY6iWZoR1j.png,snap-42,SKOV,0,Snap-42.tiff,SKOV/0h,P2|GEO|F11,P2,F11,GEO,P2|GEO,,ok_hash,P2|GEO|F11,train
D1 24H 2_png.rf.JPXsJfPNRWwnAkf2OC68.png,d1 24h 2,HUVEC,24,D1 24H 2 (3).tiff,HUVEC/24h,Migração (PET e PEP) n3 - RAW||None||D1,Migração (PET e PEP) n3 - RAW,D1,None,HUVEC|None,,ok_hash,Migração (PET e PEP) n3 - RAW||None||D1,test
D1 24H 2_png.rf.MYNSbfcrSOJQNTgrFTJq.png,d1 24h 2,HUVEC,24,D1 24H 2 (2).tiff,HUVEC/24h,Migração (PET e PEP) n2 - RAW||PET + NEB 1uM||D1,Migração (PET e PEP) n2 - RAW,D1,PET + NEB 1uM,HUVEC|PET + NEB 1uM,,ok_hash,Migração (PET e PEP) n2 - RAW||PET + NEB 1uM||D1,train
D1 24H 2_png.rf.Lvfay3pzrKUgPOiBsEUA.png,d1 24h 2,HUVEC,24,D1 24H 2.tiff,HUVEC/24h,LUIS RAW||PET||D1,LUIS RAW,D1,PET,HUVEC|PET,,ok_hash,LUIS RAW||PET||D1,train
C2 24H 1_png.rf.OdgDvLYa6oJIDJUccXc4.png,c2 24h 1,HUVEC,24,C2 24H 1 (2).tiff,HUVEC/24h,Migração (PET e PEP) n3 - RAW||None||C2,Migração (PET e PEP) n3 - RAW,C2,None,HUVEC|None,,ok_hash,Migração (PET e PEP) n3 - RAW||None||C2,val
C2 24H 1_png.rf.HSmhO8ggpsXiYVCigAYN.png,c2 24h 1,HUVEC,24,C2 24H 1.tiff,HUVEC/24h,Migração (PET e PEP) n2 - RAW||PET||C2,Migração (PET e PEP) n2 - RAW,C2,PET,HUVEC|PET,,ok_hash,Migração (PET e PEP) n2 - RAW||PET||C2,train
D8 12HR 1_png.rf.JKs3STlcbpg5fEO1WWeO.png,d8 12hr 1,HUVEC,12,D8 12HR 1.tiff,HUVEC/12h,originais||None||D8,originais,D8,None,HUVEC|None,,ok_hash,originais||None||D8,train
Snap-41_270_png.rf.46zb8PtP1Yuu9Wit1FpP.png,snap-41,SKOV,72,Snap-41.tiff,SKOV/72h,P1|GEO+PTX|F6,P1,F6,GEO+PTX,P1|GEO+PTX,,ok_hash,P1|GEO+PTX|F6,test
Snap-41_177_png.rf.J9Vigcki7oDbHiMC0150.png,snap-41,SKOV,48,Snap-41 (2).tiff,SKOV/48h,P1|GEO|F10,P1,F10,GEO,P1|GEO,,ok_hash,P1|GEO|F10,test
ptx1_5_png.rf.5e7WIfGslbrzFPCuSHDZ.png,ptx1 5,SKOV,0,ptx1_5.tiff,SKOV/0h,P1|PTX|F5,P1,F5,PTX,P1|PTX,,ok_hash,P1|PTX|F5,val
D4 24H 1_png.rf.l74W6BtAd1h2vbDdLYa7.png,d4 24h 1,HUVEC,24,D4 24H 1 (3).tiff,HUVEC/24h,Migração (PET e PEP) n3 - RAW||None||D4,Migração (PET e PEP) n3 - RAW,D4,None,HUVEC|None,,ok_hash,Migração (PET e PEP) n3 - RAW||None||D4,train
D4 24H 1_png.rf.4NmTRoRHXyugKUw10i8s.png,d4 24h 1,HUVEC,24,D4 24H 1.tiff,HUVEC/24h,Migração (PET e PEP) n1 - RAW||PEP + NEB 5uM||D4,Migração (PET e PEP) n1 - RAW,D4,PEP + NEB 5uM,HUVEC|PEP + NEB 5uM,,ok_hash,Migração (PET e PEP) n1 - RAW||PEP + NEB 5uM||D4,val
D4 24H 1_png.rf.LYHwLpivhcwZEPvlr0jZ.png,d4 24h 1,HUVEC,24,D4 24H 1 (2).tiff,HUVEC/24h,Migração (PET e PEP) n2 - RAW||PET + NEB 5uM||D4,Migração (PET e PEP) n2 - RAW,D4,PET + NEB 5uM,HUVEC|PET + NEB 5uM,,ok_hash,Migração (PET e PEP) n2 - RAW||PET + NEB 5uM||D4,train
D3 0H 1_png.rf.yjPUyWDnVzgaKohQ1S6l.png,d3 0h 1,HUVEC,0,D3 0H 1 (3).tiff,HUVEC/0h,Migração (PET e PEP) n3 - RAW||None||D3,Migração (PET e PEP) n3 - RAW,D3,None,HUVEC|None,,ok_hash,Migração (PET e PEP) n3 - RAW||None||D3,train
D3 0H 1_png.rf.jWsUip53LaCF4OaEEFcb.png,d3 0h 1,HUVEC,0,D3 0H 1 (2).tiff,HUVEC/0h,Migração (PET e PEP) n2 - RAW||PET + NEB 5uM||D3,Migração (PET e PEP) n2 - RAW,D3,PET + NEB 5uM,HUVEC|PET + NEB 5uM,,ok_hash,Migração (PET e PEP) n2 - RAW||PET + NEB 5uM||D3,train
D3 0H 1_png.rf.b1sSavdi7Hd62AjZzMXH.png,d3 0h 1,HUVEC,0,D3 0H 1.tiff,HUVEC/0h,Migração (PET e PEP) n1 - RAW||PEP + NEB 5uM||D3,Migração (PET e PEP) n1 - RAW,D3,PEP + NEB 5uM,HUVEC|PEP + NEB 5uM,,ok_hash,Migração (PET e PEP) n1 - RAW||PEP + NEB 5uM||D3,train
75ug+ptx1_3_png.rf.IcEKL4ZipsbcvBf9x2iH.png,75ug+ptx1 3,SKOV,0,75ug+ptx1_3.tiff,SKOV/0h,P1|GEO+PTX|F3,P1,F3,GEO+PTX,P1|GEO+PTX,,ok_hash,P1|GEO+PTX|F3,train
75ug+ptx2_4_png.rf.N3lZqZpjOb6amiXbUGPo.png,75ug+ptx2 4,SKOV,0,75ug+ptx2_4.tiff,SKOV/0h,P1|GEO+PTX|F9,P1,F9,GEO+PTX,P1|GEO+PTX,,ok_hash,P1|GEO+PTX|F9,train
75ug+ptx2_5_png.rf.SKN9uE4jbXSPHttCL7Fn.png,75ug+ptx2 5,SKOV,0,75ug+ptx2_5.tiff,SKOV/0h,P1|GEO+PTX|F10,P1,F10,GEO+PTX,P1|GEO+PTX,,ok_hash,P1|GEO+PTX|F10,train
75ug+ptx3_4_png.rf.IcAvoXcG34V8LoEG7Sik.png,75ug+ptx3 4,SKOV,0,75ug+ptx3_4.tiff,SKOV/0h,P1|GEO+PTX|F14,P1,F14,GEO+PTX,P1|GEO+PTX,,ok_hash,P1|GEO+PTX|F14,train
75ug+ptx2_2_png.rf.GCxTvubAoWABRjXmjDjX.png,75ug+ptx2 2,SKOV,0,75ug+ptx2_2.tiff,SKOV/0h,P1|GEO+PTX|F7,P1,F7,GEO+PTX,P1|GEO+PTX,,ok_hash,P1|GEO+PTX|F7,train
75geo3_5_png.rf.RzruoobW8Ib712laqLeg.png,75geo3 5,SKOV,0,75geo3_5.tiff,SKOV/0h,P1|GEO|F15,P1,F15,GEO,P1|GEO,,ok_hash,P1|GEO|F15,val
B2 0H 1_png.rf.QVDYxCAVBSgrpofFVEjh.png,b2 0h 1,HUVEC,0,B2 0H 1 (3).tiff,HUVEC/0h,Migração (PET e PEP) n3 - RAW||None||B2,Migração (PET e PEP) n3 - RAW,B2,None,HUVEC|None,,ok_hash,Migração (PET e PEP) n3 - RAW||None||B2,train
B2 0H 1_png.rf.YrE4a3IJb8tbUo1hxHOL.png,b2 0h 1,HUVEC,0,B2 0H 1 (2).tiff,HUVEC/0h,Migração (PET e PEP) n2 - RAW||PEP + NEB 1uM||B2,Migração (PET e PEP) n2 - RAW,B2,PEP + NEB 1uM,HUVEC|PEP + NEB 1uM,,ok_hash,Migração (PET e PEP) n2 - RAW||PEP + NEB 1uM||B2,train
B3 0H 2_png.rf.QrVPpwk8bLI8oOafOqxw.png,b3 0h 2,HUVEC,0,B3 0H 2 (4).tiff,HUVEC/0h,Migração (PET e PEP) n3 - RAW||None||B3,Migração (PET e PEP) n3 - RAW,B3,None,HUVEC|None,,ok_hash,Migração (PET e PEP) n3 - RAW||None||B3,train
B3 0H 2_png.rf.f395RxYLVfCR25kIWk9V.png,b3 0h 2,HUVEC,0,B3 0H 2 (2).tiff,HUVEC/0h,Migração (PET e PEP) n1 - RAW||PEP||B3,Migração (PET e PEP) n1 - RAW,B3,PEP,HUVEC|PEP,,ok_hash,Migração (PET e PEP) n1 - RAW||PEP||B3,train
B3 0H 2_png.rf.qkQ8oAXFHv0sxBmtvOUJ.png,b3 0h 2,HUVEC,0,B3 0H 2 (3).tiff,HUVEC/0h,Migração (PET e PEP) n2 - RAW||PEP + NEB 5uM||B3,Migração (PET e PEP) n2 - RAW,B3,PEP + NEB 5uM,HUVEC|PEP + NEB 5uM,,ok_hash,Migração (PET e PEP) n2 - RAW||PEP + NEB 5uM||B3,train
B3 0H 2_png.rf.I7y6fugB4J3nkiJ2BnxH.png,b3 0h 2,HUVEC,0,B3 0H 2.tiff,HUVEC/0h,LUIS RAW||PEP+GB||B3,LUIS RAW,B3,PEP+GB,HUVEC|PEP+GB,,ok_hash,LUIS RAW||PEP+GB||B3,train
C1 0H 1_png.rf.RI1ESfJsvQUUFGL0s8eu.png,c1 0h 1,HUVEC,0,C1 0H 1 (3).tiff,HUVEC/0h,Migração (PET e PEP) n3 - RAW||None||C1,Migração (PET e PEP) n3 - RAW,C1,None,HUVEC|None,,ok_hash,Migração (PET e PEP) n3 - RAW||None||C1,train
C1 0H 1_png.rf.g4HgRdp03wzPfFdqyUh3.png,c1 0h 1,HUVEC,0,C1 0H 1 (2).tiff,HUVEC/0h,Migração (PET e PEP) n2 - RAW||PET||C1,Migração (PET e PEP) n2 - RAW,C1,PET,HUVEC|PET,,ok_hash,Migração (PET e PEP) n2 - RAW||PET||C1,val
C1 0H 1_png.rf.40FBeyD3EEz7TwI3PZJk.png,c1 0h 1,HUVEC,0,C1 0H 1.tiff,HUVEC/0h,LUIS RAW||PET||C1,LUIS RAW,C1,PET,HUVEC|PET,,ok_hash,LUIS RAW||PET||C1,test
C2 0H 2_png.rf.UwqdmZv3ntAvzn8IikTc.png,c2 0h 2,HUVEC,0,C2 0H 2 (2).tiff,HUVEC/0h,Migração (PET e PEP) n3 - RAW||None||C2,Migração (PET e PEP) n3 - RAW,C2,None,HUVEC|None,,ok_hash,Migração (PET e PEP) n3 - RAW||None||C2,val
C2 0H 2_png.rf.Y2RsiA1AXARyJEXkVIUC.png,c2 0h 2,HUVEC,0,C2 0H 2.tiff,HUVEC/0h,Migração (PET e PEP) n2 - RAW||PET||C2,Migração (PET e PEP) n2 - RAW,C2,PET,HUVEC|PET,,ok_hash,Migração (PET e PEP) n2 - RAW||PET||C2,train
B5 12H 2_png.rf.nn4g84NcZPLWXbKG2VPU.png,b5 12h 2,HUVEC,12,B5 12H 2.tiff,HUVEC/12h,LUIS RAW||PEP||B5,LUIS RAW,B5,PEP,HUVEC|PEP,,ok_hash,LUIS RAW||PEP||B5,train
B5 12H 2_png.rf.nYYzQ0IVdWzjIE93TQVB.png,b5 12h 2,HUVEC,12,B5 12H 2 (2).tiff,HUVEC/12h,Migração (PET e PEP) n1 - RAW||PEP||B5,Migração (PET e PEP) n1 - RAW,B5,PEP,HUVEC|PEP,,ok_hash,Migração (PET e PEP) n1 - RAW||PEP||B5,train
Snap-22_92_png.rf.F9B8iIX7XdfGxT454Uyl.png,snap-22,SKOV,24,Snap-22.tiff,SKOV/24h,P2|CARBO|F7,P2,F7,CARBO,P2|CARBO,,ok_hash,P2|CARBO|F7,train
Snap-22_121_png.rf.4Zd3SMsh9JTMlsxulPWv.png,snap-22,SKOV,48,Snap-22 (2).tiff,SKOV/48h,P1|PTX|F6,P1,F6,PTX,P1|PTX,,ok_hash,P1|PTX|F6,test
Snap-22_47_png.rf.goBhEPZmqBfPgEE2CLWx.png,snap-22,SKOV,48,Snap-22.tiff,SKOV/48h,P2|CARBO|F6,P2,F6,CARBO,P2|CARBO,,ok_hash,P2|CARBO|F6,train
Snap-22_274_png.rf.xQYr65FKGdk7yTT9LTTR.png,snap-22,SKOV,72,Snap-22.tiff,SKOV/72h,P1|GEO|F2,P1,F2,GEO,P1|GEO,,ok_hash,P1|GEO|F2,train
Snap-22_png.rf.zjKkhyXwllP02ve3rmYE.png,snap-22,SKOV,0,Snap-22.tiff,SKOV/0h,P2|CARBO|F6,P2,F6,CARBO,P2|CARBO,,ok_hash,P2|CARBO|F6,train
Snap-22_181_png.rf.zpr2WVVOlPR2Tqafq1RE.png,snap-22,SKOV,24,Snap-22 (2).tiff,SKOV/24h,P1|PTX|F6,P1,F6,PTX,P1|PTX,,ok_hash,P1|PTX|F6,test
Snap-24_125_png.rf.8bLo1h7ToplIJ7tet6Th.png,snap-24,SKOV,48,Snap-24 (2).tiff,SKOV/48h,P1|PTX|F8,P1,F8,PTX,P1|PTX,,ok_hash,P1|PTX|F8,train
Snap-24_png.rf.hueodPGU9icd7QmEArCe.png,snap-24,SKOV,0,Snap-24.tiff,SKOV/0h,P2|CARBO|F8,P2,F8,CARBO,P2|CARBO,,ok_hash,P2|CARBO|F8,train
Snap-24_51_png.rf.Wgg78LykMI1DoKAeqOy4.png,snap-24,SKOV,48,Snap-24.tiff,SKOV/48h,P2|CARBO|F8,P2,F8,CARBO,P2|CARBO,,ok_hash,P2|CARBO|F8,train
Snap-24_96_png.rf.s6DeTIAvmh6iZiaYgj4W.png,snap-24,SKOV,24,Snap-24.tiff,SKOV/24h,P2|CARBO|F9,P2,F9,CARBO,P2|CARBO,,ok_hash,P2|CARBO|F9,train
Snap-24_279_png.rf.zdt5pR8v2pQwJ2i4ix6P.png,snap-24,SKOV,72,Snap-24.tiff,SKOV/72h,P1|GEO|F4,P1,F4,GEO,P1|GEO,,ok_hash,P1|GEO|F4,train
Snap-24_185_png.rf.id0eOvbOlN7Sgpvw3g9K.png,snap-24,SKOV,24,Snap-24 (2).tiff,SKOV/24h,P1|PTX|F8,P1,F8,PTX,P1|PTX,,ok_hash,P1|PTX|F8,train
B4 0H 2_png.rf.fifsiXXgXeSxEnoNdxAa.png,b4 0h 2,HUVEC,0,B4 0H 2 (2).tiff,HUVEC/0h,Migração (PET e PEP) n1 - RAW||PEP||B4,Migração (PET e PEP) n1 - RAW,B4,PEP,HUVEC|PEP,,ok_hash,Migração (PET e PEP) n1 - RAW||PEP||B4,val
B4 0H 2_png.rf.Obm6iHfD9YqIMfaIi7jC.png,b4 0h 2,HUVEC,0,B4 0H 2 (4).tiff,HUVEC/0h,Migração (PET e PEP) n3 - RAW||None||B4,Migração (PET e PEP) n3 - RAW,B4,None,HUVEC|None,,ok_hash,Migração (PET e PEP) n3 - RAW||None||B4,train
B4 0H 2_png.rf.f3SBJYc893OVfpUHLeb7.png,b4 0h 2,HUVEC,0,B4 0H 2 (3).tiff,HUVEC/0h,Migração (PET e PEP) n2 - RAW||PEP + NEB 5uM||B4,Migração (PET e PEP) n2 - RAW,B4,PEP + NEB 5uM,HUVEC|PEP + NEB 5uM,,ok_hash,Migração (PET e PEP) n2 - RAW||PEP + NEB 5uM||B4,train
B4 0H 2_png.rf.rXION3PvUG9p2y5KH5ZG.png,b4 0h 2,HUVEC,0,B4 0H 2.tiff,HUVEC/0h,LUIS RAW||PEP+MCC||B4,LUIS RAW,B4,PEP+MCC,HUVEC|PEP+MCC,,ok_hash,LUIS RAW||PEP+MCC||B4,train
D1 0H 2_png.rf.jUT312N8lU7n2aO1Z7bp.png,d1 0h 2,HUVEC,0,D1 0H 2.tiff,HUVEC/0h,LUIS RAW||PET||D1,LUIS RAW,D1,PET,HUVEC|PET,,ok_hash,LUIS RAW||PET||D1,train
D1 0H 2_png.rf.In3g26PLvIPVilZ9guvK.png,d1 0h 2,HUVEC,0,D1 0H 2 (3).tiff,HUVEC/0h,Migração (PET e PEP) n3 - RAW||None||D1,Migração (PET e PEP) n3 - RAW,D1,None,HUVEC|None,,ok_hash,Migração (PET e PEP) n3 - RAW||None||D1,test
D1 0H 2_png.rf.vQjYicMYCPjmiZ6t9wzR.png,d1 0h 2,HUVEC,0,D1 0H 2 (2).tiff,HUVEC/0h,Migração (PET e PEP) n2 - RAW||PET + NEB 1uM||D1,Migração (PET e PEP) n2 - RAW,D1,PET + NEB 1uM,HUVEC|PET + NEB 1uM,,ok_hash,Migração (PET e PEP) n2 - RAW||PET + NEB 1uM||D1,train
A8 12H 2_png.rf.iwAAm3aDnFW8KsAeSu6J.png,a8 12h 2,HUVEC,12,A8 12H 2.tiff,HUVEC/12h,LUIS RAW||PEP+MCC||A8,LUIS RAW,A8,PEP+MCC,HUVEC|PEP+MCC,,ok_hash,LUIS RAW||PEP+MCC||A8,test
D3 24H 1_png.rf.OIhLrRxOSOtuNUqMevUJ.png,d3 24h 1,HUVEC,24,D3 24H 1.tiff,HUVEC/24h,Migração (PET e PEP) n1 - RAW||PEP + NEB 5uM||D3,Migração (PET e PEP) n1 - RAW,D3,PEP + NEB 5uM,HUVEC|PEP + NEB 5uM,,ok_hash,Migração (PET e PEP) n1 - RAW||PEP + NEB 5uM||D3,train
D3 24H 1_png.rf.eCkpgZ7lBRFTxvkfGeDK.png,d3 24h 1,HUVEC,24,D3 24H 1 (3).tiff,HUVEC/24h,Migração (PET e PEP) n3 - RAW||None||D3,Migração (PET e PEP) n3 - RAW,D3,None,HUVEC|None,,ok_hash,Migração (PET e PEP) n3 - RAW||None||D3,train
D3 24H 1_png.rf.lgES3xZvT7KoszPGhV44.png,d3 24h 1,HUVEC,24,D3 24H 1 (2).tiff,HUVEC/24h,Migração (PET e PEP) n2 - RAW||PET + NEB 5uM||D3,Migração (PET e PEP) n2 - RAW,D3,PET + NEB 5uM,HUVEC|PET + NEB 5uM,,ok_hash,Migração (PET e PEP) n2 - RAW||PET + NEB 5uM||D3,train
D4 24H 2_png.rf.RklTkqfkG2jxmrJIVlDw.png,d4 24h 2,HUVEC,24,D4 24H 2.tiff,HUVEC/24h,Migração (PET e PEP) n1 - RAW||PEP + NEB 5uM||D4,Migração (PET e PEP) n1 - RAW,D4,PEP + NEB 5uM,HUVEC|PEP + NEB 5uM,,ok_hash,Migração (PET e PEP) n1 - RAW||PEP + NEB 5uM||D4,val
D4 24H 2_png.rf.bXNtPd8AhEwgaAh3hG1b.png,d4 24h 2,HUVEC,24,D4 24H 2 (2).tiff,HUVEC/24h,Migração (PET e PEP) n2 - RAW||PET + NEB 5uM||D4,Migração (PET e PEP) n2 - RAW,D4,PET + NEB 5uM,HUVEC|PET + NEB 5uM,,ok_hash,Migração (PET e PEP) n2 - RAW||PET + NEB 5uM||D4,train
Snap-47_267_png.rf.97cMYlFczNhQv3UX19fR.png,snap-47,SKOV,72,Snap-47.tiff,SKOV/72h,P1|GEO+PTX|F12,P1,F12,GEO+PTX,P1|GEO+PTX,,ok_hash,P1|GEO+PTX|F12,test
Snap-47_219_png.rf.tXiQQL4hg3VyVt8yhPHg.png,snap-47,SKOV,24,Snap-47 (2).tiff,SKOV/24h,P1|GEO+PTX|F1,P1,F1,GEO+PTX,P1|GEO+PTX,,ok_hash,P1|GEO+PTX|F1,val
Snap-47_png.rf.4IcA4CJVTVvxJv2QbhQ9.png,snap-47,SKOV,0,Snap-47.tiff,SKOV/0h,P2|CARBO+GEO|F1,P2,F1,CARBO+GEO,P2|CARBO+GEO,,ok_hash,P2|CARBO+GEO|F1,train
Snap-47_10_png.rf.82JBOB2C6eUM9hqcxY2g.png,snap-47,SKOV,48,Snap-47.tiff,SKOV/48h,P2|CARBO+GEO|F1,P2,F1,CARBO+GEO,P2|CARBO+GEO,,ok_hash,P2|CARBO+GEO|F1,train
Snap-47_115_png.rf.AwDB0H3rugMK2ImzBgZw.png,snap-47,SKOV,24,Snap-47.tiff,SKOV/24h,P2|CARBO+GEO|F1,P2,F1,CARBO+GEO,P2|CARBO+GEO,,ok_hash,P2|CARBO+GEO|F1,train
Snap-47_159_png.rf.iWHwHxKcpvJIH7RHtxRu.png,snap-47,SKOV,48,Snap-47 (2).tiff,SKOV/48h,P1|GEO+PTX|F1,P1,F1,GEO+PTX,P1|GEO+PTX,,ok_hash,P1|GEO+PTX|F1,val
75ug+ptx1_2_png.rf.miBH5V5VEGJZEqXxEWPw.png,75ug+ptx1 2,SKOV,0,75ug+ptx1_2.tiff,SKOV/0h,P1|GEO+PTX|F2,P1,F2,GEO+PTX,P1|GEO+PTX,,ok_hash,P1|GEO+PTX|F2,val
D7 0HR 1_png.rf.VyOkBvuzY65cf9MJnXZB.png,d7 0hr 1,HUVEC,0,D7 0HR 1.tiff,HUVEC/0h,originais||None||D7,originais,D7,None,HUVEC|None,,ok_hash,originais||None||D7,val
Snap-26_283_png.rf.YFDkIZNg1W2rRyv6xoZQ.png,snap-26,SKOV,72,Snap-26.tiff,SKOV/72h,P1|GEO|F6,P1,F6,GEO,P1|GEO,,ok_hash,P1|GEO|F6,train
D4 12HR 1_png.rf.coQP5Rm68FoQiPA5lE4l.png,d4 12hr 1,HUVEC,12,D4 12HR 1.tiff,HUVEC/12h,originais||None||D4,originais,D4,None,HUVEC|None,,ok_hash,originais||None||D4,train
A1 0HR 1_png.rf.bBmfdS8DK3Ixtw1fZ9P3.png,a1 0hr 1,HUVEC,0,A1 0HR 1.tiff,HUVEC/0h,originais||None||A1,originais,A1,None,HUVEC|None,,ok_hash,SHARED__A1,test
A1 0HR 1_png.rf.F8WfJZAyU8hXcsKytbcA.png,a1 0hr 1,HUVEC,0,A1 0HR 1 (2).tiff,HUVEC/0h,Originais (1)||None||A1,Originais (1),A1,None,HUVEC|None,,ok_hash,SHARED__A1,test
Snap-49_111_png.rf.2YBYBWf0TlnhbYXiIarp.png,snap-49,SKOV,24,Snap-49.tiff,SKOV/24h,P2|CARBO+GEO|F3,P2,F3,CARBO+GEO,P2|CARBO+GEO,,ok_hash,P2|CARBO+GEO|F3,train
Snap-49_png.rf.jaxP6t3jEXJwvcs3TeXW.png,snap-49,SKOV,0,Snap-49.tiff,SKOV/0h,P2|CARBO+GEO|F3,P2,F3,CARBO+GEO,P2|CARBO+GEO,,ok_hash,P2|CARBO+GEO|F3,train
Snap-49_6_png.rf.vxdpb188ymQ8bK2rzafD.png,snap-49,SKOV,48,Snap-49.tiff,SKOV/48h,P2|CARBO+GEO|F3,P2,F3,CARBO+GEO,P2|CARBO+GEO,,ok_hash,P2|CARBO+GEO|F3,train
Snap-49_264_png.rf.Ig21lSZL1n8lAFqwIinJ.png,snap-49,SKOV,72,Snap-49.tiff,SKOV/72h,P1|GEO+PTX|F14,P1,F14,GEO+PTX,P1|GEO+PTX,,ok_hash,P1|GEO+PTX|F14,train
Snap-49_155_png.rf.9Txc7Y2olfQH0Fk9KsNp.png,snap-49,SKOV,48,Snap-49 (2).tiff,SKOV/48h,P1|GEO+PTX|F3,P1,F3,GEO+PTX,P1|GEO+PTX,,ok_hash,P1|GEO+PTX|F3,train
Snap-49_215_png.rf.TiULqayQwDfte2RpYtpc.png,snap-49,SKOV,24,Snap-49 (2).tiff,SKOV/24h,P1|GEO+PTX|F3,P1,F3,GEO+PTX,P1|GEO+PTX,,ok_hash,P1|GEO+PTX|F3,train
75ug+ptx2_3_png.rf.mqrdw4y9iJq7wHo3ocCR.png,75ug+ptx2 3,SKOV,0,75ug+ptx2_3.tiff,SKOV/0h,P1|GEO+PTX|F8,P1,F8,GEO+PTX,P1|GEO+PTX,,ok_hash,P1|GEO+PTX|F8,train
75geo2_3_png.rf.uagsLlU5nL9O3bnb8OYp.png,75geo2 3,SKOV,0,75geo2_3.tiff,SKOV/0h,P1|GEO|F8,P1,F8,GEO,P1|GEO,,ok_hash,P1|GEO|F8,train
75geo3_3_png.rf.zMTyj0cFNm8nT2bevevK.png,75geo3 3,SKOV,0,75geo3_3.tiff,SKOV/0h,P1|GEO|F13,P1,F13,GEO,P1|GEO,,ok_hash,P1|GEO|F13,train
75geo1_5_png.rf.XBplXOgSlZGL9MkIqKUx.png,75geo1 5,SKOV,0,75geo1_5.tiff,SKOV/0h,P1|GEO|F5,P1,F5,GEO,P1|GEO,,ok_hash,P1|GEO|F5,val
75geo2_2_png.rf.BRU7Qn76FC0ISEwjiWgR.png,75geo2 2,SKOV,0,75geo2_2.tiff,SKOV/0h,P1|GEO|F7,P1,F7,GEO,P1|GEO,,ok_hash,P1|GEO|F7,test
75geo3_4_png.rf.W62VVb5aq2155gYgVdJ3.png,75geo3 4,SKOV,0,75geo3_4.tiff,SKOV/0h,P1|GEO|F14,P1,F14,GEO,P1|GEO,,ok_hash,P1|GEO|F14,train
75ug+ptx1_5_png.rf.Y9WFvFN9xkZyL6E0mD9N.png,75ug+ptx1 5,SKOV,0,75ug+ptx1_5.tiff,SKOV/0h,P1|GEO+PTX|F5,P1,F5,GEO+PTX,P1|GEO+PTX,,ok_hash,P1|GEO+PTX|F5,train
75ug+ptx3_3_png.rf.c4WVnjFscy6T0HItfkyn.png,75ug+ptx3 3,SKOV,0,75ug+ptx3_3.tiff,SKOV/0h,P1|GEO+PTX|F13,P1,F13,GEO+PTX,P1|GEO+PTX,,ok_hash,P1|GEO+PTX|F13,train
75geo1_2_png.rf.ikJJwdU2sRMteDT7nrjh.png,75geo1 2,SKOV,0,75geo1_2.tiff,SKOV/0h,P1|GEO|F2,P1,F2,GEO,P1|GEO,,ok_hash,P1|GEO|F2,train
75geo2_4_png.rf.GSy2oJWtOBsFeAkolPsJ.png,75geo2 4,SKOV,0,75geo2_4.tiff,SKOV/0h,P1|GEO|F9,P1,F9,GEO,P1|GEO,,ok_hash,P1|GEO|F9,val
B1 12H 2_png.rf.XB9579ManLTdbXacXqbn.png,b1 12h 2,HUVEC,12,B1 12H 2 (3).tiff,HUVEC/12h,Migração (PET e PEP) n3 - RAW||None||B1,Migração (PET e PEP) n3 - RAW,B1,None,HUVEC|None,,ok_hash,Migração (PET e PEP) n3 - RAW||None||B1,train
B1 12H 2_png.rf.cFU7xmBfmqqkIIa5q7nh.png,b1 12h 2,HUVEC,12,B1 12H 2 (2).tiff,HUVEC/12h,Migração (PET e PEP) n2 - RAW||PEP + NEB 1uM||B1,Migração (PET e PEP) n2 - RAW,B1,PEP + NEB 1uM,HUVEC|PEP + NEB 1uM,,ok_hash,Migração (PET e PEP) n2 - RAW||PEP + NEB 1uM||B1,test
B1 12H 2_png.rf.80CRi2GWTeZLSA1jOyls.png,b1 12h 2,HUVEC,12,B1 12H 2.tiff,HUVEC/12h,LUIS RAW||PEP||B1,LUIS RAW,B1,PEP,HUVEC|PEP,,ok_hash,LUIS RAW||PEP||B1,train
C1 24H 2_png.rf.YUbYquBirGpSwyBLMJ4b.png,c1 24h 2,HUVEC,24,C1 24H 2 (3).tiff,HUVEC/24h,Migração (PET e PEP) n3 - RAW||None||C1,Migração (PET e PEP) n3 - RAW,C1,None,HUVEC|None,,ok_hash,Migração (PET e PEP) n3 - RAW||None||C1,train
C1 24H 2_png.rf.Pgfpm7Y6eqWlKW6dKTAy.png,c1 24h 2,HUVEC,24,C1 24H 2 (2).tiff,HUVEC/24h,Migração (PET e PEP) n2 - RAW||PET||C1,Migração (PET e PEP) n2 - RAW,C1,PET,HUVEC|PET,,ok_hash,Migração (PET e PEP) n2 - RAW||PET||C1,val
A3 0H 2_png.rf.KcxWyQCly3s3MLGJoF7y.png,a3 0h 2,HUVEC,0,A3 0H 2 (3).tiff,HUVEC/0h,Migração (PET e PEP) n3 - RAW||None||A3,Migração (PET e PEP) n3 - RAW,A3,None,HUVEC|None,,ok_hash,Migração (PET e PEP) n3 - RAW||None||A3,train
A3 0H 2_png.rf.QDCtQGDH1pznmeHT0BNJ.png,a3 0h 2,HUVEC,0,A3 0H 2.tiff,HUVEC/0h,LUIS RAW||PEP+GB||A3,LUIS RAW,A3,PEP+GB,HUVEC|PEP+GB,,ok_hash,LUIS RAW||PEP+GB||A3,val
A3 0H 2_png.rf.wlBFyFj8l9rKyrbSV1n0.png,a3 0h 2,HUVEC,0,A3 0H 2 (2).tiff,HUVEC/0h,Migração (PET e PEP) n2 - RAW||PEP||A3,Migração (PET e PEP) n2 - RAW,A3,PEP,HUVEC|PEP,,ok_hash,Migração (PET e PEP) n2 - RAW||PEP||A3,train
C1 24H 1_png.rf.OksDet59fvNqLNsi18rq.png,c1 24h 1,HUVEC,24,C1 24H 1 (3).tiff,HUVEC/24h,Migração (PET e PEP) n3 - RAW||None||C1,Migração (PET e PEP) n3 - RAW,C1,None,HUVEC|None,,ok_hash,Migração (PET e PEP) n3 - RAW||None||C1,train
C1 24H 1_png.rf.qNFK4kiEtQd3x6PhBznR.png,c1 24h 1,HUVEC,24,C1 24H 1 (2).tiff,HUVEC/24h,Migração (PET e PEP) n2 - RAW||PET||C1,Migração (PET e PEP) n2 - RAW,C1,PET,HUVEC|PET,,ok_hash,Migração (PET e PEP) n2 - RAW||PET||C1,val
C1 24H 1_png.rf.MmBCxnmelweNZCs07Wjh.png,c1 24h 1,HUVEC,24,C1 24H 1.tiff,HUVEC/24h,LUIS RAW||PET||C1,LUIS RAW,C1,PET,HUVEC|PET,,ok_hash,LUIS RAW||PET||C1,test
A2 0H 1_png.rf.a5VwxH3XSG8ycPWjgw1m.png,a2 0h 1,HUVEC,0,A2 0H 1 (3).tiff,HUVEC/0h,Migração (PET e PEP) n3 - RAW||None||A2,Migração (PET e PEP) n3 - RAW,A2,None,HUVEC|None,,ok_hash,Migração (PET e PEP) n3 - RAW||None||A2,train
A2 0H 1_png.rf.2hwnOfsNvVtFFjEPfzyP.png,a2 0h 1,HUVEC,0,A2 0H 1.tiff,HUVEC/0h,LUIS RAW||PEP+MET3||A2,LUIS RAW,A2,PEP+MET3,HUVEC|PEP+MET3,,ok_hash,LUIS RAW||PEP+MET3||A2,val
A2 0H 2_png.rf.bZxKlJP6svuZ8bqXNeIV.png,a2 0h 2,HUVEC,0,A2 0H 2 (3).tiff,HUVEC/0h,Migração (PET e PEP) n3 - RAW||None||A2,Migração (PET e PEP) n3 - RAW,A2,None,HUVEC|None,,ok_hash,Migração (PET e PEP) n3 - RAW||None||A2,train
A2 0H 2_png.rf.wLkBHcGvevKm0A73Vxcz.png,a2 0h 2,HUVEC,0,A2 0H 2 (2).tiff,HUVEC/0h,Migração (PET e PEP) n2 - RAW||PEP||A2,Migração (PET e PEP) n2 - RAW,A2,PEP,HUVEC|PEP,,ok_hash,Migração (PET e PEP) n2 - RAW||PEP||A2,train
A2 0H 2_png.rf.FS0GVTfItDwHaET3Kb6j.png,a2 0h 2,HUVEC,0,A2 0H 2.tiff,HUVEC/0h,LUIS RAW||PEP+MET3||A2,LUIS RAW,A2,PEP+MET3,HUVEC|PEP+MET3,,ok_hash,LUIS RAW||PEP+MET3||A2,val
Snap-21_285_png.rf.Rj9uYJWuHCUuf7mNZJ2N.png,snap-21,SKOV,72,Snap-21.tiff,SKOV/72h,P1|GEO|F1,P1,F1,GEO,P1|GEO,,ok_hash,P1|GEO|F1,val
Snap-21_56_png.rf.ycoY7vPUknblypXrORx3.png,snap-21,SKOV,48,Snap-21.tiff,SKOV/48h,P2|CARBO|F5,P2,F5,CARBO,P2|CARBO,,ok_hash,P2|CARBO|F5,train
D1 0H 1_png.rf.pkAbrogIQaGpnfBfEZnF.png,d1 0h 1,HUVEC,0,D1 0H 1.tiff,HUVEC/0h,LUIS RAW||PET||D1,LUIS RAW,D1,PET,HUVEC|PET,,ok_hash,LUIS RAW||PET||D1,train
D1 0H 1_png.rf.lyGwKQ55XW9Rox9MUQ2W.png,d1 0h 1,HUVEC,0,D1 0H 1 (2).tiff,HUVEC/0h,Migração (PET e PEP) n2 - RAW||PET + NEB 1uM||D1,Migração (PET e PEP) n2 - RAW,D1,PET + NEB 1uM,HUVEC|PET + NEB 1uM,,ok_hash,Migração (PET e PEP) n2 - RAW||PET + NEB 1uM||D1,train
D1 0H 1_png.rf.fw3oXHFKRwGBIpMcBKY2.png,d1 0h 1,HUVEC,0,D1 0H 1 (3).tiff,HUVEC/0h,Migração (PET e PEP) n3 - RAW||None||D1,Migração (PET e PEP) n3 - RAW,D1,None,HUVEC|None,,ok_hash,Migração (PET e PEP) n3 - RAW||None||D1,test
E7 12H 2_png.rf.vUUdCbtuiKl5Ft31hpY1.png,e7 12h 2,HUVEC,12,E7 12H 2.tiff,HUVEC/12h,LUIS RAW||PEP+MCC||E7,LUIS RAW,E7,PEP+MCC,HUVEC|PEP+MCC,,ok_hash,LUIS RAW||PEP+MCC||E7,train
A8 12H 1_png.rf.vsP0DPblvSgKVrucYaIO.png,a8 12h 1,HUVEC,12,A8 12H 1.tiff,HUVEC/12h,LUIS RAW||PEP+MCC||A8,LUIS RAW,A8,PEP+MCC,HUVEC|PEP+MCC,,ok_hash,LUIS RAW||PEP+MCC||A8,test
D5 0H 2_png.rf.xGrdSoDTKtnwBuh4Cj2d.png,d5 0h 2,HUVEC,0,D5 0H 2.tiff,HUVEC/0h,LUIS RAW||PET||D5,LUIS RAW,D5,PET,HUVEC|PET,,ok_hash,LUIS RAW||PET||D5,train
D5 0H 2_png.rf.GG9kMtodPkWI48rREDiB.png,d5 0h 2,HUVEC,0,D5 0H 2 (2).tiff,HUVEC/0h,Migração (PET e PEP) n1 - RAW||PET + NEB 5uM||D5,Migração (PET e PEP) n1 - RAW,D5,PET + NEB 5uM,HUVEC|PET + NEB 5uM,,ok_hash,Migração (PET e PEP) n1 - RAW||PET + NEB 5uM||D5,train
C5 8H 1_png.rf.m0k3TjlxKvLXDFhuBq52.png,c5 8h 1,HUVEC,8,C5 8H 1.tiff,HUVEC/8h,LUIS RAW||PET||C5,LUIS RAW,C5,PET,HUVEC|PET,,ok_hash,LUIS RAW||PET||C5,train
C5 8H 1_png.rf.QRwHfTeZ3iXOWs30KZOS.png,c5 8h 1,HUVEC,8,C5 8H 1 (2).tiff,HUVEC/8h,Migração (PET e PEP) n1 - RAW||PET + NEB 1uM||C5,Migração (PET e PEP) n1 - RAW,C5,PET + NEB 1uM,HUVEC|PET + NEB 1uM,,ok_hash,Migração (PET e PEP) n1 - RAW||PET + NEB 1uM||C5,train
A6 24H 1_png.rf.nNdt9zlpThgANxpw0Afd.png,a6 24h 1,HUVEC,24,A6 24H 1.tiff,HUVEC/24h,LUIS RAW||PEP+MET3||A6,LUIS RAW,A6,PEP+MET3,HUVEC|PEP+MET3,,ok_hash,LUIS RAW||PEP+MET3||A6,train
E3 12H 1_png.rf.ybUIm3WuR8reiKcz0SpQ.png,e3 12h 1,HUVEC,12,E3 12H 1 (2).tiff,HUVEC/12h,Migração (PET e PEP) n1 - RAW||PET||E3,Migração (PET e PEP) n1 - RAW,E3,PET,HUVEC|PET,,ok_hash,Migração (PET e PEP) n1 - RAW||PET||E3,train
E3 12H 1_png.rf.jJifoEwEiTeMrkQvogrH.png,e3 12h 1,HUVEC,12,E3 12H 1.tiff,HUVEC/12h,LUIS RAW||PEP+MET3||E3,LUIS RAW,E3,PEP+MET3,HUVEC|PEP+MET3,,ok_hash,LUIS RAW||PEP+MET3||E3,train
C5 0H 1_png.rf.qfmzlYXXLFM1UbctuHo5.png,c5 0h 1,HUVEC,0,C5 0H 1 (2).tiff,HUVEC/0h,Migração (PET e PEP) n1 - RAW||PET + NEB 1uM||C5,Migração (PET e PEP) n1 - RAW,C5,PET + NEB 1uM,HUVEC|PET + NEB 1uM,,ok_hash,Migração (PET e PEP) n1 - RAW||PET + NEB 1uM||C5,train
C5 0H 1_png.rf.OdwF3vyzWYOgZ8CvxU5t.png,c5 0h 1,HUVEC,0,C5 0H 1.tiff,HUVEC/0h,LUIS RAW||PET||C5,LUIS RAW,C5,PET,HUVEC|PET,,ok_hash,LUIS RAW||PET||C5,train
C3 24H 1_png.rf.fTWEUHwuJj41k4YLPaQD.png,c3 24h 1,HUVEC,24,C3 24H 1.tiff,HUVEC/24h,Migração (PET e PEP) n1 - RAW||PEP + NEB 1uM||C3,Migração (PET e PEP) n1 - RAW,C3,PEP + NEB 1uM,HUVEC|PEP + NEB 1uM,,ok_hash,Migração (PET e PEP) n1 - RAW||PEP + NEB 1uM||C3,val
C3 24H 1_png.rf.c7jfA1r2lo83FCC1x3TB.png,c3 24h 1,HUVEC,24,C3 24H 1 (3).tiff,HUVEC/24h,Migração (PET e PEP) n3 - RAW||None||C3,Migração (PET e PEP) n3 - RAW,C3,None,HUVEC|None,,ok_hash,Migração (PET e PEP) n3 - RAW||None||C3,train
C3 24H 1_png.rf.Ff5U0kH6IFpvS3alXpPn.png,c3 24h 1,HUVEC,24,C3 24H 1 (2).tiff,HUVEC/24h,Migração (PET e PEP) n2 - RAW||PET||C3,Migração (PET e PEP) n2 - RAW,C3,PET,HUVEC|PET,,ok_hash,Migração (PET e PEP) n2 - RAW||PET||C3,test
Snap-40_png.rf.9EwCDE1uNgyFYRkkBNbp.png,snap-40,SKOV,0,Snap-40.tiff,SKOV/0h,P2|GEO|F9,P2,F9,GEO,P2|GEO,,ok_hash,P2|GEO|F9,train
Snap-40_42_png.rf.rY6NW4fe0CRTDdg8MHYz.png,snap-40,SKOV,48,Snap-40.tiff,SKOV/48h,P2|GEO|F10,P2,F10,GEO,P2|GEO,,ok_hash,P2|GEO|F10,train
Snap-40_87_png.rf.OMb2zuYN14uYpuw2r6ha.png,snap-40,SKOV,24,Snap-40.tiff,SKOV/24h,P2|GEO|F9,P2,F9,GEO,P2|GEO,,ok_hash,P2|GEO|F9,train
Snap-40_176_png.rf.bUgGtZALmBRNrpjdVId8.png,snap-40,SKOV,48,Snap-40 (2).tiff,SKOV/48h,P1|GEO|F9,P1,F9,GEO,P1|GEO,,ok_hash,P1|GEO|F9,val
Snap-40_236_png.rf.yItOl1do8t3f0fCtVuP1.png,snap-40,SKOV,24,Snap-40 (2).tiff,SKOV/24h,P1|GEO|F9,P1,F9,GEO,P1|GEO,,ok_hash,P1|GEO|F9,val
Snap-43_34_png.rf.GOHyfDBrhvieEKwOZ4eD.png,snap-43,SKOV,48,Snap-43.tiff,SKOV/48h,P2|GEO|F13,P2,F13,GEO,P2|GEO,,ok_hash,P2|GEO|F13,val
Snap-43_168_png.rf.bvsTjSLpRnA4A5wLM0jg.png,snap-43,SKOV,48,Snap-43 (2).tiff,SKOV/48h,P1|GEO|F12,P1,F12,GEO,P1|GEO,,ok_hash,P1|GEO|F12,train
Snap-43_79_png.rf.QHy7X5fw5paLTpJkeudB.png,snap-43,SKOV,24,Snap-43.tiff,SKOV/24h,P2|GEO|F12,P2,F12,GEO,P2|GEO,,ok_hash,P2|GEO|F12,train
Snap-43_228_png.rf.RjMXXyaPc2A6ORQuUL1x.png,snap-43,SKOV,24,Snap-43 (2).tiff,SKOV/24h,P1|GEO|F12,P1,F12,GEO,P1|GEO,,ok_hash,P1|GEO|F12,train
Snap-43_261_png.rf.ggKc9XCcU2o4oFi3pgsw.png,snap-43,SKOV,72,Snap-43.tiff,SKOV/72h,P1|GEO+PTX|F8,P1,F8,GEO+PTX,P1|GEO+PTX,,ok_hash,P1|GEO+PTX|F8,train
Snap-43_png.rf.bYOjGbrbBkNUs0zIljYx.png,snap-43,SKOV,0,Snap-43.tiff,SKOV/0h,P2|GEO|F12,P2,F12,GEO,P2|GEO,,ok_hash,P2|GEO|F12,train
75ug+ptx1_4_png.rf.SJoeBR5kFLTCJXsYTKnd.png,75ug+ptx1 4,SKOV,0,75ug+ptx1_4.tiff,SKOV/0h,P1|GEO+PTX|F4,P1,F4,GEO+PTX,P1|GEO+PTX,,ok_hash,P1|GEO+PTX|F4,val
B6 24HR _png.rf.3MFWVuTR1gXhrTMlxCtK.png,b6 24hr,HUVEC,24,B6 24HR .tiff,HUVEC/24h,Originais (1)||None||B6,Originais (1),B6,None,HUVEC|None,,ok_hash,SHARED__B6,train
D3 24HR 2_png.rf.72HLl708G6tkMaH5GLZL.png,d3 24hr 2,HUVEC,24,D3 24HR 2 (2).tiff,HUVEC/24h,Originais (1)||None||D3,Originais (1),D3,None,HUVEC|None,,ok_hash,SHARED__D3,train
D3 24HR 2_png.rf.yFACQ0BfAkvnbEhAHECd.png,d3 24hr 2,HUVEC,24,D3 24HR 2.tiff,HUVEC/24h,originais||None||D3,originais,D3,None,HUVEC|None,,ok_hash,SHARED__D3,train
D3 24HR 1_png.rf.CIVDMQLez5VThDU7Rmkp.png,d3 24hr 1,HUVEC,24,D3 24HR 1 (2).tiff,HUVEC/24h,Originais (1)||None||D3,Originais (1),D3,None,HUVEC|None,,ok_hash,SHARED__D3,train
D3 24HR 1_png.rf.lybVWBdbvZ81Rnavz0xt.png,d3 24hr 1,HUVEC,24,D3 24HR 1.tiff,HUVEC/24h,originais||None||D3,originais,D3,None,HUVEC|None,,ok_hash,SHARED__D3,train
D1 24HR 1_png.rf.EHcrx6DNEOw8vqgtCyC2.png,d1 24hr 1,HUVEC,24,D1 24HR 1 (2).tiff,HUVEC/24h,Originais (1)||None||D1,Originais (1),D1,None,HUVEC|None,,ok_hash,SHARED__D1,train
D1 24HR 1_png.rf.D7yfyoxo08GRgfqWxkKs.png,d1 24hr 1,HUVEC,24,D1 24HR 1.tiff,HUVEC/24h,originais||None||D1,originais,D1,None,HUVEC|None,,ok_hash,SHARED__D1,train
B2 0H 2_png.rf.hSCWG8Fad2RCMrJcKW7X.png,b2 0h 2,HUVEC,0,B2 0H 2 (2).tiff,HUVEC/0h,Migração (PET e PEP) n3 - RAW||None||B2,Migração (PET e PEP) n3 - RAW,B2,None,HUVEC|None,,ok_hash,Migração (PET e PEP) n3 - RAW||None||B2,train
B2 0H 2_png.rf.C9LTtIpDLLKBGCfBNHkN.png,b2 0h 2,HUVEC,0,B2 0H 2.tiff,HUVEC/0h,Migração (PET e PEP) n2 - RAW||PEP + NEB 1uM||B2,Migração (PET e PEP) n2 - RAW,B2,PEP + NEB 1uM,HUVEC|PEP + NEB 1uM,,ok_hash,Migração (PET e PEP) n2 - RAW||PEP + NEB 1uM||B2,train
A2 12H 2_png.rf.Zohd9tAlJmF6zir4Qa7l.png,a2 12h 2,HUVEC,12,A2 12H 2 (3).tiff,HUVEC/12h,Migração (PET e PEP) n3 - RAW||None||A2,Migração (PET e PEP) n3 - RAW,A2,None,HUVEC|None,,ok_hash,Migração (PET e PEP) n3 - RAW||None||A2,train
A2 12H 2_png.rf.N7tpAQyq0PEGrhaTGLJT.png,a2 12h 2,HUVEC,12,A2 12H 2 (2).tiff,HUVEC/12h,Migração (PET e PEP) n2 - RAW||PEP||A2,Migração (PET e PEP) n2 - RAW,A2,PEP,HUVEC|PEP,,ok_hash,Migração (PET e PEP) n2 - RAW||PEP||A2,train
E7 24H 1_png.rf.zAvr03Xcu012AlIqOaJU.png,e7 24h 1,HUVEC,24,E7 24H 1.tiff,HUVEC/24h,LUIS RAW||PEP+MCC||E7,LUIS RAW,E7,PEP+MCC,HUVEC|PEP+MCC,,ok_hash,LUIS RAW||PEP+MCC||E7,train
F2 0H 1_png.rf.zPl6vPkH5HpqtxJsWJxj.png,f2 0h 1,HUVEC,0,F2 0H 1.tiff,HUVEC/0h,LUIS RAW||PET||F2,LUIS RAW,F2,PET,HUVEC|PET,,ok_hash,LUIS RAW||PET||F2,train
E4 24H 2_png.rf.zRn2mkdbLkfop4s4V8xV.png,e4 24h 2,HUVEC,24,E4 24H 2.tiff,HUVEC/24h,LUIS RAW||PEP+MET3||E4,LUIS RAW,E4,PEP+MET3,HUVEC|PEP+MET3,,ok_hash,LUIS RAW||PEP+MET3||E4,train
E4 24H 2_png.rf.m4dcOTmKcNBfb5aYg2ft.png,e4 24h 2,HUVEC,24,E4 24H 2 (2).tiff,HUVEC/24h,Migração (PET e PEP) n1 - RAW||PET||E4,Migração (PET e PEP) n1 - RAW,E4,PET,HUVEC|PET,,ok_hash,Migração (PET e PEP) n1 - RAW||PET||E4,train
ptx2_2_png.rf.ZcYuXZyYfPIfgOypnn5Z.png,ptx2 2,SKOV,0,ptx2_2.tiff,SKOV/0h,P1|PTX|F7,P1,F7,PTX,P1|PTX,,ok_hash,P1|PTX|F7,train
75geo1_4_png.rf.gXnQOso0XaCNeb2iSQ5d.png,75geo1 4,SKOV,0,75geo1_4.tiff,SKOV/0h,P1|GEO|F4,P1,F4,GEO,P1|GEO,,ok_hash,P1|GEO|F4,train
Snap-60_12_png.rf.AiY33Mo4Daj2M4cZgUnh.png,snap-60,SKOV,48,Snap-60.tiff,SKOV/48h,P2|CARBO+GEO|F14,P2,F14,CARBO+GEO,P2|CARBO+GEO,,ok_hash,P2|CARBO+GEO|F14,val
Snap-60_png.rf.RpcRTxyR97nXnbvR3urB.png,snap-60,SKOV,0,Snap-60.tiff,SKOV/0h,P2|CARBO+GEO|F14,P2,F14,CARBO+GEO,P2|CARBO+GEO,,ok_hash,P2|CARBO+GEO|F14,val
Snap-60_221_png.rf.3hBjZALI1RFDCXb1MMT9.png,snap-60,SKOV,24,Snap-60.tiff,SKOV/24h,P1|GEO+PTX|F14,P1,F14,GEO+PTX,P1|GEO+PTX,,ok_hash,P1|GEO+PTX|F14,train
Snap-60_161_png.rf.bERIfIfLBiocZsdlYi1s.png,snap-60,SKOV,48,Snap-60 (2).tiff,SKOV/48h,P1|GEO+PTX|F14,P1,F14,GEO+PTX,P1|GEO+PTX,,ok_hash,P1|GEO+PTX|F14,train
Snap-44_230_png.rf.DTYO8Kp6HurpQGqbOhho.png,snap-44,SKOV,24,Snap-44 (2).tiff,SKOV/24h,P1|GEO|F13,P1,F13,GEO,P1|GEO,,ok_hash,P1|GEO|F13,train
Snap-44_81_png.rf.TGvVmP3lIRrM3iTJoyVs.png,snap-44,SKOV,24,Snap-44.tiff,SKOV/24h,P2|GEO|F13,P2,F13,GEO,P2|GEO,,ok_hash,P2|GEO|F13,val
Snap-44_png.rf.Ys2ZD04BJk4p3T7zAkIt.png,snap-44,SKOV,0,Snap-44.tiff,SKOV/0h,P2|GEO|F13,P2,F13,GEO,P2|GEO,,ok_hash,P2|GEO|F13,val
Snap-44_36_png.rf.TROYQwK4sRxpgSs22NpY.png,snap-44,SKOV,48,Snap-44.tiff,SKOV/48h,P2|GEO|F14,P2,F14,GEO,P2|GEO,,ok_hash,P2|GEO|F14,train
Snap-44_170_png.rf.zUBxx8E0b0UKDnm5q1Jy.png,snap-44,SKOV,48,Snap-44 (2).tiff,SKOV/48h,P1|GEO|F13,P1,F13,GEO,P1|GEO,,ok_hash,P1|GEO|F13,train
Snap-44_262_png.rf.lTvBtNUt4oywkU5QtcJ7.png,snap-44,SKOV,72,Snap-44.tiff,SKOV/72h,P1|GEO+PTX|F9,P1,F9,GEO+PTX,P1|GEO+PTX,,ok_hash,P1|GEO+PTX|F9,train
Snap-54_1_png.rf.LYlBIIJ3KoqRfd7QemOX.png,snap-54,SKOV,48,Snap-54.tiff,SKOV/48h,P2|CARBO+GEO|F8,P2,F8,CARBO+GEO,P2|CARBO+GEO,,ok_hash,P2|CARBO+GEO|F8,train
Snap-54_106_png.rf.VOFbghvZhHsPNSqUFFkZ.png,snap-54,SKOV,24,Snap-54.tiff,SKOV/24h,P2|CARBO+GEO|F8,P2,F8,CARBO+GEO,P2|CARBO+GEO,,ok_hash,P2|CARBO+GEO|F8,train
Snap-54_150_png.rf.BbXD2AQgA8naVrH0wTEE.png,snap-54,SKOV,48,Snap-54 (2).tiff,SKOV/48h,P1|GEO+PTX|F8,P1,F8,GEO+PTX,P1|GEO+PTX,,ok_hash,P1|GEO+PTX|F8,train
Snap-54_png.rf.HGYLhnxL2tQsTiXRBg9n.png,snap-54,SKOV,0,Snap-54.tiff,SKOV/0h,P2|CARBO+GEO|F8,P2,F8,CARBO+GEO,P2|CARBO+GEO,,ok_hash,P2|CARBO+GEO|F8,train
Snap-54_210_png.rf.BQ3GBpltnc6IdhOhKvJv.png,snap-54,SKOV,24,Snap-54 (2).tiff,SKOV/24h,P1|GEO+PTX|F8,P1,F8,GEO+PTX,P1|GEO+PTX,,ok_hash,P1|GEO+PTX|F8,train
Snap-45_39_png.rf.PKurQMo8B3ygR4NZVCB3.png,snap-45,SKOV,48,Snap-45.tiff,SKOV/48h,P2|GEO|F15,P2,F15,GEO,P2|GEO,,ok_hash,P2|GEO|F15,val
Snap-45_png.rf.8mEoXejuMEvhSOq5NbIp.png,snap-45,SKOV,0,Snap-45.tiff,SKOV/0h,P2|GEO|F14,P2,F14,GEO,P2|GEO,,ok_hash,P2|GEO|F14,train
Snap-45_84_png.rf.PwtbQ0TcIu75QL9i4MKM.png,snap-45,SKOV,24,Snap-45.tiff,SKOV/24h,P2|GEO|F14,P2,F14,GEO,P2|GEO,,ok_hash,P2|GEO|F14,train
Snap-45_233_png.rf.e0d4At5O0A55XswWkUGG.png,snap-45,SKOV,24,Snap-45 (2).tiff,SKOV/24h,P1|GEO|F14,P1,F14,GEO,P1|GEO,,ok_hash,P1|GEO|F14,train
B2 24HR _png.rf.PIVpOfHUhZq8EVpEdJo0.png,b2 24hr,HUVEC,24,B2 24HR .tiff,HUVEC/24h,Originais (1)||None||B2,Originais (1),B2,None,HUVEC|None,,ok_hash,SHARED__B2,test
B1 24HR_png.rf.XaMxiAWNkoEWqiyieIvY.png,b1 24hr,HUVEC,24,B1 24HR.tiff,HUVEC/24h,Originais (1)||None||B1,Originais (1),B1,None,HUVEC|None,,ok_hash,SHARED__B1,train
B3 24HR _png.rf.f3BROmuTSW4SEY5FcLrM.png,b3 24hr,HUVEC,24,B3 24HR .tiff,HUVEC/24h,Originais (1)||None||B3,Originais (1),B3,None,HUVEC|None,,ok_hash,SHARED__B3,train
D3 0H 2_png.rf.lL7YSo8VoAJWzvF12TBt.png,d3 0h 2,HUVEC,0,D3 0H 2 (3).tiff,HUVEC/0h,Migração (PET e PEP) n3 - RAW||None||D3,Migração (PET e PEP) n3 - RAW,D3,None,HUVEC|None,,ok_hash,Migração (PET e PEP) n3 - RAW||None||D3,train
D3 0H 2_png.rf.yYcVsHyN2N7kW6l1R49u.png,d3 0h 2,HUVEC,0,D3 0H 2.tiff,HUVEC/0h,Migração (PET e PEP) n1 - RAW||PEP + NEB 5uM||D3,Migração (PET e PEP) n1 - RAW,D3,PEP + NEB 5uM,HUVEC|PEP + NEB 5uM,,ok_hash,Migração (PET e PEP) n1 - RAW||PEP + NEB 5uM||D3,train
D3 0H 2_png.rf.lkEcbAGS1IAwabi3cMT3.png,d3 0h 2,HUVEC,0,D3 0H 2 (2).tiff,HUVEC/0h,Migração (PET e PEP) n2 - RAW||PET + NEB 5uM||D3,Migração (PET e PEP) n2 - RAW,D3,PET + NEB 5uM,HUVEC|PET + NEB 5uM,,ok_hash,Migração (PET e PEP) n2 - RAW||PET + NEB 5uM||D3,train
C2 0H 1_png.rf.mJluI1yGBePiio8WTdDm.png,c2 0h 1,HUVEC,0,C2 0H 1 (2).tiff,HUVEC/0h,Migração (PET e PEP) n3 - RAW||None||C2,Migração (PET e PEP) n3 - RAW,C2,None,HUVEC|None,,ok_hash,Migração (PET e PEP) n3 - RAW||None||C2,val
C2 0H 1_png.rf.KB47PNKZ7jytQgV8U2Wg.png,c2 0h 1,HUVEC,0,C2 0H 1.tiff,HUVEC/0h,Migração (PET e PEP) n2 - RAW||PET||C2,Migração (PET e PEP) n2 - RAW,C2,PET,HUVEC|PET,,ok_hash,Migração (PET e PEP) n2 - RAW||PET||C2,train
D2 12H 1_png.rf.mezBEqY820hvyAhYbL2o.png,d2 12h 1,HUVEC,12,D2 12H 1 (2).tiff,HUVEC/12h,Migração (PET e PEP) n3 - RAW||None||D2,Migração (PET e PEP) n3 - RAW,D2,None,HUVEC|None,,ok_hash,Migração (PET e PEP) n3 - RAW||None||D2,test
D2 12H 1_png.rf.WXQzzTbsjkN1jrcwr3jh.png,d2 12h 1,HUVEC,12,D2 12H 1.tiff,HUVEC/12h,Migração (PET e PEP) n2 - RAW||PET + NEB 1uM||D2,Migração (PET e PEP) n2 - RAW,D2,PET + NEB 1uM,HUVEC|PET + NEB 1uM,,ok_hash,Migração (PET e PEP) n2 - RAW||PET + NEB 1uM||D2,test
C1 0H 2_png.rf.roYe44B7qcp2jHTQiDFR.png,c1 0h 2,HUVEC,0,C1 0H 2 (3).tiff,HUVEC/0h,Migração (PET e PEP) n3 - RAW||None||C1,Migração (PET e PEP) n3 - RAW,C1,None,HUVEC|None,,ok_hash,Migração (PET e PEP) n3 - RAW||None||C1,train
C1 0H 2_png.rf.NIaj6ZfxU7W8Sisl4O7V.png,c1 0h 2,HUVEC,0,C1 0H 2.tiff,HUVEC/0h,LUIS RAW||PET||C1,LUIS RAW,C1,PET,HUVEC|PET,,ok_hash,LUIS RAW||PET||C1,test
C1 0H 2_png.rf.9303F5oUsp2TrVTUxFVS.png,c1 0h 2,HUVEC,0,C1 0H 2 (2).tiff,HUVEC/0h,Migração (PET e PEP) n2 - RAW||PET||C1,Migração (PET e PEP) n2 - RAW,C1,PET,HUVEC|PET,,ok_hash,Migração (PET e PEP) n2 - RAW||PET||C1,val
C3 0H 2_png.rf.xbZO9Bb0ELGvFvQqg9Ga.png,c3 0h 2,HUVEC,0,C3 0H 2 (3).tiff,HUVEC/0h,Migração (PET e PEP) n3 - RAW||None||C3,Migração (PET e PEP) n3 - RAW,C3,None,HUVEC|None,,ok_hash,Migração (PET e PEP) n3 - RAW||None||C3,train
C3 0H 2_png.rf.vi6kwDP5hcJTtZbSmmNR.png,c3 0h 2,HUVEC,0,C3 0H 2 (2).tiff,HUVEC/0h,Migração (PET e PEP) n2 - RAW||PET||C3,Migração (PET e PEP) n2 - RAW,C3,PET,HUVEC|PET,,ok_hash,Migração (PET e PEP) n2 - RAW||PET||C3,test
C3 0H 2_png.rf.xDlt4bOJAYcO2uTZApSi.png,c3 0h 2,HUVEC,0,C3 0H 2.tiff,HUVEC/0h,Migração (PET e PEP) n1 - RAW||PEP + NEB 1uM||C3,Migração (PET e PEP) n1 - RAW,C3,PEP + NEB 1uM,HUVEC|PEP + NEB 1uM,,ok_hash,Migração (PET e PEP) n1 - RAW||PEP + NEB 1uM||C3,val
Snap-34_229_png.rf.KJvv2XXHVgpLiZwVt9mg.png,snap-34,SKOV,24,Snap-34 (2).tiff,SKOV/24h,P1|GEO|F3,P1,F3,GEO,P1|GEO,,ok_hash,P1|GEO|F3,train
Snap-34_png.rf.GLZbrOT2myk9kc5oA6aX.png,snap-34,SKOV,0,Snap-34.tiff,SKOV/0h,P2|GEO|F3,P2,F3,GEO,P2|GEO,,ok_hash,P2|GEO|F3,test
Snap-34_35_png.rf.cCBbQ4DkqD2S1DhdFMv4.png,snap-34,SKOV,48,Snap-34.tiff,SKOV/48h,P2|GEO|F4,P2,F4,GEO,P2|GEO,,ok_hash,P2|GEO|F4,train
Snap-34_80_png.rf.OTwRABBb2h7sLs5br5Es.png,snap-34,SKOV,24,Snap-34.tiff,SKOV/24h,P2|GEO|F3,P2,F3,GEO,P2|GEO,,ok_hash,P2|GEO|F3,test
Snap-34_169_png.rf.ecNc96UyH80MDbVQXJGF.png,snap-34,SKOV,48,Snap-34 (2).tiff,SKOV/48h,P1|GEO|F3,P1,F3,GEO,P1|GEO,,ok_hash,P1|GEO|F3,train
Snap-34_273_png.rf.dlwVdBfC0b4Uz3SdOjOc.png,snap-34,SKOV,72,Snap-34.tiff,SKOV/72h,P1|GEO|F14,P1,F14,GEO,P1|GEO,,ok_hash,P1|GEO|F14,train
B1 12H 1_png.rf.yeNg2GCjWfRngtwXJUie.png,b1 12h 1,HUVEC,12,B1 12H 1 (3).tiff,HUVEC/12h,Migração (PET e PEP) n3 - RAW||None||B1,Migração (PET e PEP) n3 - RAW,B1,None,HUVEC|None,,ok_hash,Migração (PET e PEP) n3 - RAW||None||B1,train
B1 12H 1_png.rf.hxez3ZUDKYx4aEhWMxMN.png,b1 12h 1,HUVEC,12,B1 12H 1.tiff,HUVEC/12h,LUIS RAW||PEP||B1,LUIS RAW,B1,PEP,HUVEC|PEP,,ok_hash,LUIS RAW||PEP||B1,train
B1 12H 1_png.rf.VB9B0BXSFCbQoytWKIkL.png,b1 12h 1,HUVEC,12,B1 12H 1 (2).tiff,HUVEC/12h,Migração (PET e PEP) n2 - RAW||PEP + NEB 1uM||B1,Migração (PET e PEP) n2 - RAW,B1,PEP + NEB 1uM,HUVEC|PEP + NEB 1uM,,ok_hash,Migração (PET e PEP) n2 - RAW||PEP + NEB 1uM||B1,test
Snap-37_268_png.rf.N3W1ypt0pMmCc4GIxO5t.png,snap-37,SKOV,72,Snap-37.tiff,SKOV/72h,P1|GEO+PTX|F2,P1,F2,GEO+PTX,P1|GEO+PTX,,ok_hash,P1|GEO+PTX|F2,val
Snap-37_175_png.rf.FF9MN09bmlSbN40cxQRu.png,snap-37,SKOV,48,Snap-37 (2).tiff,SKOV/48h,P1|GEO|F6,P1,F6,GEO,P1|GEO,,ok_hash,P1|GEO|F6,train
Snap-37_41_png.rf.OsCpPjm2DJG8qbSq8Ons.png,snap-37,SKOV,48,Snap-37.tiff,SKOV/48h,P2|GEO|F7,P2,F7,GEO,P2|GEO,,ok_hash,P2|GEO|F7,train
Snap-37_235_png.rf.fp1LasdFT1TZbfgrTie6.png,snap-37,SKOV,24,Snap-37 (2).tiff,SKOV/24h,P1|GEO|F6,P1,F6,GEO,P1|GEO,,ok_hash,P1|GEO|F6,train
Snap-37_86_png.rf.pYptoZNCglZAWUG9VoJY.png,snap-37,SKOV,24,Snap-37.tiff,SKOV/24h,P2|GEO|F6,P2,F6,GEO,P2|GEO,,ok_hash,P2|GEO|F6,train
Snap-37_png.rf.s7RPNeDaj3ymHHF9zaPj.png,snap-37,SKOV,0,Snap-37.tiff,SKOV/0h,P2|GEO|F6,P2,F6,GEO,P2|GEO,,ok_hash,P2|GEO|F6,train
Snap-38_167_png.rf.81c3SeZTSEMy4ciG0Dyg.png,snap-38,SKOV,48,Snap-38 (2).tiff,SKOV/48h,P1|GEO|F7,P1,F7,GEO,P1|GEO,,ok_hash,P1|GEO|F7,test
Snap-38_78_png.rf.PaqjOBWZbWnDZZ0RJ1ZA.png,snap-38,SKOV,24,Snap-38.tiff,SKOV/24h,P2|GEO|F7,P2,F7,GEO,P2|GEO,,ok_hash,P2|GEO|F7,train
Snap-38_png.rf.hr6aZTEXF60YzgUNJy8a.png,snap-38,SKOV,0,Snap-38.tiff,SKOV/0h,P2|GEO|F7,P2,F7,GEO,P2|GEO,,ok_hash,P2|GEO|F7,train
Snap-38_227_png.rf.kK61yb2zZ2y3LBaAWQce.png,snap-38,SKOV,24,Snap-38 (2).tiff,SKOV/24h,P1|GEO|F7,P1,F7,GEO,P1|GEO,,ok_hash,P1|GEO|F7,test
Snap-38_260_png.rf.yEEj76fEVPAcN4GxNnYn.png,snap-38,SKOV,72,Snap-38.tiff,SKOV/72h,P1|GEO+PTX|F3,P1,F3,GEO+PTX,P1|GEO+PTX,,ok_hash,P1|GEO+PTX|F3,train
D5 0H 1_png.rf.nqJsqxU0ATyfyESqew8k.png,d5 0h 1,HUVEC,0,D5 0H 1.tiff,HUVEC/0h,LUIS RAW||PET||D5,LUIS RAW,D5,PET,HUVEC|PET,,ok_hash,LUIS RAW||PET||D5,train
D5 0H 1_png.rf.9j0Q0q1RchMC9JDN2vvD.png,d5 0h 1,HUVEC,0,D5 0H 1 (2).tiff,HUVEC/0h,Migração (PET e PEP) n1 - RAW||PET + NEB 5uM||D5,Migração (PET e PEP) n1 - RAW,D5,PET + NEB 5uM,HUVEC|PET + NEB 5uM,,ok_hash,Migração (PET e PEP) n1 - RAW||PET + NEB 5uM||D5,train
B5 24HR _png.rf.g9PDGT1tjMWdiPw6OCJg.png,b5 24hr,HUVEC,24,B5 24HR .tiff,HUVEC/24h,Originais (1)||None||B5,Originais (1),B5,None,HUVEC|None,,ok_hash,SHARED__B5,train
C2 24HR 1_png.rf.gv1L6LnEPjTvqD1xvTex.png,c2 24hr 1,HUVEC,24,C2 24HR 1.tiff,HUVEC/24h,Originais (1)||None||C2,Originais (1),C2,None,HUVEC|None,,ok_hash,Originais (1)||None||C2,train
A1 0HR 2_png.rf.hVdiwx06lI7rOZ5rr9vC.png,a1 0hr 2,HUVEC,0,A1 0HR 2 (2).tiff,HUVEC/0h,Originais (1)||None||A1,Originais (1),A1,None,HUVEC|None,,ok_hash,SHARED__A1,test
A1 0HR 2_png.rf.wFANdrijgcCbWaNPdyi0.png,a1 0hr 2,HUVEC,0,A1 0HR 2.tiff,HUVEC/0h,originais||None||A1,originais,A1,None,HUVEC|None,,ok_hash,SHARED__A1,test
D4 0HR 1_png.rf.eLqJwBy4PkAeXHhqw8Ir.png,d4 0hr 1,HUVEC,0,D4 0HR 1.tiff,HUVEC/0h,originais||None||D4,originais,D4,None,HUVEC|None,,ok_hash,originais||None||D4,train
ptx1_4_png.rf.B58ENbe2QLEA2a5XA2zj.png,ptx1 4,SKOV,0,ptx1_4.tiff,SKOV/0h,P1|PTX|F4,P1,F4,PTX,P1|PTX,,ok_hash,P1|PTX|F4,train
A7 24HR _png.rf.jH3xQl6pREcGN7kyjHCV.png,a7 24hr,HUVEC,24,A7 24HR .tiff,HUVEC/24h,Originais (1)||None||A7,Originais (1),A7,None,HUVEC|None,,ok_hash,SHARED__A7,train
B4 24HR 1_png.rf.lN0MXk4tlJUMy6E9zAj1.png,b4 24hr 1,HUVEC,24,B4 24HR 1 (2).tiff,HUVEC/24h,Originais (1)||None||B4,Originais (1),B4,None,HUVEC|None,,ok_hash,SHARED__B4,train
B4 24HR 1_png.rf.pmxHFJ15gOgFjiDVrNst.png,b4 24hr 1,HUVEC,24,B4 24HR 1.tiff,HUVEC/24h,originais||None||B4,originais,B4,None,HUVEC|None,,ok_hash,SHARED__B4,train
C5 24HR 1_png.rf.nnj5eCDL2rrGHVaGJgIh.png,c5 24hr 1,HUVEC,24,C5 24HR 1.tiff,HUVEC/24h,Originais (1)||None||C5,Originais (1),C5,None,HUVEC|None,,ok_hash,Originais (1)||None||C5,train
C5 24HR 2_png.rf.IhgU6NfEh2mQLY5UnIxs.png,c5 24hr 2,HUVEC,24,C5 24HR 2.tiff,HUVEC/24h,Originais (1)||None||C5,Originais (1),C5,None,HUVEC|None,,ok_hash,Originais (1)||None||C5,train
C8 24HR 1_png.rf.ATUVW4TlOHoViHXbherk.png,c8 24hr 1,HUVEC,24,C8 24HR 1.tiff,HUVEC/24h,Originais (1)||None||C8,Originais (1),C8,None,HUVEC|None,,ok_hash,Originais (1)||None||C8,train
Snap-35_30_png.rf.HFgFuSTR9HjcV1lmD48Y.png,snap-35,SKOV,48,Snap-35.tiff,SKOV/48h,P2|GEO|F5,P2,F5,GEO,P2|GEO,,ok_hash,P2|GEO|F5,train
Snap-35_75_png.rf.ZWAOtrcgayqhDponTPfJ.png,snap-35,SKOV,24,Snap-35.tiff,SKOV/24h,P2|GEO|F4,P2,F4,GEO,P2|GEO,,ok_hash,P2|GEO|F4,train
Snap-35_164_png.rf.b3DJJM2AtGNEln2avfI1.png,snap-35,SKOV,48,Snap-35 (2).tiff,SKOV/48h,P1|GEO|F4,P1,F4,GEO,P1|GEO,,ok_hash,P1|GEO|F4,train
Snap-35_png.rf.RT3Bf99xhBs9fwFUnHMV.png,snap-35,SKOV,0,Snap-35.tiff,SKOV/0h,P2|GEO|F4,P2,F4,GEO,P2|GEO,,ok_hash,P2|GEO|F4,train
Snap-35_224_png.rf.Yl7Y3PdpoIYfMmZrgbvL.png,snap-35,SKOV,24,Snap-35 (2).tiff,SKOV/24h,P1|GEO|F4,P1,F4,GEO,P1|GEO,,ok_hash,P1|GEO|F4,train
B7 12H 1_png.rf.0M5oRvIMdWuewK90yYyN.png,b7 12h 1,HUVEC,12,B7 12H 1.tiff,HUVEC/12h,LUIS RAW||PEP+GB||B7,LUIS RAW,B7,PEP+GB,HUVEC|PEP+GB,,ok_hash,LUIS RAW||PEP+GB||B7,val
D1 24HR 2_png.rf.sKzjQXeeTmG65NxFRo5z.png,d1 24hr 2,HUVEC,24,D1 24HR 2 (2).tiff,HUVEC/24h,Originais (1)||None||D1,Originais (1),D1,None,HUVEC|None,,ok_hash,SHARED__D1,train
D1 24HR 2_png.rf.uoxKxnADebGlXimnPrEx.png,d1 24hr 2,HUVEC,24,D1 24HR 2.tiff,HUVEC/24h,originais||None||D1,originais,D1,None,HUVEC|None,,ok_hash,SHARED__D1,train
ct2_2_png.rf.Dvx8WZususU5N4TJ6Cm4.png,ct2 2,SKOV,0,ct2_2.tiff,SKOV/0h,P1|CT|F7,P1,F7,CT,P1|CT,,ok_hash,P1|CT|F7,val
ct3_4_png.rf.Q1FfAxwTqKJY5ScqhqHb.png,ct3 4,SKOV,0,ct3_4.tiff,SKOV/0h,P1|CT|F14,P1,F14,CT,P1|CT,,ok_hash,P1|CT|F14,train
A6 24HR _png.rf.tdVUE5jOGejtOugdPT4V.png,a6 24hr,HUVEC,24,A6 24HR .tiff,HUVEC/24h,Originais (1)||None||A6,Originais (1),A6,None,HUVEC|None,,ok_hash,SHARED__A6,train
D2 24HR 2_png.rf.wRKSPxlZPSFXQYyfyIYZ.png,d2 24hr 2,HUVEC,24,D2 24HR 2 (2).tiff,HUVEC/24h,Originais (1)||None||D2,Originais (1),D2,None,HUVEC|None,,ok_hash,SHARED__D2,train
D2 24HR 2_png.rf.pDLs6S04Umdqac3qosH6.png,d2 24hr 2,HUVEC,24,D2 24HR 2.tiff,HUVEC/24h,originais||None||D2,originais,D2,None,HUVEC|None,,ok_hash,SHARED__D2,train
C7 24HR 1_png.rf.xqKNrF67OhqmAzlFnqBa.png,c7 24hr 1,HUVEC,24,C7 24HR 1.tiff,HUVEC/24h,Originais (1)||None||C7,Originais (1),C7,None,HUVEC|None,,ok_hash,Originais (1)||None||C7,train
Snap-36_271_png.rf.sfFr7wfzXmMz4JWE34hv.png,snap-36,SKOV,72,Snap-36.tiff,SKOV/72h,P1|GEO+PTX|F1,P1,F1,GEO+PTX,P1|GEO+PTX,,ok_hash,P1|GEO+PTX|F1,val
A5 24H 1_png.rf.6ie4xUJoXHwIt5OqAmfk.png,a5 24h 1,HUVEC,24,A5 24H 1.tiff,HUVEC/24h,LUIS RAW||PEP||A5,LUIS RAW,A5,PEP,HUVEC|PEP,,ok_hash,LUIS RAW||PEP||A5,test
E2 12H 1_png.rf.mEQXwAOzJk0IJFIXfI76.png,e2 12h 1,HUVEC,12,E2 12H 1.tiff,HUVEC/12h,LUIS RAW||PEP||E2,LUIS RAW,E2,PEP,HUVEC|PEP,,ok_hash,LUIS RAW||PEP||E2,train
Snap-61_png.rf.jjph9AjAMjC05RAi810r.png,snap-61,SKOV,24,Snap-61.tiff,SKOV/24h,P2|CARBO+GEO|F15,P2,F15,CARBO+GEO,P2|CARBO+GEO,,ok_hash,P2|CARBO+GEO|F15,train
D8 8HR 2_png.rf.1L3Omzx8xqzZfciIrFV1.png,d8 8hr 2,HUVEC,8,D8 8HR 2.tiff,HUVEC/8h,originais||None||D8,originais,D8,None,HUVEC|None,,ok_hash,originais||None||D8,train
ct3_2_png.rf.lLB33dtGMqg7HHl9TRYc.png,ct3 2,SKOV,0,ct3_2.tiff,SKOV/0h,P1|CT|F12,P1,F12,CT,P1|CT,,ok_hash,P1|CT|F12,train
ct1_4_png.rf.nvoj5ht7KmVxGyu6qAiI.png,ct1 4,SKOV,0,ct1_4.tiff,SKOV/0h,P1|CT|F4,P1,F4,CT,P1|CT,,ok_hash,P1|CT|F4,train
ct1_3_png.rf.p5g48N2vmUfQ595DsvAx.png,ct1 3,SKOV,0,ct1_3.tiff,SKOV/0h,P1|CT|F3,P1,F3,CT,P1|CT,,ok_hash,P1|CT|F3,train
ptx3_5_png.rf.jKwt368jwlClxFelzVnq.png,ptx3 5,SKOV,0,ptx3_5.tiff,SKOV/0h,P1|PTX|F15,P1,F15,PTX,P1|PTX,,ok_hash,P1|PTX|F15,train
D8 24HR 2_png.rf.6LVfhov35InNNnP8TyCy.png,d8 24hr 2,HUVEC,24,D8 24HR 2.tiff,HUVEC/24h,originais||None||D8,originais,D8,None,HUVEC|None,,ok_hash,originais||None||D8,train
A4 24HR 1_png.rf.75GZJLc3WH0k8HUxjdH2.png,a4 24hr 1,HUVEC,24,A4 24HR 1.tiff,HUVEC/24h,originais||None||A4,originais,A4,None,HUVEC|None,,ok_hash,SHARED__A4,train
D8 24HR 1_png.rf.N3wjvhmJtPekb934O9zh.png,d8 24hr 1,HUVEC,24,D8 24HR 1.tiff,HUVEC/24h,originais||None||D8,originais,D8,None,HUVEC|None,,ok_hash,originais||None||D8,train
A7 24HR 2_png.rf.SRRzbIVNAwhQfC9WQUcS.png,a7 24hr 2,HUVEC,24,A7 24HR 2.tiff,HUVEC/24h,originais||None||A7,originais,A7,None,HUVEC|None,,ok_hash,SHARED__A7,train
A7 24HR 2_png.rf.lcDe029TgbPSpfrW0Pay.png,a7 24hr 2,HUVEC,24,A7 24HR 2 (2).tiff,HUVEC/24h,Originais (1)||None||A7,Originais (1),A7,None,HUVEC|None,,ok_hash,SHARED__A7,train
E2 12H 2_png.rf.fbTGkq2d4G0KjXGVXnMl.png,e2 12h 2,HUVEC,12,E2 12H 2.tiff,HUVEC/12h,LUIS RAW||PEP||E2,LUIS RAW,E2,PEP,HUVEC|PEP,,ok_hash,LUIS RAW||PEP||E2,train
E2 8H 1_png.rf.gvQssAqfXsQcZbrYTdOM.png,e2 8h 1,HUVEC,8,E2 8H 1.tiff,HUVEC/8h,LUIS RAW||PEP||E2,LUIS RAW,E2,PEP,HUVEC|PEP,,ok_hash,LUIS RAW||PEP||E2,train
D5 8HR 1_png.rf.vyyVbmUWui3Zf5tfphsL.png,d5 8hr 1,HUVEC,8,D5 8HR 1.tiff,HUVEC/8h,originais||None||D5,originais,D5,None,HUVEC|None,,ok_hash,originais||None||D5,train
Snap-39_166_png.rf.5gvQkXC8fgXYVuIF4f7T.png,snap-39,SKOV,48,Snap-39 (2).tiff,SKOV/48h,P1|GEO|F8,P1,F8,GEO,P1|GEO,,ok_hash,P1|GEO|F8,train
Snap-39_259_png.rf.66NggF7aoR1cBAe7oHvS.png,snap-39,SKOV,72,Snap-39.tiff,SKOV/72h,P1|GEO+PTX|F4,P1,F4,GEO+PTX,P1|GEO+PTX,,ok_hash,P1|GEO+PTX|F4,val
Snap-39_png.rf.B5ZdhBp8JGAo6JQji9gU.png,snap-39,SKOV,0,Snap-39.tiff,SKOV/0h,P2|GEO|F8,P2,F8,GEO,P2|GEO,,ok_hash,P2|GEO|F8,test
Snap-39_226_png.rf.3eKRFoC6EkRrFYfUCzwm.png,snap-39,SKOV,24,Snap-39 (2).tiff,SKOV/24h,P1|GEO|F8,P1,F8,GEO,P1|GEO,,ok_hash,P1|GEO|F8,train
Snap-39_77_png.rf.FBpms3tKgC2fVOg0pxu7.png,snap-39,SKOV,24,Snap-39.tiff,SKOV/24h,P2|GEO|F8,P2,F8,GEO,P2|GEO,,ok_hash,P2|GEO|F8,test
Snap-39_32_png.rf.rJ1yCNkW0jfcy0HevE1x.png,snap-39,SKOV,48,Snap-39.tiff,SKOV/48h,P2|GEO|F9,P2,F9,GEO,P2|GEO,,ok_hash,P2|GEO|F9,train
Snap-46_266_png.rf.BVQ9Gkip9wHmusHLwlcZ.png,snap-46,SKOV,72,Snap-46.tiff,SKOV/72h,P1|GEO+PTX|F11,P1,F11,GEO+PTX,P1|GEO+PTX,,ok_hash,P1|GEO+PTX|F11,train
ct1_2_png.rf.vkrzhchwAd8VGhBZotAn.png,ct1 2,SKOV,0,ct1_2.tiff,SKOV/0h,P1|CT|F2,P1,F2,CT,P1|CT,,ok_hash,P1|CT|F2,train
A8 24HR 2_png.rf.Lw1lmr6rn3jDJKeQy2Q6.png,a8 24hr 2,HUVEC,24,A8 24HR 2.tiff,HUVEC/24h,originais||None||A8,originais,A8,None,HUVEC|None,,ok_hash,SHARED__A8,val
D7 24HR 1_png.rf.gKqLhMBk6iKbxeuE7E9M.png,d7 24hr 1,HUVEC,24,D7 24HR 1.tiff,HUVEC/24h,originais||None||D7,originais,D7,None,HUVEC|None,,ok_hash,originais||None||D7,val
D7 12HR 1_png.rf.dFUzUezEiRccyrBtvl3h.png,d7 12hr 1,HUVEC,12,D7 12HR 1.tiff,HUVEC/12h,originais||None||D7,originais,D7,None,HUVEC|None,,ok_hash,originais||None||D7,val
D2 12HR 2_png.rf.cdEKsHuOo9GguaFeEKg2.png,d2 12hr 2,HUVEC,12,D2 12HR 2.tiff,HUVEC/12h,originais||None||D2,originais,D2,None,HUVEC|None,,ok_hash,SHARED__D2,train
D2 12HR 2_png.rf.x5aDDK0avFZphVb6GVcP.png,d2 12hr 2,HUVEC,12,D2 12HR 2 (2).tiff,HUVEC/12h,Originais (1)||None||D2,Originais (1),D2,None,HUVEC|None,,ok_hash,SHARED__D2,train
ct2_3_png.rf.05gH6Q4BVtzjbT8GvpXk.png,ct2 3,SKOV,0,ct2_3.tiff,SKOV/0h,P1|CT|F8,P1,F8,CT,P1|CT,,ok_hash,P1|CT|F8,train
D8 12HR 2_png.rf.nN3nI8qkxWm9AYmHegxJ.png,d8 12hr 2,HUVEC,12,D8 12HR 2.tiff,HUVEC/12h,originais||None||D8,originais,D8,None,HUVEC|None,,ok_hash,originais||None||D8,train
B5 12HR 2_png.rf.mSR2WAZaiHT4hljqFuAE.png,b5 12hr 2,HUVEC,12,B5 12HR 2.tiff,HUVEC/12h,originais||None||B5,originais,B5,None,HUVEC|None,,ok_hash,SHARED__B5,train
B5 12HR 2_png.rf.EZH0RYIN3t8Q75rFyebV.png,b5 12hr 2,HUVEC,12,B5 12HR 2 (2).tiff,HUVEC/12h,Originais (1)||None||B5,Originais (1),B5,None,HUVEC|None,,ok_hash,SHARED__B5,train
B3 24HR 1_png.rf.NESZSvWD763fZVOB2H7p.png,b3 24hr 1,HUVEC,24,B3 24HR 1.tiff,HUVEC/24h,originais||None||B3,originais,B3,None,HUVEC|None,,ok_hash,SHARED__B3,train
D6 12HR 2_png.rf.b2OIk6z10hZKIcL3Adz4.png,d6 12hr 2,HUVEC,12,D6 12HR 2.tiff,HUVEC/12h,originais||None||D6,originais,D6,None,HUVEC|None,,ok_hash,originais||None||D6,test
D1 12HR 2_png.rf.c61b9Qj6PnDGEcivk5oi.png,d1 12hr 2,HUVEC,12,D1 12HR 2.tiff,HUVEC/12h,originais||None||D1,originais,D1,None,HUVEC|None,,ok_hash,SHARED__D1,train
D1 12HR 2_png.rf.E03XFlEmMbe4CLEeQ5L0.png,d1 12hr 2,HUVEC,12,D1 12HR 2 (2).tiff,HUVEC/12h,Originais (1)||None||D1,Originais (1),D1,None,HUVEC|None,,ok_hash,SHARED__D1,train
D6 24HR 1_png.rf.cspql52EbA0tNLqOTHCN.png,d6 24hr 1,HUVEC,24,D6 24HR 1.tiff,HUVEC/24h,originais||None||D6,originais,D6,None,HUVEC|None,,ok_hash,originais||None||D6,test
A7 24HR 1_png.rf.g2n0dmWrD3DPjmYcwrqW.png,a7 24hr 1,HUVEC,24,A7 24HR 1.tiff,HUVEC/24h,originais||None||A7,originais,A7,None,HUVEC|None,,ok_hash,SHARED__A7,train
A4 24HR 2_png.rf.kbXfdYMvDsXs7RdkqPlg.png,a4 24hr 2,HUVEC,24,A4 24HR 2.tiff,HUVEC/24h,originais||None||A4,originais,A4,None,HUVEC|None,,ok_hash,SHARED__A4,train
D5 24HR 1_png.rf.sDFAJWdDjqdrITgZldmr.png,d5 24hr 1,HUVEC,24,D5 24HR 1.tiff,HUVEC/24h,originais||None||D5,originais,D5,None,HUVEC|None,,ok_hash,originais||None||D5,train
D1 12HR 1_png.rf.Sa5pwYNBsukEYVE7qdCO.png,d1 12hr 1,HUVEC,12,D1 12HR 1.tiff,HUVEC/12h,originais||None||D1,originais,D1,None,HUVEC|None,,ok_hash,SHARED__D1,train
D1 12HR 1_png.rf.mtvtObh31Z25eXwo4BTB.png,d1 12hr 1,HUVEC,12,D1 12HR 1 (2).tiff,HUVEC/12h,Originais (1)||None||D1,Originais (1),D1,None,HUVEC|None,,ok_hash,SHARED__D1,train
C4 0H 1_png.rf.eniwLok0jjLj5a0AzzkR.png,c4 0h 1,HUVEC,0,C4 0H 1.tiff,HUVEC/0h,Migração (PET e PEP) n1 - RAW||PEP + NEB 1uM||C4,Migração (PET e PEP) n1 - RAW,C4,PEP + NEB 1uM,HUVEC|PEP + NEB 1uM,,ok_hash,Migração (PET e PEP) n1 - RAW||PEP + NEB 1uM||C4,train
E3 12H 2_png.rf.esL3AMsWdCfWIQtjIH0Y.png,e3 12h 2,HUVEC,12,E3 12H 2 (2).tiff,HUVEC/12h,Migração (PET e PEP) n1 - RAW||PET||E3,Migração (PET e PEP) n1 - RAW,E3,PET,HUVEC|PET,,ok_hash,Migração (PET e PEP) n1 - RAW||PET||E3,train
E3 12H 2_png.rf.kcUAws5TekLflfAvhxNY.png,e3 12h 2,HUVEC,12,E3 12H 2.tiff,HUVEC/12h,LUIS RAW||PEP+MET3||E3,LUIS RAW,E3,PEP+MET3,HUVEC|PEP+MET3,,ok_hash,LUIS RAW||PEP+MET3||E3,train
E3 0H 2_png.rf.j7ovIenZ5HDYMGZQIqDG.png,e3 0h 2,HUVEC,0,E3 0H 2 (2).tiff,HUVEC/0h,Migração (PET e PEP) n1 - RAW||PET||E3,Migração (PET e PEP) n1 - RAW,E3,PET,HUVEC|PET,,ok_hash,Migração (PET e PEP) n1 - RAW||PET||E3,train
C4 0H 2_png.rf.qOkZenYZh8qMMZYL5Xtl.png,c4 0h 2,HUVEC,0,C4 0H 2.tiff,HUVEC/0h,Migração (PET e PEP) n1 - RAW||PEP + NEB 1uM||C4,Migração (PET e PEP) n1 - RAW,C4,PEP + NEB 1uM,HUVEC|PEP + NEB 1uM,,ok_hash,Migração (PET e PEP) n1 - RAW||PEP + NEB 1uM||C4,train
E3 0H 1_png.rf.oCpQxeTo3GfI3SKhPtZw.png,e3 0h 1,HUVEC,0,E3 0H 1 (2).tiff,HUVEC/0h,Migração (PET e PEP) n1 - RAW||PET||E3,Migração (PET e PEP) n1 - RAW,E3,PET,HUVEC|PET,,ok_hash,Migração (PET e PEP) n1 - RAW||PET||E3,train
E3 0H 1_png.rf.y1L8LGZtCBb5mYaRh30F.png,e3 0h 1,HUVEC,0,E3 0H 1.tiff,HUVEC/0h,LUIS RAW||PEP+MET3||E3,LUIS RAW,E3,PEP+MET3,HUVEC|PEP+MET3,,ok_hash,LUIS RAW||PEP+MET3||E3,train
B2 24HR 1_png.rf.w7qTzWrN9asmVRPi0TyM.png,b2 24hr 1,HUVEC,24,B2 24HR 1.tiff,HUVEC/24h,originais||None||B2,originais,B2,None,HUVEC|None,,ok_hash,SHARED__B2,test
ptx3_2_png.rf.83PwRP4WO592IOLoTAYo.png,ptx3 2,SKOV,0,ptx3_2.tiff,SKOV/0h,P1|PTX|F12,P1,F12,PTX,P1|PTX,,ok_hash,P1|PTX|F12,train
D7 0HR 2_png.rf.mGRaJg4oy22iduWPW8lr.png,d7 0hr 2,HUVEC,0,D7 0HR 2.tiff,HUVEC/0h,originais||None||D7,originais,D7,None,HUVEC|None,,ok_hash,originais||None||D7,val
ptx2_3_png.rf.6nkf49DKAANKUxGN7G1n.png,ptx2 3,SKOV,0,ptx2_3.tiff,SKOV/0h,P1|PTX|F8,P1,F8,PTX,P1|PTX,,ok_hash,P1|PTX|F8,train
A4 0H 2_png.rf.01eh205oAFDjBIMIeEV2.png,a4 0h 2,HUVEC,0,A4 0H 2.tiff,HUVEC/0h,LUIS RAW||PEP+MCC||A4,LUIS RAW,A4,PEP+MCC,HUVEC|PEP+MCC,,ok_hash,LUIS RAW||PEP+MCC||A4,val
ct2_4_png.rf.LwbtYPKdSnLjWIVRn6Bb.png,ct2 4,SKOV,0,ct2_4.tiff,SKOV/0h,P1|CT|F9,P1,F9,CT,P1|CT,,ok_hash,P1|CT|F9,train
ptx3_3_png.rf.Lwqe4rLJr5ezAgBTPW9x.png,ptx3 3,SKOV,0,ptx3_3.tiff,SKOV/0h,P1|PTX|F13,P1,F13,PTX,P1|PTX,,ok_hash,P1|PTX|F13,train
ptx2_4_png.rf.YEH27Bh4es5Hup4qomsA.png,ptx2 4,SKOV,0,ptx2_4.tiff,SKOV/0h,P1|PTX|F9,P1,F9,PTX,P1|PTX,,ok_hash,P1|PTX|F9,train
ptx1_3_png.rf.bncOGXvomWmfQYVg0GEu.png,ptx1 3,SKOV,0,ptx1_3.tiff,SKOV/0h,P1|PTX|F3,P1,F3,PTX,P1|PTX,,ok_hash,P1|PTX|F3,val
ct2_5_png.rf.V6uuFIT0hRf8VvfkI0ft.png,ct2 5,SKOV,0,ct2_5.tiff,SKOV/0h,P1|CT|F10,P1,F10,CT,P1|CT,,ok_hash,P1|CT|F10,train
A3 12HR 1_png.rf.QtmN1H5n1Ty17BJqAu6s.png,a3 12hr 1,HUVEC,12,A3 12HR 1.tiff,HUVEC/12h,originais||None||A3,originais,A3,None,HUVEC|None,,ok_hash,SHARED__A3,train
A3 12HR 1_png.rf.FMJp1T7Nqa8Rw6RzP58W.png,a3 12hr 1,HUVEC,12,A3 12HR 1 (2).tiff,HUVEC/12h,Originais (1)||None||A3,Originais (1),A3,None,HUVEC|None,,ok_hash,SHARED__A3,train
B7 24HR 1_png.rf.ZCqTWe79sQfSyxgwns1L.png,b7 24hr 1,HUVEC,24,B7 24HR 1.tiff,HUVEC/24h,originais||None||B7,originais,B7,None,HUVEC|None,,ok_hash,SHARED__B7,val
D4 24HR 2_png.rf.aSdWjnYDFFICPSVHPh41.png,d4 24hr 2,HUVEC,24,D4 24HR 2.tiff,HUVEC/24h,originais||None||D4,originais,D4,None,HUVEC|None,,ok_hash,originais||None||D4,train
C5 12HR 2_png.rf.0ajhdgJgl6tuFZJYRfas.png,c5 12hr 2,HUVEC,12,C5 12HR 2.tiff,HUVEC/12h,Originais (1)||None||C5,Originais (1),C5,None,HUVEC|None,,ok_hash,Originais (1)||None||C5,train
B5 24HR 1_png.rf.TJTLDoAzR6YqhVVqJjBV.png,b5 24hr 1,HUVEC,24,B5 24HR 1.tiff,HUVEC/24h,originais||None||B5,originais,B5,None,HUVEC|None,,ok_hash,SHARED__B5,train
B7 24HR 2_png.rf.sLRnKiW7AKt55yPdOdBZ.png,b7 24hr 2,HUVEC,24,B7 24HR 2.tiff,HUVEC/24h,originais||None||B7,originais,B7,None,HUVEC|None,,ok_hash,SHARED__B7,val
D6 24HR 2_png.rf.flYMY7ymoZijlh3kbj6H.png,d6 24hr 2,HUVEC,24,D6 24HR 2.tiff,HUVEC/24h,originais||None||D6,originais,D6,None,HUVEC|None,,ok_hash,originais||None||D6,test
C5 12HR 1_png.rf.88yPD8uIUGh6X426Q3LJ.png,c5 12hr 1,HUVEC,12,C5 12HR 1.tiff,HUVEC/12h,Originais (1)||None||C5,Originais (1),C5,None,HUVEC|None,,ok_hash,Originais (1)||None||C5,train
C8 12HR 2_png.rf.DCKU7lcCERvfS3ttYwjV.png,c8 12hr 2,HUVEC,12,C8 12HR 2.tiff,HUVEC/12h,Originais (1)||None||C8,Originais (1),C8,None,HUVEC|None,,ok_hash,Originais (1)||None||C8,train
A3 24HR 2_png.rf.veAAJvQ7Awbgl7YllARv.png,a3 24hr 2,HUVEC,24,A3 24HR 2.tiff,HUVEC/24h,originais||None||A3,originais,A3,None,HUVEC|None,,ok_hash,SHARED__A3,train
E7 24H 2_png.rf.0p851GwUgWID7MWXKlH0.png,e7 24h 2,HUVEC,24,E7 24H 2.tiff,HUVEC/24h,LUIS RAW||PEP+MCC||E7,LUIS RAW,E7,PEP+MCC,HUVEC|PEP+MCC,,ok_hash,LUIS RAW||PEP+MCC||E7,train
F2 12H 2_png.rf.2goGI5xvDCGG2PJZ8Its.png,f2 12h 2,HUVEC,12,F2 12H 2.tiff,HUVEC/12h,LUIS RAW||PET||F2,LUIS RAW,F2,PET,HUVEC|PET,,ok_hash,LUIS RAW||PET||F2,train
F1 0H 1_png.rf.2zfG93hU1T5TFNLY48HE.png,f1 0h 1,HUVEC,0,F1 0H 1.tiff,HUVEC/0h,LUIS RAW||PET||F1,LUIS RAW,F1,PET,HUVEC|PET,,ok_hash,LUIS RAW||PET||F1,test
E8 8H 2_png.rf.5GUYmQeSRhuOm2CXkDiG.png,e8 8h 2,HUVEC,8,E8 8H 2.tiff,HUVEC/8h,LUIS RAW||PEP+MCC||E8,LUIS RAW,E8,PEP+MCC,HUVEC|PEP+MCC,,ok_hash,LUIS RAW||PEP+MCC||E8,train
B8 12H 2_png.rf.5acnuK4ItVvkpgIISiR0.png,b8 12h 2,HUVEC,12,B8 12H 2.tiff,HUVEC/12h,LUIS RAW||PEP+MCC||B8,LUIS RAW,B8,PEP+MCC,HUVEC|PEP+MCC,,ok_hash,LUIS RAW||PEP+MCC||B8,train
B8 12H 1_png.rf.3avH25HpjUEx5nx0LOpQ.png,b8 12h 1,HUVEC,12,B8 12H 1.tiff,HUVEC/12h,LUIS RAW||PEP+MCC||B8,LUIS RAW,B8,PEP+MCC,HUVEC|PEP+MCC,,ok_hash,LUIS RAW||PEP+MCC||B8,train
E5 24H 1_png.rf.vIXfSHGOepyu5FFjdqML.png,e5 24h 1,HUVEC,24,E5 24H 1 (2).tiff,HUVEC/24h,Migração (PET e PEP) n1 - RAW||PET||E5,Migração (PET e PEP) n1 - RAW,E5,PET,HUVEC|PET,,ok_hash,Migração (PET e PEP) n1 - RAW||PET||E5,test
E5 12H 1_png.rf.vKjtC2NdhKnfpZY8ceRO.png,e5 12h 1,HUVEC,12,E5 12H 1 (2).tiff,HUVEC/12h,Migração (PET e PEP) n1 - RAW||PET||E5,Migração (PET e PEP) n1 - RAW,E5,PET,HUVEC|PET,,ok_hash,Migração (PET e PEP) n1 - RAW||PET||E5,test
E5 12H 1_png.rf.8sspdrcmkdLQ9hLnLrVq.png,e5 12h 1,HUVEC,12,E5 12H 1.tiff,HUVEC/12h,LUIS RAW||PEP+GB||E5,LUIS RAW,E5,PEP+GB,HUVEC|PEP+GB,,ok_hash,LUIS RAW||PEP+GB||E5,train
C4 8H 2_png.rf.xf4fX4AvjWKAhdVeX8wx.png,c4 8h 2,HUVEC,8,C4 8H 2.tiff,HUVEC/8h,Migração (PET e PEP) n1 - RAW||PEP + NEB 1uM||C4,Migração (PET e PEP) n1 - RAW,C4,PEP + NEB 1uM,HUVEC|PEP + NEB 1uM,,ok_hash,Migração (PET e PEP) n1 - RAW||PEP + NEB 1uM||C4,train
D5 8H 2_png.rf.155Q0oMDYSwLghgKcHcD.png,d5 8h 2,HUVEC,8,D5 8H 2 (2).tiff,HUVEC/8h,Migração (PET e PEP) n1 - RAW||PET + NEB 5uM||D5,Migração (PET e PEP) n1 - RAW,D5,PET + NEB 5uM,HUVEC|PET + NEB 5uM,,ok_hash,Migração (PET e PEP) n1 - RAW||PET + NEB 5uM||D5,train
C4 12H 1_png.rf.nxObaX6CWz1uDD74w2Bh.png,c4 12h 1,HUVEC,12,C4 12H 1.tiff,HUVEC/12h,Migração (PET e PEP) n1 - RAW||PEP + NEB 1uM||C4,Migração (PET e PEP) n1 - RAW,C4,PEP + NEB 1uM,HUVEC|PEP + NEB 1uM,,ok_hash,Migração (PET e PEP) n1 - RAW||PEP + NEB 1uM||C4,train
C5 24H 2_png.rf.1BqtMMJEWOuzOCOM43Zl.png,c5 24h 2,HUVEC,24,C5 24H 2 (2).tiff,HUVEC/24h,Migração (PET e PEP) n1 - RAW||PET + NEB 1uM||C5,Migração (PET e PEP) n1 - RAW,C5,PET + NEB 1uM,HUVEC|PET + NEB 1uM,,ok_hash,Migração (PET e PEP) n1 - RAW||PET + NEB 1uM||C5,train
Snap-11_145_png.rf.3ge56gMacLMVyGcpZzLe.png,snap-11,SKOV,48,Snap-11 (2).tiff,SKOV/48h,P1|CT|F11,P1,F11,CT,P1|CT,,ok_hash,P1|CT|F11,train
Snap-11_249_png.rf.6QpMCQrXSp8HmL3wsQyY.png,snap-11,SKOV,72,Snap-11.tiff,SKOV/72h,P1|PTX|F6,P1,F6,PTX,P1|PTX,,ok_hash,P1|PTX|F6,test
D6 12HR 1_png.rf.ubRw3PS7ChSpjR6oUsaw.png,d6 12hr 1,HUVEC,12,D6 12HR 1.tiff,HUVEC/12h,originais||None||D6,originais,D6,None,HUVEC|None,,ok_hash,originais||None||D6,test
C6 12HR 1_png.rf.UmlOMTinnc6R2WwDO5mk.png,c6 12hr 1,HUVEC,12,C6 12HR 1.tiff,HUVEC/12h,Originais (1)||None||C6,Originais (1),C6,None,HUVEC|None,,ok_hash,Originais (1)||None||C6,val
C4 12HR 2_png.rf.VPTdgRzPEXTu9X5rWnHL.png,c4 12hr 2,HUVEC,12,C4 12HR 2.tiff,HUVEC/12h,Originais (1)||None||C4,Originais (1),C4,None,HUVEC|None,,ok_hash,Originais (1)||None||C4,train
C2 12HR 1_png.rf.l390bw2HqVpVFdkva9rC.png,c2 12hr 1,HUVEC,12,C2 12HR 1.tiff,HUVEC/12h,Originais (1)||None||C2,Originais (1),C2,None,HUVEC|None,,ok_hash,Originais (1)||None||C2,train
F1 8H 2_png.rf.FGAYlPy94IRnZ6nrdfwV.png,f1 8h 2,HUVEC,8,F1 8H 2.tiff,HUVEC/8h,LUIS RAW||PET||F1,LUIS RAW,F1,PET,HUVEC|PET,,ok_hash,LUIS RAW||PET||F1,test
E6 12H 1_png.rf.FCYlut0Z4tjhuOescn8N.png,e6 12h 1,HUVEC,12,E6 12H 1 (2).tiff,HUVEC/12h,Migração (PET e PEP) n1 - RAW||PET + NEB 5uM||E6,Migração (PET e PEP) n1 - RAW,E6,PET + NEB 5uM,HUVEC|PET + NEB 5uM,,ok_hash,Migração (PET e PEP) n1 - RAW||PET + NEB 5uM||E6,train
C7 12HR 1_png.rf.p7Qf3xN5TeeAvsXHE1uc.png,c7 12hr 1,HUVEC,12,C7 12HR 1.tiff,HUVEC/12h,Originais (1)||None||C7,Originais (1),C7,None,HUVEC|None,,ok_hash,Originais (1)||None||C7,train
C2 12HR 2_png.rf.oplRsLQxn4yXEH25o8WX.png,c2 12hr 2,HUVEC,12,C2 12HR 2.tiff,HUVEC/12h,Originais (1)||None||C2,Originais (1),C2,None,HUVEC|None,,ok_hash,Originais (1)||None||C2,train
A4 12H 2_png.rf.IIQI11pJfOdDB7Jzljj6.png,a4 12h 2,HUVEC,12,A4 12H 2.tiff,HUVEC/12h,LUIS RAW||PEP+MCC||A4,LUIS RAW,A4,PEP+MCC,HUVEC|PEP+MCC,,ok_hash,LUIS RAW||PEP+MCC||A4,val
D5 8H 1_png.rf.8Smwv1CdXBGgbbyDxfuB.png,d5 8h 1,HUVEC,8,D5 8H 1.tiff,HUVEC/8h,LUIS RAW||PET||D5,LUIS RAW,D5,PET,HUVEC|PET,,ok_hash,LUIS RAW||PET||D5,train
D5 8H 1_png.rf.PMf85Kc0bDhtSs7nKJJ9.png,d5 8h 1,HUVEC,8,D5 8H 1 (2).tiff,HUVEC/8h,Migração (PET e PEP) n1 - RAW||PET + NEB 5uM||D5,Migração (PET e PEP) n1 - RAW,D5,PET + NEB 5uM,HUVEC|PET + NEB 5uM,,ok_hash,Migração (PET e PEP) n1 - RAW||PET + NEB 5uM||D5,train
A8 24H 2_png.rf.AzWxHWfd8wEnR1h6JyIh.png,a8 24h 2,HUVEC,24,A8 24H 2.tiff,HUVEC/24h,LUIS RAW||PEP+MCC||A8,LUIS RAW,A8,PEP+MCC,HUVEC|PEP+MCC,,ok_hash,LUIS RAW||PEP+MCC||A8,test
F1 12H 1_png.rf.8XL2il33ZXaeuRNGBBvy.png,f1 12h 1,HUVEC,12,F1 12H 1.tiff,HUVEC/12h,LUIS RAW||PET||F1,LUIS RAW,F1,PET,HUVEC|PET,,ok_hash,LUIS RAW||PET||F1,test
D5 24H 1_png.rf.4M4oOwvm60w9FPoTDdeM.png,d5 24h 1,HUVEC,24,D5 24H 1 (2).tiff,HUVEC/24h,Migração (PET e PEP) n1 - RAW||PET + NEB 5uM||D5,Migração (PET e PEP) n1 - RAW,D5,PET + NEB 5uM,HUVEC|PET + NEB 5uM,,ok_hash,Migração (PET e PEP) n1 - RAW||PET + NEB 5uM||D5,train
E5 8H 1_png.rf.5xYSB6ASuppCwHZp8BkN.png,e5 8h 1,HUVEC,8,E5 8H 1 (2).tiff,HUVEC/8h,Migração (PET e PEP) n1 - RAW||PET||E5,Migração (PET e PEP) n1 - RAW,E5,PET,HUVEC|PET,,ok_hash,Migração (PET e PEP) n1 - RAW||PET||E5,test
E5 8H 1_png.rf.oN4y0TzU89hopazD41ga.png,e5 8h 1,HUVEC,8,E5 8H 1.tiff,HUVEC/8h,LUIS RAW||PEP+GB||E5,LUIS RAW,E5,PEP+GB,HUVEC|PEP+GB,,ok_hash,LUIS RAW||PEP+GB||E5,train
B6 0H 1_png.rf.MFc9QeJCWIVdMpa93qS5.png,b6 0h 1,HUVEC,0,B6 0H 1 (2).tiff,HUVEC/0h,Migração (PET e PEP) n1 - RAW||PET + NEB 1uM||B6,Migração (PET e PEP) n1 - RAW,B6,PET + NEB 1uM,HUVEC|PET + NEB 1uM,,ok_hash,Migração (PET e PEP) n1 - RAW||PET + NEB 1uM||B6,train
C5 24H 1_png.rf.GRabFdMEvh7NdJQw7srC.png,c5 24h 1,HUVEC,24,C5 24H 1 (2).tiff,HUVEC/24h,Migração (PET e PEP) n1 - RAW||PET + NEB 1uM||C5,Migração (PET e PEP) n1 - RAW,C5,PET + NEB 1uM,HUVEC|PET + NEB 1uM,,ok_hash,Migração (PET e PEP) n1 - RAW||PET + NEB 1uM||C5,train
E7 0H 2_png.rf.LHnsmSxvc7BZBKZiBntY.png,e7 0h 2,HUVEC,0,E7 0H 2.tiff,HUVEC/0h,LUIS RAW||PEP+MCC||E7,LUIS RAW,E7,PEP+MCC,HUVEC|PEP+MCC,,ok_hash,LUIS RAW||PEP+MCC||E7,train
B6 12H 1_png.rf.rSqnFKQYJQ2JAtTTJxhO.png,b6 12h 1,HUVEC,12,B6 12H 1.tiff,HUVEC/12h,LUIS RAW||PEP+MET3||B6,LUIS RAW,B6,PEP+MET3,HUVEC|PEP+MET3,,ok_hash,LUIS RAW||PEP+MET3||B6,test
B6 12H 1_png.rf.TVdjz6cp4LXRKZDaIkDu.png,b6 12h 1,HUVEC,12,B6 12H 1 (2).tiff,HUVEC/12h,Migração (PET e PEP) n1 - RAW||PET + NEB 1uM||B6,Migração (PET e PEP) n1 - RAW,B6,PET + NEB 1uM,HUVEC|PET + NEB 1uM,,ok_hash,Migração (PET e PEP) n1 - RAW||PET + NEB 1uM||B6,train
A8 8H 2_png.rf.Jysjrtl7lUHCdurIWwdE.png,a8 8h 2,HUVEC,8,A8 8H 2.tiff,HUVEC/8h,LUIS RAW||PEP+MCC||A8,LUIS RAW,A8,PEP+MCC,HUVEC|PEP+MCC,,ok_hash,LUIS RAW||PEP+MCC||A8,test
E3 24H 1_png.rf.tATYWxcxFlWEDmhIT0aP.png,e3 24h 1,HUVEC,24,E3 24H 1.tiff,HUVEC/24h,LUIS RAW||PEP+MET3||E3,LUIS RAW,E3,PEP+MET3,HUVEC|PEP+MET3,,ok_hash,LUIS RAW||PEP+MET3||E3,train
A6 12H 1_png.rf.ttiuv3CjzGc6GvMTytlM.png,a6 12h 1,HUVEC,12,A6 12H 1.tiff,HUVEC/12h,LUIS RAW||PEP+MET3||A6,LUIS RAW,A6,PEP+MET3,HUVEC|PEP+MET3,,ok_hash,LUIS RAW||PEP+MET3||A6,train
A6 0H 2_png.rf.xTjPOuBdGBBEAQh6qzcS.png,a6 0h 2,HUVEC,0,A6 0H 2.tiff,HUVEC/0h,LUIS RAW||PEP+MET3||A6,LUIS RAW,A6,PEP+MET3,HUVEC|PEP+MET3,,ok_hash,LUIS RAW||PEP+MET3||A6,train
A5 24H 2_png.rf.8OQnMFYAjQVtHBF6vJjx.png,a5 24h 2,HUVEC,24,A5 24H 2.tiff,HUVEC/24h,LUIS RAW||PEP||A5,LUIS RAW,A5,PEP,HUVEC|PEP,,ok_hash,LUIS RAW||PEP||A5,test
C5 0H 2_png.rf.UQiYCwrvqp79phsQH2z3.png,c5 0h 2,HUVEC,0,C5 0H 2 (2).tiff,HUVEC/0h,Migração (PET e PEP) n1 - RAW||PET + NEB 1uM||C5,Migração (PET e PEP) n1 - RAW,C5,PET + NEB 1uM,HUVEC|PET + NEB 1uM,,ok_hash,Migração (PET e PEP) n1 - RAW||PET + NEB 1uM||C5,train
E6 8H 2_png.rf.1GadChaQmbQISRH9BRKf.png,e6 8h 2,HUVEC,8,E6 8H 2 (2).tiff,HUVEC/8h,Migração (PET e PEP) n1 - RAW||PET + NEB 5uM||E6,Migração (PET e PEP) n1 - RAW,E6,PET + NEB 5uM,HUVEC|PET + NEB 5uM,,ok_hash,Migração (PET e PEP) n1 - RAW||PET + NEB 5uM||E6,train
E6 8H 2_png.rf.hEmiyn8BWhtuUW3q3YCM.png,e6 8h 2,HUVEC,8,E6 8H 2.tiff,HUVEC/8h,LUIS RAW||PEP+GB||E6,LUIS RAW,E6,PEP+GB,HUVEC|PEP+GB,,ok_hash,LUIS RAW||PEP+GB||E6,train
B6 0H 2_png.rf.GBItdIXjWvldR5xw6WAZ.png,b6 0h 2,HUVEC,0,B6 0H 2 (2).tiff,HUVEC/0h,Migração (PET e PEP) n1 - RAW||PET + NEB 1uM||B6,Migração (PET e PEP) n1 - RAW,B6,PET + NEB 1uM,HUVEC|PET + NEB 1uM,,ok_hash,Migração (PET e PEP) n1 - RAW||PET + NEB 1uM||B6,train
B6 0H 2_png.rf.W8rwB6ecHS5ndhWG6kfs.png,b6 0h 2,HUVEC,0,B6 0H 2.tiff,HUVEC/0h,LUIS RAW||PEP+MET3||B6,LUIS RAW,B6,PEP+MET3,HUVEC|PEP+MET3,,ok_hash,LUIS RAW||PEP+MET3||B6,test
E6 0H 1_png.rf.POLlPvbzIXFuKVcMzKwy.png,e6 0h 1,HUVEC,0,E6 0H 1 (2).tiff,HUVEC/0h,Migração (PET e PEP) n1 - RAW||PET + NEB 5uM||E6,Migração (PET e PEP) n1 - RAW,E6,PET + NEB 5uM,HUVEC|PET + NEB 5uM,,ok_hash,Migração (PET e PEP) n1 - RAW||PET + NEB 5uM||E6,train
E6 0H 1_png.rf.u3wMj5y8VskesnR8YfCZ.png,e6 0h 1,HUVEC,0,E6 0H 1.tiff,HUVEC/0h,LUIS RAW||PEP+GB||E6,LUIS RAW,E6,PEP+GB,HUVEC|PEP+GB,,ok_hash,LUIS RAW||PEP+GB||E6,train
B6 12H 2_png.rf.ZutkmldyzzqngSKDFxC9.png,b6 12h 2,HUVEC,12,B6 12H 2 (2).tiff,HUVEC/12h,Migração (PET e PEP) n1 - RAW||PET + NEB 1uM||B6,Migração (PET e PEP) n1 - RAW,B6,PET + NEB 1uM,HUVEC|PET + NEB 1uM,,ok_hash,Migração (PET e PEP) n1 - RAW||PET + NEB 1uM||B6,train
B6 12H 2_png.rf.2PmOlFypgqIOwtOkSoZR.png,b6 12h 2,HUVEC,12,B6 12H 2.tiff,HUVEC/12h,LUIS RAW||PEP+MET3||B6,LUIS RAW,B6,PEP+MET3,HUVEC|PEP+MET3,,ok_hash,LUIS RAW||PEP+MET3||B6,test
C5 8H 2_png.rf.Su3UAyP9dztNqZtfn0u1.png,c5 8h 2,HUVEC,8,C5 8H 2 (2).tiff,HUVEC/8h,Migração (PET e PEP) n1 - RAW||PET + NEB 1uM||C5,Migração (PET e PEP) n1 - RAW,C5,PET + NEB 1uM,HUVEC|PET + NEB 1uM,,ok_hash,Migração (PET e PEP) n1 - RAW||PET + NEB 1uM||C5,train
B5 0H 1_png.rf.htjXZjR6bZGr7BAinqzk.png,b5 0h 1,HUVEC,0,B5 0H 1 (2).tiff,HUVEC/0h,Migração (PET e PEP) n1 - RAW||PEP||B5,Migração (PET e PEP) n1 - RAW,B5,PEP,HUVEC|PEP,,ok_hash,Migração (PET e PEP) n1 - RAW||PEP||B5,train
E2 0H 2_png.rf.D6csVI0NoWz6NH3Kg8Dt.png,e2 0h 2,HUVEC,0,E2 0H 2.tiff,HUVEC/0h,LUIS RAW||PEP||E2,LUIS RAW,E2,PEP,HUVEC|PEP,,ok_hash,LUIS RAW||PEP||E2,train
B7 24H 2_png.rf.Evks9BfmmHZJPCnJMfCZ.png,b7 24h 2,HUVEC,24,B7 24H 2.tiff,HUVEC/24h,LUIS RAW||PEP+GB||B7,LUIS RAW,B7,PEP+GB,HUVEC|PEP+GB,,ok_hash,LUIS RAW||PEP+GB||B7,val
E2 24H 2_png.rf.OkQ3OV9gV6pcZfmThdcD.png,e2 24h 2,HUVEC,24,E2 24H 2.tiff,HUVEC/24h,LUIS RAW||PEP||E2,LUIS RAW,E2,PEP,HUVEC|PEP,,ok_hash,LUIS RAW||PEP||E2,train
A7 12H 1_png.rf.BUdmQD8lNWeuuRTsWHDX.png,a7 12h 1,HUVEC,12,A7 12H 1.tiff,HUVEC/12h,LUIS RAW||PEP+GB||A7,LUIS RAW,A7,PEP+GB,HUVEC|PEP+GB,,ok_hash,LUIS RAW||PEP+GB||A7,train
E1 0H 1_png.rf.O4klFnPAFBZQG7ZiiWoa.png,e1 0h 1,HUVEC,0,E1 0H 1.tiff,HUVEC/0h,LUIS RAW||PEP||E1,LUIS RAW,E1,PEP,HUVEC|PEP,,ok_hash,LUIS RAW||PEP||E1,train
A5 0H 2_png.rf.OPqxCgJcEFfem7zDL9Cm.png,a5 0h 2,HUVEC,0,A5 0H 2.tiff,HUVEC/0h,LUIS RAW||PEP||A5,LUIS RAW,A5,PEP,HUVEC|PEP,,ok_hash,LUIS RAW||PEP||A5,test
E2 24H 1_png.rf.VxLQou4jD5XrkR8hVVEa.png,e2 24h 1,HUVEC,24,E2 24H 1.tiff,HUVEC/24h,LUIS RAW||PEP||E2,LUIS RAW,E2,PEP,HUVEC|PEP,,ok_hash,LUIS RAW||PEP||E2,train
A4 0H 1_png.rf.QvGfBsZY0oJLzm60bfmZ.png,a4 0h 1,HUVEC,0,A4 0H 1.tiff,HUVEC/0h,LUIS RAW||PEP+MCC||A4,LUIS RAW,A4,PEP+MCC,HUVEC|PEP+MCC,,ok_hash,LUIS RAW||PEP+MCC||A4,val
A6 12H 2_png.rf.bsoBQRnwC6AtJ5KRBKDv.png,a6 12h 2,HUVEC,12,A6 12H 2.tiff,HUVEC/12h,LUIS RAW||PEP+MET3||A6,LUIS RAW,A6,PEP+MET3,HUVEC|PEP+MET3,,ok_hash,LUIS RAW||PEP+MET3||A6,train
E8 24H 2_png.rf.gNM1Bn8YQmrvmSNIufBH.png,e8 24h 2,HUVEC,24,E8 24H 2.tiff,HUVEC/24h,LUIS RAW||PEP+MCC||E8,LUIS RAW,E8,PEP+MCC,HUVEC|PEP+MCC,,ok_hash,LUIS RAW||PEP+MCC||E8,train
E8 0H 2_png.rf.HgcExEkIzmfKL57kfj0O.png,e8 0h 2,HUVEC,0,E8 0H 2.tiff,HUVEC/0h,LUIS RAW||PEP+MCC||E8,LUIS RAW,E8,PEP+MCC,HUVEC|PEP+MCC,,ok_hash,LUIS RAW||PEP+MCC||E8,train
E4 0H 2_png.rf.D2SNVZ4DM6E3vV5L6s4U.png,e4 0h 2,HUVEC,0,E4 0H 2.tiff,HUVEC/0h,LUIS RAW||PEP+MET3||E4,LUIS RAW,E4,PEP+MET3,HUVEC|PEP+MET3,,ok_hash,LUIS RAW||PEP+MET3||E4,train
E7 12H 1_png.rf.PoHYxxOK1nnblWJy1poC.png,e7 12h 1,HUVEC,12,E7 12H 1.tiff,HUVEC/12h,LUIS RAW||PEP+MCC||E7,LUIS RAW,E7,PEP+MCC,HUVEC|PEP+MCC,,ok_hash,LUIS RAW||PEP+MCC||E7,train
A7 0H 2_png.rf.kEPVCcmc0LCQaEhObbck.png,a7 0h 2,HUVEC,0,A7 0H 2.tiff,HUVEC/0h,LUIS RAW||PEP+GB||A7,LUIS RAW,A7,PEP+GB,HUVEC|PEP+GB,,ok_hash,LUIS RAW||PEP+GB||A7,train
A5 0H 1_png.rf.nBR9GItMllk66biMKebZ.png,a5 0h 1,HUVEC,0,A5 0H 1.tiff,HUVEC/0h,LUIS RAW||PEP||A5,LUIS RAW,A5,PEP,HUVEC|PEP,,ok_hash,LUIS RAW||PEP||A5,test
A7 8H 2_png.rf.Z4XPzmz707V96twR8syf.png,a7 8h 2,HUVEC,8,A7 8H 2.tiff,HUVEC/8h,LUIS RAW||PEP+GB||A7,LUIS RAW,A7,PEP+GB,HUVEC|PEP+GB,,ok_hash,LUIS RAW||PEP+GB||A7,train
E1 0H 2_png.rf.dwk6Z6HVga7ttj23PmV9.png,e1 0h 2,HUVEC,0,E1 0H 2.tiff,HUVEC/0h,LUIS RAW||PEP||E1,LUIS RAW,E1,PEP,HUVEC|PEP,,ok_hash,LUIS RAW||PEP||E1,train
B7 0H 1_png.rf.qyPkI4Uc25HXxwIDzzb2.png,b7 0h 1,HUVEC,0,B7 0H 1.tiff,HUVEC/0h,LUIS RAW||PEP+GB||B7,LUIS RAW,B7,PEP+GB,HUVEC|PEP+GB,,ok_hash,LUIS RAW||PEP+GB||B7,val
E8 24H 1_png.rf.NCtTwuOdCGdNV1jvRInG.png,e8 24h 1,HUVEC,24,E8 24H 1.tiff,HUVEC/24h,LUIS RAW||PEP+MCC||E8,LUIS RAW,E8,PEP+MCC,HUVEC|PEP+MCC,,ok_hash,LUIS RAW||PEP+MCC||E8,train
E8 0H 1_png.rf.QW6ssGm9E4YMOA62gaG3.png,e8 0h 1,HUVEC,0,E8 0H 1.tiff,HUVEC/0h,LUIS RAW||PEP+MCC||E8,LUIS RAW,E8,PEP+MCC,HUVEC|PEP+MCC,,ok_hash,LUIS RAW||PEP+MCC||E8,train
E8 12H 2_png.rf.RuYB2xY0oOAkpMia9akW.png,e8 12h 2,HUVEC,12,E8 12H 2.tiff,HUVEC/12h,LUIS RAW||PEP+MCC||E8,LUIS RAW,E8,PEP+MCC,HUVEC|PEP+MCC,,ok_hash,LUIS RAW||PEP+MCC||E8,train
F2 12H 1_png.rf.h05DU2gxBlXL6JdotHmg.png,f2 12h 1,HUVEC,12,F2 12H 1.tiff,HUVEC/12h,LUIS RAW||PET||F2,LUIS RAW,F2,PET,HUVEC|PET,,ok_hash,LUIS RAW||PET||F2,train
A8 0H 1_png.rf.Y70C9nwsZe8IHbVjQ7ye.png,a8 0h 1,HUVEC,0,A8 0H 1.tiff,HUVEC/0h,LUIS RAW||PEP+MCC||A8,LUIS RAW,A8,PEP+MCC,HUVEC|PEP+MCC,,ok_hash,LUIS RAW||PEP+MCC||A8,test
F1 8H 1_png.rf.lx0WrFx5ug5XjuqCnrYl.png,f1 8h 1,HUVEC,8,F1 8H 1.tiff,HUVEC/8h,LUIS RAW||PET||F1,LUIS RAW,F1,PET,HUVEC|PET,,ok_hash,LUIS RAW||PET||F1,test
E5 8H 2_png.rf.qiYtP4UGzE4Bcbq2kdNv.png,e5 8h 2,HUVEC,8,E5 8H 2.tiff,HUVEC/8h,LUIS RAW||PEP+GB||E5,LUIS RAW,E5,PEP+GB,HUVEC|PEP+GB,,ok_hash,LUIS RAW||PEP+GB||E5,train
A6 0H 1_png.rf.rKpcg4iYJ50H0XfmG98n.png,a6 0h 1,HUVEC,0,A6 0H 1.tiff,HUVEC/0h,LUIS RAW||PEP+MET3||A6,LUIS RAW,A6,PEP+MET3,HUVEC|PEP+MET3,,ok_hash,LUIS RAW||PEP+MET3||A6,train
D4 8HR 2_png.rf.1gESfR3nmJtUf5QdqE6H.png,d4 8hr 2,HUVEC,8,D4 8HR 2.tiff,HUVEC/8h,originais||None||D4,originais,D4,None,HUVEC|None,,ok_hash,originais||None||D4,train
A5 8H 2_png.rf.4o4SKpkxBwxgcOfuL3Zi.png,a5 8h 2,HUVEC,8,A5 8H 2.tiff,HUVEC/8h,LUIS RAW||PEP||A5,LUIS RAW,A5,PEP,HUVEC|PEP,,ok_hash,LUIS RAW||PEP||A5,test
D8 0HR 1_png.rf.7wO0dPzIcA0LI4de0quS.png,d8 0hr 1,HUVEC,0,D8 0HR 1.tiff,HUVEC/0h,originais||None||D8,originais,D8,None,HUVEC|None,,ok_hash,originais||None||D8,train
E2 0H 1_png.rf.8Js9pcr7Y57hPhl7o33A.png,e2 0h 1,HUVEC,0,E2 0H 1.tiff,HUVEC/0h,LUIS RAW||PEP||E2,LUIS RAW,E2,PEP,HUVEC|PEP,,ok_hash,LUIS RAW||PEP||E2,train
A5 12H 2_png.rf.BpoWxZBoZP9BlwUXbmuz.png,a5 12h 2,HUVEC,12,A5 12H 2.tiff,HUVEC/12h,LUIS RAW||PEP||A5,LUIS RAW,A5,PEP,HUVEC|PEP,,ok_hash,LUIS RAW||PEP||A5,test
