arquivo_b,stem_normalizado,arquivo_a,pasta_a,linha_celular,well_campo,timepoint_h,similaridade,margem_2o_melhor,status,experimento,tratamento,creation_dt,lote,trat_huvec,ctx_ambiguo
scale_png.rf.67BkO6CAUlcTHtOu390R.png,scale,,,,,,,,descartado_scale,,,,,,
Snap-59_scale_png.rf.gdUxLFTshj7bf5TmYn0U.png,snap-59,,,,,,,,descartado_scale,,,,,,
A2 8h 2_png.rf.3ZQSDMzMCCEjeEEpMLRI.png,a2 8h 2,A2 8h 2.tiff,HUVEC/8h,HUVEC,A2,8,0.9634,0.0,ambiguo,,,,Controle,,
A2 8H 2_png.rf.IpJ4MtWtbGzE5G2qM41m.png,a2 8h 2,A2 8H 2 (4).tiff,HUVEC/8h,HUVEC,A2,8,1.0,0.4659,ok,,,,Migração (PET e PEP) n3 - RAW,,
A2 8H 2_png.rf.7oLJskKDBKhwtDpwzZqy.png,a2 8h 2,A2 8H 2 (3).tiff,HUVEC/8h,HUVEC,A2,8,1.0,0.2211,ok,,,,Migração (PET e PEP) n2 - RAW,PEP,
A2 8H 2_png.rf.kZ7SBz8DB3BAcafMWMxz.png,a2 8h 2,A2 8H 2 (2).tiff,HUVEC/8h,HUVEC,A2,8,1.0,1.152,ok,,,,LUIS RAW,PEP+MET3,
B2 12hr 1_png.rf.5gyL9evissmrGzsSLEAN.png,b2 12hr 1,B2 12hr 1.tiff,HUVEC/12h,HUVEC,B2,12,0.4175,0.2991,ambiguo,,,,Controle,,
B2 12HR 1_png.rf.FwucefXu7N8eJexkEaUa.png,b2 12hr 1,B2 12HR 1 (2).tiff,HUVEC/12h,HUVEC,B2,12,1.0,0.86,ok,,,,Originais (1),,
B2 12hr 1_png.rf.UxcbtO0l2izDJyfYDkL3.png,b2 12hr 1,,,HUVEC,B2,12,,,sem_candidato,,,,,,
B2 12HR 1_png.rf.w4CHV1tZNpptkrhPRYlw.png,b2 12hr 1,,,HUVEC,B2,12,,,sem_candidato,,,,,,
B2 8hr 2_png.rf.IC0TVwKjwn6ZT1tg5Ayc.png,b2 8hr 2,B2 8hr 2.tiff,HUVEC/8h,HUVEC,B2,8,0.9678,0.06,ok,,,,Controle,,
B2 8HR 2_png.rf.d5SKUoUKuKOaQUQwpC9U.png,b2 8hr 2,B2 8HR 2 (2).tiff,HUVEC/8h,HUVEC,B2,8,1.0,0.0873,ok,,,,Originais (1),,
B2 8hr 2_png.rf.cVpeDQhlWEBD1zht7jp9.png,b2 8hr 2,,,HUVEC,B2,8,,,sem_candidato,,,,,,
B2 8HR 2_png.rf.CDPLfmkL04TkJQcPXF00.png,b2 8hr 2,,,HUVEC,B2,8,,,sem_candidato,,,,,,
A4 12hr 2_png.rf.BAu6tJBDY6cRZV3MNUCm.png,a4 12hr 2,A4 12hr 2.tiff,HUVEC/12h,HUVEC,A4,12,0.9562,0.1863,ok,,,,Controle,,
A4 12HR 2_png.rf.rpQDqLFh0SaadBHHtKo3.png,a4 12hr 2,,,HUVEC,A4,12,,,sem_candidato,,,,,,
A4 12HR 2_png.rf.fXF7CNUNvvrtslE85Hem.png,a4 12hr 2,A4 12HR 2 (2).tiff,HUVEC/12h,HUVEC,A4,12,1.0,0.2325,ok,,,,Originais (1),,
B3 8HR 1_png.rf.1lxskQttQuNZ6jmrtim1.png,b3 8hr 1,B3 8HR 1 (2).tiff,HUVEC/8h,HUVEC,B3,8,1.0,0.4065,ok,,,,Originais (1),,
B3 8hr_1_png.rf.MRR11Hqlfmu6ZYq3vSSJ.png,b3 8hr 1,B3 8hr_1.tiff,HUVEC/8h,HUVEC,B3,8,0.5421,0.3725,ambiguo,,,,Controle,,
B3 8hr_1_png.rf.txxSmsq228gvXlUcivy5.png,b3 8hr 1,B3 8hr 1.tiff,HUVEC/8h,HUVEC,B3,8,0.9393,0.3205,ok,,,,Saudável,,
B3 8HR 1_png.rf.6Vj56bqRTpLweyb6RKuh.png,b3 8hr 1,,,HUVEC,B3,8,,,sem_candidato,,,,,,
A2 12hr 2_png.rf.LZSQW45nx6ui5c5DjElv.png,a2 12hr 2,A2 12hr 2.tiff,HUVEC/12h,HUVEC,A2,12,0.9509,0.0,ambiguo,,,,Controle,,
A2 12HR 2_png.rf.tXrld1QaxXbx1JWZQy7N.png,a2 12hr 2,A2 12hr 2.tiff,HUVEC/A2.TIFF,HUVEC,A2,12,0.6227,-0.02,ambiguo,,,,Controle,,
A2 12HR 2_png.rf.3dhTnd2ZF1zKT3cvy2au.png,a2 12hr 2,A2 12HR 2 (2).tiff,HUVEC/12h,HUVEC,A2,12,1.0,0.4973,ok,,,,Originais (1),,
B5 0hr 2_png.rf.If2IuTwPnX9XldLzwVK8.png,b5 0hr 2,,,HUVEC,B5,0,,,sem_candidato,,,,,,
B5 0HR 2_png.rf.MUU0CWJgRWrZIA9N0J2X.png,b5 0hr 2,B5 0HR 2 (2).tiff,HUVEC/0h,HUVEC,B5,0,1.0,0.2849,ok,,,,Originais (1),,
B5 0hr 2_png.rf.Mbtwmh8BRXDfa2NX4XQj.png,b5 0hr 2,B5 0hr 2.tiff,HUVEC/0h,HUVEC,B5,0,0.9608,0.2236,ok,,,,Pré-Eclâmpsia,,
B5 0HR 2_png.rf.9vT6ovCVyNe6dvR4soOv.png,b5 0hr 2,,,HUVEC,B5,0,,,sem_candidato,,,,,,
A2 12hr_1_png.rf.6rEheJw5tSaKOU3wPVHa.png,a2 12hr 1,A2 12hr_1.tiff,HUVEC/12h,HUVEC,A2,12,0.2705,0.2691,ambiguo,,,,Controle,,
A2 12hr 1_png.rf.YNt3kQagLoSoQV5wSNXl.png,a2 12hr 1,A2 12hr 1.tiff,HUVEC/12h,HUVEC,A2,12,0.9616,0.1439,ok,,,,Controle,,
A2 12HR 1_png.rf.zOnjlCgAe6Ku1WITrzJE.png,a2 12hr 1,A2 12HR 1 (2).tiff,HUVEC/12h,HUVEC,A2,12,1.0,0.1978,ok,,,,Originais (1),,
A2 12HR 1_png.rf.oEQlyOq4mvi3JdVRjcDN.png,a2 12hr 1,,,HUVEC,A2,12,,,sem_candidato,,,,,,
D2 8HR 2_png.rf.C3Vh2MekC1rLcH3tPoI6.png,d2 8hr 2,D2 8HR 2 (2).tiff,HUVEC/8h,HUVEC,D2,8,1.0,0.3634,ok,,,,Originais (1),,
D2 8HR 2_png.rf.YcyTJYm2GVlCsfaBYmGr.png,d2 8hr 2,D2 8HR 2.tiff,HUVEC/8h,HUVEC,D2,8,1.0,0.3634,ok,,,,originais,,
B4 8HR 2_png.rf.8ZXNesln0KJyFcN0jnmJ.png,b4 8hr 2,B4 8HR 2 (2).tiff,HUVEC/8h,HUVEC,B4,8,1.0,0.186,ok,,,,Originais (1),,
B4 8HR 2_png.rf.1obyWX2VOZmLG9pLiKQR.png,b4 8hr 2,B4 8HR 2.tiff,HUVEC/8h,HUVEC,B4,8,1.0,0.186,ok,,,,originais,,
A4 8h 1_png.rf.wzNbwvhm0kl6bKa5E0vn.png,a4 8h 1,A4 8h 1.tiff,HUVEC/8h,HUVEC,A4,8,0.9664,0.9973,ok,,,,Controle,,
A4 8H 1_png.rf.xYdpZhVubRh3iT6eQ8kR.png,a4 8h 1,A4 8H 1 (2).tiff,HUVEC/8h,HUVEC,A4,8,1.0,0.9812,ok,,,,LUIS RAW,PEP+MCC,
A2 8hr 1_png.rf.4aLjXPuqHOVMkWPtoetx.png,a2 8hr 1,A2 8hr 1.tiff,HUVEC/8h,HUVEC,A2,8,0.4865,0.041,ambiguo,,,,Controle,,
A2 8HR 1_png.rf.xwxfhZzqnfwRhWbm5XTm.png,a2 8hr 1,A2 8HR 1 (2).tiff,HUVEC/8h,HUVEC,A2,8,1.0,0.5226,ok,,,,Originais (1),,
A2 8HR 1_png.rf.sm0Tu7r9j7BYepnmxxKe.png,a2 8hr 1,,,HUVEC,A2,8,,,sem_candidato,,,,,,
B1 8hr 1_png.rf.xNkp4JfkmuylOQerzD1Q.png,b1 8hr 1,B1 8hr 1.tiff,HUVEC/8h,HUVEC,B1,8,0.9712,0.0781,ok,,,,Controle,,
B1 8HR 1_png.rf.9FGwh76Bow1u3ZnPlz20.png,b1 8hr 1,B1 8HR 1 (2).tiff,HUVEC/8h,HUVEC,B1,8,1.0,0.1074,ok,,,,Originais (1),,
B1 8hr 1_png.rf.pwZlWzk9sZA3CwldABe9.png,b1 8hr 1,,,HUVEC,B1,8,,,sem_candidato,,,,,,
B1 8HR 1_png.rf.AMXvM5M5gyDuLKC5DTa9.png,b1 8hr 1,,,HUVEC,B1,8,,,sem_candidato,,,,,,
A3 8h 2_png.rf.yUJVyfA3TgvQSnAssZvg.png,a3 8h 2,A3 8h 2.tiff,HUVEC/8h,HUVEC,A3,8,0.9583,0.3929,ok,,,,Controle,,
A3 8H 2_png.rf.Jd8eqN8fihgALwNrv3MY.png,a3 8h 2,A3 8H 2 (4).tiff,HUVEC/8h,HUVEC,A3,8,1.0,0.6114,ok,,,,Migração (PET e PEP) n3 - RAW,,
A3 8H 2_png.rf.CmBhS871NJCTamYiDSzR.png,a3 8h 2,A3 8H 2 (3).tiff,HUVEC/8h,HUVEC,A3,8,1.0,0.419,ok,,,,Migração (PET e PEP) n2 - RAW,PEP,
A3 8H 2_png.rf.B5nEx5FtZ9JTiEjZrHJb.png,a3 8h 2,A3 8H 2 (2).tiff,HUVEC/8h,HUVEC,A3,8,1.0,0.4191,ok,,,,LUIS RAW,PEP+GB,
Snap-48_5_png.rf.cqWnY0bh8WHNUbPpOr1X.png,snap-48,Snap-48.tiff,SKOV/48h,SKOV,snap-48,48,0.9995,0.1881,ok,P2,CARBO+GEO,,,,
Snap-48_png.rf.gFj32XMP1AE8ivadgFZ2.png,snap-48,Snap-48.tiff,SKOV/0h,SKOV,snap-48,0,0.9998,0.1891,ok,P2,CARBO+GEO,,,,
Snap-48_263_png.rf.m3ZXyMmPHbQPpj19hAhv.png,snap-48,Snap-48.tiff,SKOV/72h,SKOV,snap-48,72,0.9996,0.264,ok,P1,GEO+PTX,,,,
Snap-48_110_png.rf.6W4SsaL8UNRSLJ5llLr8.png,snap-48,Snap-48.tiff,SKOV/24h,SKOV,snap-48,24,0.9995,0.2,ok,P2,CARBO+GEO,,,,
Snap-48_214_png.rf.W39NuOZewyYyiyIabBmm.png,snap-48,Snap-48 (2).tiff,SKOV/24h,SKOV,snap-48,24,0.9996,0.19,ok,P1,GEO+PTX,,,,
Snap-48_154_png.rf.V7qG7LsfdmdR0HUAFpGy.png,snap-48,Snap-48 (2).tiff,SKOV/48h,SKOV,snap-48,48,0.9995,0.2167,ok,P1,GEO+PTX,,,,
D2 24HR 1_png.rf.0Jc5AqWrC0xlQHOOQxyb.png,d2 24hr 1,D2 24HR 1 (2).tiff,HUVEC/24h,HUVEC,D2,24,1.0,0.4297,ok,,,,Originais (1),,
D2 24HR 1_png.rf.kDCpBVsZKPoWXu9h8Ot1.png,d2 24hr 1,D2 24HR 1.tiff,HUVEC/24h,HUVEC,D2,24,1.0,0.4297,ok,,,,originais,,
B2 8hr 1_png.rf.OXjyxpLiDUhYtlxAYXfv.png,b2 8hr 1,,,HUVEC,B2,8,,,sem_candidato,,,,,,
B2 8hr 1_png.rf.vGxP5rZkLK5MWiN0XW6M.png,b2 8hr 1,,,HUVEC,B2,8,,,sem_candidato,,,,,,
B2 8HR 1_png.rf.lg2ZKkivuwGiadmG9MEX.png,b2 8hr 1,B2 8HR 1 (2).tiff,HUVEC/8h,HUVEC,B2,8,1.0,0.1818,ok,,,,Originais (1),,
B2 8hr_1_png.rf.gJVngl5zbziuDPotvty9.png,b2 8hr 1,B2 8hr_1.tiff,HUVEC/8h,HUVEC,B2,8,0.891,0.1187,ok,,,,Saudável,,
B2 8hr 1_png.rf.wqLelQqFzkxSN8knUxYi.png,b2 8hr 1,B2 8hr 1 (1).tiff,HUVEC/8h,HUVEC,B2,8,0.9707,0.1487,ok,,,,Controle,,
B2 8hr 1_png.rf.9Dk92mCSquMPc3aIhMLS.png,b2 8hr 1,,,HUVEC,B2,8,,,sem_candidato,,,,,,
B2 8HR 1_png.rf.yDRw8b992nssA36AG9VH.png,b2 8hr 1,B2 8hr 1.tiff,HUVEC/8h,HUVEC,B2,8,0.4921,-0.3499,ambiguo,,,,Controle,,
C6 8HR 1_png.rf.LzXYa6hwLhDPIyF9Vnhm.png,c6 8hr 1,C6 8HR 1.tiff,HUVEC/8h,HUVEC,C6,8,1.0,,ok,,,,Originais (1),,
B1_8hr 2_png.rf.XKx5gS3ghJ7c4u8nIxAL.png,b1 8hr 2,B1_8hr 2.tiff,HUVEC/8h,HUVEC,B1,8,0.9395,0.0,ambiguo,,,,Controle,,
B1 8hr 2_png.rf.L73Y3X4Dx7HELGkPVNlg.png,b1 8hr 2,,,HUVEC,B1,8,,,sem_candidato,,,,,,
B1 8HR 2_png.rf.QL7rySDMj4R5jb45K8vq.png,b1 8hr 2,B1 8HR 2 (2).tiff,HUVEC/8h,HUVEC,B1,8,1.0,0.2299,ok,,,,Originais (1),,
B1 8HR 2_png.rf.QKXzmdKQE41ccuWFgbwS.png,b1 8hr 2,B1 8hr 2.tiff,HUVEC/8h,HUVEC,B1,8,0.4598,-0.0574,ambiguo,,,,Controle,,
Snap-58_209_png.rf.dbUw0s4aSvUw7mzdslRe.png,snap-58,Snap-58 (2).tiff,SKOV/24h,SKOV,snap-58,24,0.9997,0.1862,ok,P1,GEO+PTX,,,,
Snap-58_png.rf.5bdBujv1yq4UbPqw35L3.png,snap-58,Snap-58.tiff,SKOV/0h,SKOV,snap-58,0,0.9998,0.1931,ok,P2,CARBO+GEO,,,,
Snap-58_105_png.rf.S6dGBs8nCJirevpjONB2.png,snap-58,Snap-58.tiff,SKOV/24h,SKOV,snap-58,24,0.9953,0.1902,ok,P2,CARBO+GEO,,,,
Snap-58_149_png.rf.gGNFmJIkalAHR9rJANe3.png,snap-58,Snap-58 (2).tiff,SKOV/48h,SKOV,snap-58,48,0.9996,0.1873,ok,P1,GEO+PTX,,,,
Snap-58_0_png.rf.LwKLpPTz09rttth9yXyJ.png,snap-58,Snap-58.tiff,SKOV/48h,SKOV,snap-58,48,0.9994,0.2262,ok,P2,CARBO+GEO,,,,
B3 8HR 2_png.rf.0ng2hlYGkGmIuFw7pcZV.png,b3 8hr 2,B3 8HR 2 (2).tiff,HUVEC/8h,HUVEC,B3,8,1.0,0.1962,ok,,,,Originais (1),,
B3 8HR 2_png.rf.y0RoLUIBqx2jlBm8spIT.png,b3 8hr 2,B3 8HR 2.tiff,HUVEC/8h,HUVEC,B3,8,1.0,0.1962,ok,,,,originais,,
A1 24HR 1_png.rf.1ApDRLrpQqSCaPcShIOu.png,a1 24hr 1,A1 24HR 1 (2).tiff,HUVEC/24h,HUVEC,A1,24,1.0,0.7262,ok,,,,Originais (1),,
A1 24hr 1_png.rf.LkrEN1mHJhJhYU2lmydg.png,a1 24hr 1,A1 24hr 1.tiff,HUVEC/24h,HUVEC,A1,24,0.5364,0.2038,ambiguo,,,,Controle,,
A1 24HR 1_png.rf.psHGzfQFFYu0q9OMf12P.png,a1 24hr 1,,,HUVEC,A1,24,,,sem_candidato,,,,,,
Snap-59_152_png.rf.epaimzc0srccqJG6nJAH.png,snap-59,Snap-59 (2).tiff,SKOV/48h,SKOV,snap-59,48,0.9995,0.1465,ok,P1,GEO+PTX,,,,
Snap-59_png.rf.QAzP72FtBpszeTf2Mrk5.png,snap-59,Snap-59.tiff,SKOV/0h,SKOV,snap-59,0,0.9998,0.1468,ok,P2,CARBO+GEO,,,,
Snap-59_108_png.rf.pcjqa4byhXHVWqchoMza.png,snap-59,Snap-59.tiff,SKOV/24h,SKOV,snap-59,24,0.997,0.2019,ok,P2,CARBO+GEO,,,,
Snap-59_3_png.rf.GOvQjtVZo8TiQHDmnSM2.png,snap-59,Snap-59.tiff,SKOV/48h,SKOV,snap-59,48,0.9996,0.1669,ok,P2,CARBO+GEO,,,,
Snap-59_212_png.rf.mFpPNMwFcq90Zp1o20IQ.png,snap-59,Snap-59 (2).tiff,SKOV/24h,SKOV,snap-59,24,0.9996,0.1709,ok,P1,GEO+PTX,,,,
Snap-09_140_png.rf.MLfBljl6KhYw7N82HEXA.png,snap-9,Snap-09 (2).tiff,SKOV/48h,SKOV,snap-9,48,0.9994,0.1598,ok,P1,CT,,,,
Snap-09_245_png.rf.Sk2QN2VbMrtgID67t9q5.png,snap-9,Snap-09.tiff,SKOV/72h,SKOV,snap-9,72,0.9993,0.3111,ok,P1,PTX,,,,
Snap-09_200_png.rf.T1DuJr60ClWyEIrNPE9K.png,snap-9,Snap-09 (2).tiff,SKOV/24h,SKOV,snap-9,24,0.9995,0.1335,ok,P1,CT,,,,
Snap-09_21_png.rf.eX9WeCW8GgIO8pb44zNf.png,snap-9,Snap-09.tiff,SKOV/48h,SKOV,snap-9,48,0.9995,0.1473,ok,P2,CT,,,,
Snap-09_png.rf.8rxFGfmpj3ofgVOjtLkE.png,snap-9,Snap-09.tiff,SKOV/0h,SKOV,snap-9,0,0.9998,0.134,ok,P2,CT,,,,
Snap-09_66_png.rf.DXbLfCegxmVs4TDoenmh.png,snap-9,Snap-09.tiff,SKOV/24h,SKOV,snap-9,24,0.9993,0.1964,ok,P2,CT,,,,
A2 24HR 2_png.rf.7v4xBMHObHaA3NuLPSjm.png,a2 24hr 2,A2 24HR 2 (2).tiff,HUVEC/24h,HUVEC,A2,24,1.0,0.2748,ok,,,,Originais (1),,
A2 24HR 2_png.rf.BDWEbOGVMFPOsxkHkO6A.png,a2 24hr 2,A2 24HR 2.tiff,HUVEC/24h,HUVEC,A2,24,1.0,0.2748,ok,,,,originais,,
C4 8HR 1_png.rf.SWDpLEy94U9PmlA9XW2A.png,c4 8hr 1,C4 8HR 1.tiff,HUVEC/8h,HUVEC,C4,8,1.0,,ok,,,,Originais (1),,
Snap-52_153_png.rf.jWozliFwqBh7FtxPjDhr.png,snap-52,Snap-52 (2).tiff,SKOV/48h,SKOV,snap-52,48,0.9995,0.2985,ok,P1,GEO+PTX,,,,
Snap-52_109_png.rf.uchITFihZ7aBNqGdXlak.png,snap-52,Snap-52.tiff,SKOV/24h,SKOV,snap-52,24,0.9996,0.2479,ok,P2,CARBO+GEO,,,,
Snap-52_213_png.rf.YrkkVK1Bonf3TxwPZWyE.png,snap-52,Snap-52 (2).tiff,SKOV/24h,SKOV,snap-52,24,0.9996,0.3038,ok,P1,GEO+PTX,,,,
Snap-52_png.rf.quPTO48loQ0BH1YV5D1Z.png,snap-52,Snap-52.tiff,SKOV/0h,SKOV,snap-52,0,0.9985,0.2462,ok,P2,CARBO+GEO,,,,
Snap-52_4_png.rf.QgOXnOk246Qj4V3lKXiq.png,snap-52,Snap-52.tiff,SKOV/48h,SKOV,snap-52,48,0.9995,0.2836,ok,P2,CARBO+GEO,,,,
C8 24HR 2_png.rf.89emK7tbJ4ArtvPfDi2F.png,c8 24hr 2,C8 24HR 2.tiff,HUVEC/24h,HUVEC,C8,24,1.0,,ok,,,,Originais (1),,
Snap-12_143_png.rf.Rm5zxWJpiG4cZ3oTCpJH.png,snap-12,Snap-12 (2).tiff,SKOV/48h,SKOV,snap-12,48,0.9994,0.1839,ok,P1,CT,,,,
Snap-12_69_png.rf.WicraKQ0CdhUH1IJtnIT.png,snap-12,Snap-12.tiff,SKOV/24h,SKOV,snap-12,24,0.9994,0.1295,ok,P2,CT,,,,
Snap-12_24_png.rf.Ru6LnkVq8ptg2oaXuud7.png,snap-12,Snap-12.tiff,SKOV/48h,SKOV,snap-12,48,0.9996,0.1296,ok,P2,CT,,,,
Snap-12_247_png.rf.bejYN9qav9OwHOvHDtwA.png,snap-12,Snap-12.tiff,SKOV/72h,SKOV,snap-12,72,0.9992,0.289,ok,P1,PTX,,,,
Snap-12_203_png.rf.JEql0PcElKuzYrOsXGDk.png,snap-12,Snap-12 (2).tiff,SKOV/24h,SKOV,snap-12,24,0.9995,0.1886,ok,P1,CT,,,,
Snap-12_png.rf.JaRx2jnw5N6x11Hp0geO.png,snap-12,Snap-12.tiff,SKOV/0h,SKOV,snap-12,0,0.9998,0.1299,ok,P2,CT,,,,
A3 24HR _png.rf.5mOrWeoDdCbiHpmsULlx.png,a3 24hr,A3 24HR .tiff,HUVEC/24h,HUVEC,A3,24,1.0,,ok,,,,Originais (1),,
A4 12hr 1_png.rf.XWAGCiM6UOAh8GvapFEg.png,a4 12hr 1,A4 12hr 1.tiff,HUVEC/12h,HUVEC,A4,12,0.9468,0.2937,ok,,,,Controle,,
A4 12HR 1_png.rf.dBXjee0yNJkn5uvIsedn.png,a4 12hr 1,A4 12HR 1 (2).tiff,HUVEC/12h,HUVEC,A4,12,1.0,0.3626,ok,,,,Originais (1),,
A4 12HR 1_png.rf.QTYICw9XjNE9ky97j1dh.png,a4 12hr 1,,,HUVEC,A4,12,,,sem_candidato,,,,,,
B8 8H 1_png.rf.aR8jpRAFVNgRDwOjlUoR.png,b8 8h 1,B8 8H 1.tiff,HUVEC/8h,HUVEC,B8,8,1.0,,ok,,,,LUIS RAW,PEP+MCC,
B8 0H 1_png.rf.VRh7efysiNi7AJTUXkt0.png,b8 0h 1,B8 0H 1.tiff,HUVEC/0h,HUVEC,B8,0,1.0,,ok,,,,LUIS RAW,PEP+MCC,
C7 8HR 2_png.rf.2dvwHn7EvY990K3vz72Z.png,c7 8hr 2,C7 8HR 2 (2).tiff,HUVEC/8h,HUVEC,C7,8,1.0,0.5781,ok,,,,Originais (1),,
C7 8hr 2_png.rf.V0K6p7rMxYZjaTtmW246.png,c7 8hr 2,C7 8hr 2.tiff,HUVEC/8h,HUVEC,C7,8,0.8442,0.3975,ok,,,,Pré-Eclâmpsia,,
D3 0HR 2_png.rf.xg8UuwFd0AAbsMueldhL.png,d3 0hr 2,D3 0HR 2 (2).tiff,HUVEC/0h,HUVEC,D3,0,1.0,0.4128,ok,,,,Originais (1),,
D3 0HR 2_png.rf.j8JuVxL68QInkMt5FJpM.png,d3 0hr 2,D3 0HR 2.tiff,HUVEC/0h,HUVEC,D3,0,1.0,0.4128,ok,,,,originais,,
Snap-08_246_png.rf.RqnG5jTrBo52eftjs5DV.png,snap-8,Snap-08.tiff,SKOV/72h,SKOV,snap-8,72,0.9992,0.2357,ok,P1,PTX,,,,
Snap-08_201_png.rf.chUbIWmSPfojmz0KJLAC.png,snap-8,Snap-08 (2).tiff,SKOV/24h,SKOV,snap-8,24,0.9995,0.2305,ok,P1,CT,,,,
Snap-08_67_png.rf.pJTf39K2wKaqnC1k9jIb.png,snap-8,Snap-08.tiff,SKOV/24h,SKOV,snap-8,24,0.9992,0.2556,ok,P2,CT,,,,
Snap-08_141_png.rf.xxwXm4vgaTgEnxfrDBvk.png,snap-8,Snap-08 (2).tiff,SKOV/48h,SKOV,snap-8,48,0.9994,0.2185,ok,P1,CT,,,,
Snap-08_png.rf.nMSmGWytV5eO27dMe1ee.png,snap-8,Snap-08.tiff,SKOV/0h,SKOV,snap-8,0,0.9996,0.1985,ok,P2,CT,,,,
Snap-08_22_png.rf.GCWDDmkNJNGxWqA6yAIT.png,snap-8,Snap-08.tiff,SKOV/48h,SKOV,snap-8,48,0.9995,0.198,ok,P2,CT,,,,
C8 8hr 1_png.rf.9Nm17LTxJEYER3hsq1MI.png,c8 8hr 1,C8 8hr 1.tiff,HUVEC/8h,HUVEC,C8,8,0.9109,0.2937,ok,,,,Pré-Eclâmpsia,,
C8 8HR 1_png.rf.D6drV1sVRsS2i9BLf4Zq.png,c8 8hr 1,C8 8HR 1 (2).tiff,HUVEC/8h,HUVEC,C8,8,1.0,0.3687,ok,,,,Originais (1),,
Snap-55_png.rf.mdqwr9JeLjcb6ofmfYgj.png,snap-55,Snap-55.tiff,SKOV/0h,SKOV,snap-55,0,0.9987,0.2016,ok,P2,CARBO+GEO,,,,
Snap-55_151_png.rf.HB3SBxZfAuHyuw16MFoY.png,snap-55,Snap-55 (2).tiff,SKOV/48h,SKOV,snap-55,48,0.9995,0.1452,ok,P1,GEO+PTX,,,,
Snap-55_2_png.rf.yBgBsBStUWm9nrHoWzT9.png,snap-55,Snap-55.tiff,SKOV/48h,SKOV,snap-55,48,0.9997,0.1453,ok,P2,CARBO+GEO,,,,
Snap-55_211_png.rf.EPNfhr87AJkv5f9UxEy5.png,snap-55,Snap-55 (2).tiff,SKOV/24h,SKOV,snap-55,24,0.9995,0.1939,ok,P1,GEO+PTX,,,,
Snap-55_107_png.rf.sR9Ln7DKRgZ1U7IHe31n.png,snap-55,Snap-55.tiff,SKOV/24h,SKOV,snap-55,24,0.9996,0.1598,ok,P2,CARBO+GEO,,,,
C2 8hr 2_png.rf.rQVAAegUPaNnrnxfZwFG.png,c2 8hr 2,C2 8hr 2.tiff,HUVEC/8h,HUVEC,C2,8,0.9477,0.3922,ok,,,,Pré-Eclâmpsia,,
C2 8HR 2_png.rf.FAjaOYFoSVkGWqoTepQb.png,c2 8hr 2,C2 8HR 2 (2).tiff,HUVEC/8h,HUVEC,C2,8,1.0,0.4333,ok,,,,Originais (1),,
Snap-50_217_png.rf.rf55ujFurc07N7cDRLSR.png,snap-50,Snap-50 (2).tiff,SKOV/24h,SKOV,snap-50,24,0.9997,0.1754,ok,P1,GEO+PTX,,,,
Snap-50_8_png.rf.GllVB6GPGv2m6wnXP8At.png,snap-50,Snap-50.tiff,SKOV/48h,SKOV,snap-50,48,0.9994,0.2215,ok,P2,CARBO+GEO,,,,
Snap-50_113_png.rf.tvrHilkt9qEzTsmrzhEz.png,snap-50,Snap-50.tiff,SKOV/24h,SKOV,snap-50,24,0.9995,0.1888,ok,P2,CARBO+GEO,,,,
Snap-50_157_png.rf.O8bQtgrO9JA4I4wWYrex.png,snap-50,Snap-50 (2).tiff,SKOV/48h,SKOV,snap-50,48,0.9997,0.1757,ok,P1,GEO+PTX,,,,
Snap-50_png.rf.HA7jd2gx3sJmNEaL5hJZ.png,snap-50,Snap-50.tiff,SKOV/0h,SKOV,snap-50,0,0.9975,0.2078,ok,P2,CARBO+GEO,,,,
B8 12hr 1_png.rf.shTHCf0lYwAgMJRKyceK.png,b8 12hr 1,B8 12hr 1.tiff,HUVEC/12h,HUVEC,B8,12,0.8868,0.3914,ok,,,,Pré-Eclâmpsia,,
B8 12hr 1_png.rf.iih8Y7cF2NixGIHCxYM5.png,b8 12hr 1,,,HUVEC,B8,12,,,sem_candidato,,,,,,
B8 12HR 1_png.rf.nI0MDsT82HP4ly7A64T9.png,b8 12hr 1,,,HUVEC,B8,12,,,sem_candidato,,,,,,
B8 12HR 1_png.rf.nFJGtYupFefeBl1Usry3.png,b8 12hr 1,B8 12HR 1 (2).tiff,HUVEC/12h,HUVEC,B8,12,1.0,0.511,ok,,,,Originais (1),,
C1 24HR 2_png.rf.9exsonf957zV0aCSSZs8.png,c1 24hr 2,C1 24HR 2.tiff,HUVEC/24h,HUVEC,C1,24,1.0,,ok,,,,Originais (1),,
C3 24HR 1_png.rf.pZgJEEa8LXWK8obYVuEZ.png,c3 24hr 1,C3 24HR 1.tiff,HUVEC/24h,HUVEC,C3,24,1.0,,ok,,,,Originais (1),,
B7 12HR 1_png.rf.tQR8sr43YTBxjNYm3tqF.png,b7 12hr 1,B7 12HR 1 (2).tiff,HUVEC/12h,HUVEC,B7,12,1.0,0.227,ok,,,,Originais (1),,
B7 12hr 1_png.rf.hlhcADdzO6iuhfQES5Fp.png,b7 12hr 1,B7 12hr 1.tiff,HUVEC/12h,HUVEC,B7,12,0.9662,0.188,ok,,,,Saudável,,
B7 12HR 1_png.rf.ctLu7rRENpG6jwIQGRSW.png,b7 12hr 1,,,HUVEC,B7,12,,,sem_candidato,,,,,,
B8 12HR 2_png.rf.CgwPldETMq6VOYEZmUsY.png,b8 12hr 2,B8 12HR 2 (2).tiff,HUVEC/12h,HUVEC,B8,12,1.0,0.4989,ok,,,,Originais (1),,
B8 12hr 2_png.rf.hBBqPLy4yOa4aCEa6DvE.png,b8 12hr 2,B8 12hr 2.tiff,HUVEC/12h,HUVEC,B8,12,0.9772,0.4806,ok,,,,Saudável,,
B8 12HR 2_png.rf.9iYVx629UA8lYga7s72P.png,b8 12hr 2,,,HUVEC,B8,12,,,sem_candidato,,,,,,
A1 24HR 2_png.rf.8ZCo4suYfwAmYJVAdrgi.png,a1 24hr 2,A1 24HR 2 (2).tiff,HUVEC/24h,HUVEC,A1,24,1.0,0.3044,ok,,,,Originais (1),,
A1 24HR 2_png.rf.QvfIHR0lQkYJbWTuhsBX.png,a1 24hr 2,A1 24HR 2.tiff,HUVEC/24h,HUVEC,A1,24,1.0,0.3044,ok,,,,originais,,
C7 8HR 1_png.rf.BLjG0NJpvYU22o7jYGgz.png,c7 8hr 1,C7 8HR 1 (2).tiff,HUVEC/8h,HUVEC,C7,8,1.0,0.3216,ok,,,,Originais (1),,
C7 8hr 1_png.rf.G3Sj8OMnkq6nHC5SOjbi.png,c7 8hr 1,C7 8hr 1.tiff,HUVEC/8h,HUVEC,C7,8,0.7433,0.0899,ambiguo,,,,Pré-Eclâmpsia,,
A5 0HR 2_png.rf.C9gm2A2fkupz9aW1u7b9.png,a5 0hr 2,A5 0HR 2 (2).tiff,HUVEC/0h,HUVEC,A5,0,1.0,0.5202,ok,,,,Originais (1),,
A5 0hr 2_png.rf.VU7ZStUnMIZCuBrc6l0k.png,a5 0hr 2,A5 0hr 2.tiff,HUVEC/0h,HUVEC,A5,0,0.6304,0.1574,ambiguo,,,,Pré-Eclâmpsia,,
A5 0HR 2_png.rf.Y8g6msImi3FtQjKV3Wp9.png,a5 0hr 2,,,HUVEC,A5,0,,,sem_candidato,,,,,,
A5 0hr_2_png.rf.JluxUjNY7fGnBncqTfdq.png,a5 0hr 2,A5 0hr_2.tiff,HUVEC/0h,HUVEC,A5,0,0.7753,0.2568,ok,,,,Pré-Eclâmpsia,,
C5 0HR 1_png.rf.Eq08r4rsYSmeLWqDM8ss.png,c5 0hr 1,C5 0HR 1.tiff,HUVEC/0h,HUVEC,C5,0,1.0,,ok,,,,Originais (1),,
B1 12hr 1_png.rf.Basp8dmX2exqZZBqydBx.png,b1 12hr 1,,,HUVEC,B1,12,,,sem_candidato,,,,,,
B1 12hr 1_png.rf.sRUPpw6VBKsEL7UWcuqg.png,b1 12hr 1,B1 12hr 1.tiff,HUVEC/12h,HUVEC,B1,12,0.9781,0.0745,ok,,,,Controle,,
B1 12hr_1_png.rf.dB4OztvLmzVa4BGq5jCN.png,b1 12hr 1,B1 12hr_1.tiff,HUVEC/12h,HUVEC,B1,12,0.9505,0.0184,ambiguo,,,,Saudável,,
B1 12hr 1_png.rf.MkOpH7SVtG5q4EYuFmK2.png,b1 12hr 1,,,HUVEC,B1,12,,,sem_candidato,,,,,,
B1 12HR 1_png.rf.iGQ0raXb1cPFjLpTE8Qs.png,b1 12hr 1,,,HUVEC,B1,12,,,sem_candidato,,,,,,
B1 12HR 1_png.rf.huPp6MA4TKEZBcGXSoLi.png,b1 12hr 1,B1 12HR 1 (2).tiff,HUVEC/12h,HUVEC,B1,12,1.0,0.2498,ok,,,,Originais (1),,
ct3_5_png.rf.rPD7kpqEkJ4PcSKpPkrP.png,ct3 5,ct3_5.tiff,SKOV/0h,SKOV,ct3_5,0,0.9997,,ok,P1,CT,,,,
B3 24h 1_png.rf.o0oNoNvk37LqpagxxqVo.png,b3 24h 1,B3 24h 1.tiff,HUVEC/24h,HUVEC,B3,24,0.5772,0.0872,ambiguo,,,,Pré-Eclâmpsia,,
B3 24H 1_png.rf.LPAu1wd0tAJfBCssFalf.png,b3 24h 1,B3 24H 1 (2).tiff,HUVEC/24h,HUVEC,B3,24,1.0,0.1357,ok,,,,LUIS RAW,PEP+GB,
B3 24h 1_png.rf.gZIWOhlU4NcXdxLLJJZ2.png,b3 24h 1,,,HUVEC,B3,24,,,sem_candidato,,,,,,
B3 24H 1_png.rf.qfRsFXKWsC6TWRFF9Taw.png,b3 24h 1,B3 24H 1 (5).tiff,HUVEC/24h,HUVEC,B3,24,1.0,0.1061,ok,,,,Migração (PET e PEP) n3 - RAW,,
B3 24H 1_png.rf.k1iUYr5vYuEMBpfuVe2f.png,b3 24h 1,B3 24H 1 (3).tiff,HUVEC/24h,HUVEC,B3,24,1.0,0.3567,ok,,,,Migração (PET e PEP) n1 - RAW,PEP,
B3 24H 1_png.rf.2JmsG9wGoR29jy6DRUHa.png,b3 24h 1,B3 24H 1 (4).tiff,HUVEC/24h,HUVEC,B3,24,1.0,0.1061,ok,,,,Migração (PET e PEP) n2 - RAW,PEP + NEB 5uM,
ct3_3_png.rf.vFYj9FMCGAqQ32xosxLR.png,ct3 3,ct3_3.tiff,SKOV/0h,SKOV,ct3_3,0,0.9995,,ok,P1,CT,,,,
C6 24HR 2_png.rf.tHaJIce9FVY7cZYg4n8E.png,c6 24hr 2,C6 24HR 2.tiff,HUVEC/24h,HUVEC,C6,24,1.0,,ok,,,,Originais (1),,
A5 24HR 1_png.rf.CpfIcPI5krfxTtJFGjKH.png,a5 24hr 1,A5 24HR 1 (2).tiff,HUVEC/24h,HUVEC,A5,24,1.0,0.1414,ok,,,,Originais (1),,
A5 24HR 1_png.rf.QWraD9H7IOqSfp8mznDQ.png,a5 24hr 1,A5 24HR 1.tiff,HUVEC/24h,HUVEC,A5,24,1.0,0.1414,ok,,,,originais,,
B4 0H 1_png.rf.UkNByK7H1jadGiO9HCAd.png,b4 0h 1,B4 0H 1.tiff,HUVEC/0h,HUVEC,B4,0,1.0,1.332,ok,,,,LUIS RAW,PEP+MCC,
B4 0H 1_png.rf.Dz8OAD8IKrZ4Bd7eyGpT.png,b4 0h 1,B4 0H 1 (2).tiff,HUVEC/0h,HUVEC,B4,0,1.0,0.1846,ok,,,,Migração (PET e PEP) n1 - RAW,PEP,
B4 0H 1_png.rf.fnnFJZSxNbJIYzq62RBH.png,b4 0h 1,B4 0H 1 (4).tiff,HUVEC/0h,HUVEC,B4,0,1.0,0.089,ok,,,,Migração (PET e PEP) n3 - RAW,,
B4 0H 1_png.rf.ocKA8DGfji9fgwcSBwv6.png,b4 0h 1,B4 0H 1 (3).tiff,HUVEC/0h,HUVEC,B4,0,1.0,0.089,ok,,,,Migração (PET e PEP) n2 - RAW,PEP + NEB 5uM,
B8 8H 2_png.rf.UaCpChb0ty8nCEeOICAn.png,b8 8h 2,B8 8H 2.tiff,HUVEC/8h,HUVEC,B8,8,1.0,,ok,,,,LUIS RAW,PEP+MCC,
E4 24H 1_png.rf.VApsLvqT7aWfeSFArkzu.png,e4 24h 1,E4 24H 1.tiff,HUVEC/24h,HUVEC,E4,24,1.0,1.0925,ok,,,,LUIS RAW,PEP+MET3,
E4 24H 1_png.rf.WRsQKjX6ie0vtyCCCrGq.png,e4 24h 1,E4 24H 1 (2).tiff,HUVEC/24h,HUVEC,E4,24,1.0,1.0925,ok,,,,Migração (PET e PEP) n1 - RAW,PET,
B4 24H 1_png.rf.b60wYuoI9jxCKCHE2l9q.png,b4 24h 1,B4 24H 1 (2).tiff,HUVEC/24h,HUVEC,B4,24,1.0,0.0992,ok,,,,LUIS RAW,PEP+MCC,
B4 24h 1_png.rf.1X28TLOHfw99QR2YYvM9.png,b4 24h 1,B4 24h 1.tiff,HUVEC/24h,HUVEC,B4,24,0.6135,0.3798,ambiguo,,,,Pré-Eclâmpsia,,
B4 24H 1_png.rf.g6mdfx5q5C5lyvQAGYxU.png,b4 24h 1,B4 24H 1 (3).tiff,HUVEC/24h,HUVEC,B4,24,1.0,0.0868,ok,,,,Migração (PET e PEP) n1 - RAW,PEP,
B4 24H 1_png.rf.4r695chZzLmmnCG4yZPL.png,b4 24h 1,B4 24H 1 (4).tiff,HUVEC/24h,HUVEC,B4,24,1.0,0.0601,ok,,,,Migração (PET e PEP) n2 - RAW,PEP + NEB 5uM,
B2 24H 1_png.rf.XBc86UvTsYYrkQT5Lmb2.png,b2 24h 1,B2 24H 1.tiff,HUVEC/24h,HUVEC,B2,24,1.0,1.625,ok,,,,LUIS RAW,PEP+MET3,
B2 24H 1_png.rf.INyMxE58uzRFbh8B31Ps.png,b2 24h 1,B2 24H 1 (2).tiff,HUVEC/24h,HUVEC,B2,24,1.0,0.2654,ok,,,,Migração (PET e PEP) n3 - RAW,,
A1 12hr 1_png.rf.hPnekH9tRkKoF84Y4HTD.png,a1 12hr 1,A1 12hr 1.tiff,HUVEC/12h,HUVEC,A1,12,0.3973,0.0825,ambiguo,,,,Controle,,
A1 12HR 1_png.rf.8FGxD5kQMiDucxJswxPl.png,a1 12hr 1,,,HUVEC,A1,12,,,sem_candidato,,,,,,
A1 12HR 1_png.rf.XDKS23ySU3ItzW5Kv957.png,a1 12hr 1,A1 12HR 1 (2).tiff,HUVEC/12h,HUVEC,A1,12,1.0,0.6779,ok,,,,Originais (1),,
A7 0HR 1_png.rf.MypZ7P5e22YqROshUyHa.png,a7 0hr 1,A7 0HR 1 (2).tiff,HUVEC/0h,HUVEC,A7,0,1.0,0.3658,ok,,,,Originais (1),,
A7 0HR 1_png.rf.K1SrVpQJXMVcmwZSUvfb.png,a7 0hr 1,A7 0HR 1.tiff,HUVEC/0h,HUVEC,A7,0,1.0,0.3658,ok,,,,originais,,
A1 12hr 2_png.rf.Zc7e1rWOmWcCj4dykv3Z.png,a1 12hr 2,,,HUVEC,A1,12,,,sem_candidato,,,,,,
A1 12HR 2_png.rf.6p7F3HADokVM7aGI7thQ.png,a1 12hr 2,A1 12hr 2.tiff,HUVEC/12h,HUVEC,A1,12,0.3796,-0.2027,ambiguo,,,,Controle,,
A1 12HR 2_png.rf.OoCbkijic6aCx52coryw.png,a1 12hr 2,A1 12HR 2 (2).tiff,HUVEC/12h,HUVEC,A1,12,1.0,0.5546,ok,,,,Originais (1),,
A3 24h 2_png.rf.FRjwfMYcf5xZAmW48pAr.png,a3 24h 2,A3 24h 2.tiff,HUVEC/24h,HUVEC,A3,24,0.962,0.279,ok,,,,Controle,,
A3 24H 2_png.rf.kS5CSoi5AQ1mWS6ij8tv.png,a3 24h 2,A3 24H 2 (4).tiff,HUVEC/24h,HUVEC,A3,24,1.0,0.1909,ok,,,,Migração (PET e PEP) n3 - RAW,,
A3 24H 2_png.rf.1DXhlCUFozCEwAiOJfiw.png,a3 24h 2,A3 24H 2 (3).tiff,HUVEC/24h,HUVEC,A3,24,1.0,0.1909,ok,,,,Migração (PET e PEP) n2 - RAW,PEP,
A3 24H 2_png.rf.TOtRUqMkxCrasCpSjZKO.png,a3 24h 2,A3 24H 2 (2).tiff,HUVEC/24h,HUVEC,A3,24,1.0,0.3272,ok,,,,LUIS RAW,PEP+GB,
B1 0hr_1_png.rf.DUGXTEiLp7a24s7ag9dO.png,b1 0hr 1,,,HUVEC,B1,0,,,sem_candidato,,,,,,
B1 0hr 1_png.rf.MsTYgRqpBawgbfwCxIBh.png,b1 0hr 1,,,HUVEC,B1,0,,,sem_candidato,,,,,,
B1 0hr 1_png.rf.HQmAp3GBzLOJSBnrI49n.png,b1 0hr 1,B1 0hr 1.tiff,HUVEC/0h,HUVEC,B1,0,0.9707,0.1284,ok,,,,Controle,,
B1 0HR 1_png.rf.NGRx9n5aVbjBeYyAkrvc.png,b1 0hr 1,B1 0HR 1 (2).tiff,HUVEC/0h,HUVEC,B1,0,1.0,0.1422,ok,,,,Originais (1),,
B1 0hr 1_png.rf.IpACHL1Orw6aFOfMt2L4.png,b1 0hr 1,,,HUVEC,B1,0,,,sem_candidato,,,,,,
B1 0HR 1_png.rf.eIMkkfHeHfLEZ04ezC1L.png,b1 0hr 1,B1 0hr_1.tiff,HUVEC/0h,HUVEC,B1,0,0.402,0.1934,ambiguo,,,,Saudável,,
Snap-14_18_png.rf.cTI14kZnt7qLocJDEl8J.png,snap-14,Snap-14.tiff,SKOV/48h,SKOV,snap-14,48,0.9995,0.1726,ok,P2,CT,,,,
Snap-14_63_png.rf.CP0h7e9qVBHWMIowPwi3.png,snap-14,Snap-14.tiff,SKOV/24h,SKOV,snap-14,24,0.9993,0.1886,ok,P2,CT,,,,
Snap-14_197_png.rf.BYX13QN3Hg5IwWB1K8CE.png,snap-14,Snap-14 (2).tiff,SKOV/24h,SKOV,snap-14,24,0.9996,0.1981,ok,P1,CT,,,,
Snap-14_png.rf.s2v9VcqXVmUKf34AJR9n.png,snap-14,Snap-14.tiff,SKOV/0h,SKOV,snap-14,0,0.9997,0.1635,ok,P2,CT,,,,
Snap-14_137_png.rf.JGQAHR1rLHubpmhNmWKG.png,snap-14,Snap-14 (2).tiff,SKOV/48h,SKOV,snap-14,48,0.9995,0.1631,ok,P1,CT,,,,
Snap-57_14_png.rf.zzuxYUS6GURsSfNtRXi0.png,snap-57,Snap-57.tiff,SKOV/48h,SKOV,snap-57,48,0.9995,0.2606,ok,P2,CARBO+GEO,,,,
Snap-57_163_png.rf.pDbnqWgyxSpfj13CWb0J.png,snap-57,Snap-57 (2).tiff,SKOV/48h,SKOV,snap-57,48,0.9995,0.2454,ok,P1,GEO+PTX,,,,
Snap-57_223_png.rf.Y5JAUxICexxY7SL4iYkm.png,snap-57,Snap-57 (2).tiff,SKOV/24h,SKOV,snap-57,24,0.9996,0.2474,ok,P1,GEO+PTX,,,,
Snap-57_png.rf.bdYboWX9ErOHYRCWsvjV.png,snap-57,Snap-57.tiff,SKOV/0h,SKOV,snap-57,0,0.9997,0.2454,ok,P2,CARBO+GEO,,,,
Snap-57_118_png.rf.ujk8XtRp7brOc2jVj3FQ.png,snap-57,Snap-57.tiff,SKOV/24h,SKOV,snap-57,24,0.9984,0.2836,ok,P2,CARBO+GEO,,,,
A2 24h 2_png.rf.vPEXFaeBDCIJ7xVoYjlS.png,a2 24h 2,A2 24h 2.tiff,HUVEC/24h,HUVEC,A2,24,0.9675,0.0,ambiguo,,,,Controle,,
A2 24h_2_png.rf.HAg44SJ1EekTkXtXLokT.png,a2 24h 2,A2 24h_2.tiff,HUVEC/24h,HUVEC,A2,24,0.9471,0.0475,ambiguo,,,,Controle,,
A2 24H 2_png.rf.E5xmaghZdqaoko8wlaZh.png,a2 24h 2,A2 24H 2 (3).tiff,HUVEC/24h,HUVEC,A2,24,1.0,0.0992,ok,,,,Migração (PET e PEP) n2 - RAW,PEP,
A2 24H 2_png.rf.Ncwo4IoTmtPiUtCVQfYJ.png,a2 24h 2,A2 24H 2 (4).tiff,HUVEC/24h,HUVEC,A2,24,1.0,0.693,ok,,,,Migração (PET e PEP) n3 - RAW,,
A2 24H 2_png.rf.HMaDbJj9CQExPlCGNrI6.png,a2 24h 2,A2 24H 2 (2).tiff,HUVEC/24h,HUVEC,A2,24,1.0,0.5113,ok,,,,LUIS RAW,PEP+MET3,
C1 8hr 2_png.rf.vAjsWCBFyMVhrnXK1tJ1.png,c1 8hr 2,C1 8hr 2.tiff,HUVEC/8h,HUVEC,C1,8,0.9725,0.2188,ok,,,,Pré-Eclâmpsia,,
C1 8HR 2_png.rf.PMVIRdN64tpFyIzD2E33.png,c1 8hr 2,C1 8HR 2 (2).tiff,HUVEC/8h,HUVEC,C1,8,1.0,0.2231,ok,,,,Originais (1),,
A2 0hr 1_png.rf.vZji6l7eNaGvhsdCUwH3.png,a2 0hr 1,,,HUVEC,A2,0,,,sem_candidato,,,,,,
A2 0hr 1_png.rf.pKZJOPTdyTaUFCoQ0WkN.png,a2 0hr 1,A2 0hr 1.tiff,HUVEC/0h,HUVEC,A2,0,0.9766,0.0871,ok,,,,Controle,,
A2 0HR 1_png.rf.7xO098s3eZ9fJSiLuPHq.png,a2 0hr 1,A2 0HR 1 (2).tiff,HUVEC/0h,HUVEC,A2,0,1.0,0.0991,ok,,,,Originais (1),,
A2 0HR 1_png.rf.8PMA4P9qg9rH3AjVYmde.png,a2 0hr 1,,,HUVEC,A2,0,,,sem_candidato,,,,,,
B6 0hr 1_png.rf.tP2kS9n37GFU0hMWW7mV.png,b6 0hr 1,B6 0hr 1.tiff,HUVEC/0h,HUVEC,B6,0,0.9534,0.1559,ok,,,,Pré-Eclâmpsia,,
B6 0HR 1_png.rf.G9IIgGta9Gbbj9yqetJW.png,b6 0hr 1,,,HUVEC,B6,0,,,sem_candidato,,,,,,
B6 0HR 1_png.rf.DQKYy8uvjwNsc7uZUiaW.png,b6 0hr 1,B6 0HR 1 (2).tiff,HUVEC/0h,HUVEC,B6,0,1.0,0.1973,ok,,,,Originais (1),,
B7 8hr 1_png.rf.SElaSihN8SWw6hPUO4yu.png,b7 8hr 1,B7 8hr 1.tiff,HUVEC/8h,HUVEC,B7,8,0.9731,0.1849,ok,,,,Saudável,,
B7 8hr_1_png.rf.U0VJcTDbcVdMQ9Gikaum.png,b7 8hr 1,B7 8hr_1.tiff,HUVEC/8h,HUVEC,B7,8,0.8943,0.1677,ok,,,,Saudável,,
B7 8HR 1_png.rf.U3U7uwlzmFkSpDnTdHXo.png,b7 8hr 1,,,HUVEC,B7,8,,,sem_candidato,,,,,,
B7 8HR 1_png.rf.VIqewXz9Fg6rle55f6s4.png,b7 8hr 1,B7 8HR 1 (2).tiff,HUVEC/8h,HUVEC,B7,8,1.0,0.2304,ok,,,,Originais (1),,
B1 0hr_2_png.rf.wWUkB0l85vJDlD6q526J.png,b1 0hr 2,B1 0hr_2.tiff,HUVEC/0h,HUVEC,B1,0,0.4356,-0.0625,ambiguo,,,,Saudável,,
B1 0hr 2_png.rf.XjumgmgMNkQhrRGLEgFA.png,b1 0hr 2,B1 0hr 2.tiff,HUVEC/0h,HUVEC,B1,0,0.9724,0.115,ok,,,,Controle,,
B1 0HR 2_png.rf.70abUpeVRRIpTW7eiJ6c.png,b1 0hr 2,B1 0HR 2 (2).tiff,HUVEC/0h,HUVEC,B1,0,1.0,0.1375,ok,,,,Originais (1),,
B1 0HR 2_png.rf.GJOlprTE8cvwD4CrUmlP.png,b1 0hr 2,,,HUVEC,B1,0,,,sem_candidato,,,,,,
B5 12hr 1_png.rf.zr4XJVjMImCf2kHNhYuv.png,b5 12hr 1,B5 12hr 1.tiff,HUVEC/12h,HUVEC,B5,12,0.9377,0.2867,ok,,,,Pré-Eclâmpsia,,
B5 12HR 1_png.rf.RtHZKiYSCyEezrDzpSXm.png,b5 12hr 1,,,HUVEC,B5,12,,,sem_candidato,,,,,,
B5 12HR 1_png.rf.XqoVkA4DK3JbERfwmQPP.png,b5 12hr 1,B5 12HR 1 (2).tiff,HUVEC/12h,HUVEC,B5,12,1.0,0.3404,ok,,,,Originais (1),,
B3 12hr 1_png.rf.zZhyC5IrePWDZDHRw4ae.png,b3 12hr 1,B3 12hr 1.tiff,HUVEC/12h,HUVEC,B3,12,0.947,0.0984,ok,,,,Saudável,,
B3 12HR 1_png.rf.sXw2VuiBVAa9Aftwl9le.png,b3 12hr 1,,,HUVEC,B3,12,,,sem_candidato,,,,,,
B3 12hr_1_png.rf.bFOaRTghkGRZY6ztTfJf.png,b3 12hr 1,B3 12hr_1.tiff,HUVEC/12h,HUVEC,B3,12,0.955,0.0997,ok,,,,Saudável,,
B3 12HR 1_png.rf.CA0AC0OeRIZev8XhzkeB.png,b3 12hr 1,B3 12HR 1 (2).tiff,HUVEC/12h,HUVEC,B3,12,1.0,0.274,ok,,,,Originais (1),,
B6 12hr 1_png.rf.wMEDLQnrMWwVbcfKlQek.png,b6 12hr 1,B6 12hr 1.tiff,HUVEC/12h,HUVEC,B6,12,0.9611,0.3642,ok,,,,Pré-Eclâmpsia,,
B6 12HR 1_png.rf.idTK2W5F5w99J9Cwj3Jh.png,b6 12hr 1,B6 12HR 1 (2).tiff,HUVEC/12h,HUVEC,B6,12,1.0,0.4086,ok,,,,Originais (1),,
B6 12HR 1_png.rf.gMy5B0cpXrZXzyMCZhuv.png,b6 12hr 1,,,HUVEC,B6,12,,,sem_candidato,,,,,,
A8 24HR _png.rf.CCbBLxCj5oId78BvgGDS.png,a8 24hr,A8 24HR .tiff,HUVEC/24h,HUVEC,A8,24,1.0,,ok,,,,Originais (1),,
A6 12HR 1_png.rf.z5yVztBu7o6y6SAZMnAA.png,a6 12hr 1,A6 12HR 1 (2).tiff,HUVEC/12h,HUVEC,A6,12,1.0,0.3134,ok,,,,Originais (1),,
A6 12HR 1_png.rf.rzX2QlGaj5WhraPoHbNp.png,a6 12hr 1,A6 12HR 1.tiff,HUVEC/12h,HUVEC,A6,12,1.0,0.3134,ok,,,,originais,,
B1 12HR 2_png.rf.FdfrHVnLB3ZNKlhPS8WD.png,b1 12hr 2,B1 12HR 2 (2).tiff,HUVEC/12h,HUVEC,B1,12,1.0,0.5227,ok,,,,Originais (1),,
B1 12HR 2_png.rf.a2HuF9WMN6UNtiTLiFnr.png,b1 12hr 2,B1 12HR 2.tiff,HUVEC/12h,HUVEC,B1,12,1.0,0.5227,ok,,,,originais,,
C4 12HR 1_png.rf.EqgembSnrmnXBxolioKo.png,c4 12hr 1,C4 12HR 1.tiff,HUVEC/12h,HUVEC,C4,12,1.0,,ok,,,,Originais (1),,
C6 24HR 1_png.rf.IFOrJw5los4Q3fxu3iMl.png,c6 24hr 1,C6 24HR 1.tiff,HUVEC/24h,HUVEC,C6,24,1.0,,ok,,,,Originais (1),,
E8 8H 1_png.rf.d0fLnYxhr9KQ1hDPt1Lg.png,e8 8h 1,E8 8H 1.tiff,HUVEC/8h,HUVEC,E8,8,1.0,,ok,,,,LUIS RAW,PEP+MCC,
A8 0H 2_png.rf.WfgjN8XhKFohA9v414DX.png,a8 0h 2,A8 0H 2.tiff,HUVEC/0h,HUVEC,A8,0,1.0,,ok,,,,LUIS RAW,PEP+MCC,
D4 0HR 2_png.rf.EwNjDB9ss3gmM00iJqPT.png,d4 0hr 2,D4 0HR 2.tiff,HUVEC/0h,HUVEC,D4,0,1.0,,ok,,,,originais,,
A8 8HR 1_png.rf.FR3WD9dC9DpfpVWMB2SQ.png,a8 8hr 1,A8 8HR 1.tiff,HUVEC/8h,HUVEC,A8,8,1.0,0.5173,ok,,,,originais,,
A8 8HR 1_png.rf.dtanFTPPB7d3AAVn3zQY.png,a8 8hr 1,A8 8HR 1 (2).tiff,HUVEC/8h,HUVEC,A8,8,1.0,0.5173,ok,,,,Originais (1),,
B5 8HR 1_png.rf.Ym4RLm5f7bEAlTD8XV4Q.png,b5 8hr 1,B5 8HR 1 (2).tiff,HUVEC/8h,HUVEC,B5,8,1.0,0.1895,ok,,,,Originais (1),,
B5 8HR 1_png.rf.GCk3mrv2o7BUwQ2Jvluv.png,b5 8hr 1,,,HUVEC,B5,8,,,sem_candidato,,,,,,
B5 8hr 1_png.rf.1ehEbiuK31GRY9MNmv2r.png,b5 8hr 1,B5 8hr 1.tiff,HUVEC/8h,HUVEC,B5,8,0.9643,0.1491,ok,,,,Saudável,,
D3 8HR 2_png.rf.LEuU784LmF86wgJYPaQU.png,d3 8hr 2,D3 8HR 2 (2).tiff,HUVEC/8h,HUVEC,D3,8,1.0,0.4996,ok,,,,Originais (1),,
D3 8HR 2_png.rf.XTtOj0zYGn6s9BJ4BbNx.png,d3 8hr 2,D3 8HR 2.tiff,HUVEC/8h,HUVEC,D3,8,1.0,0.4997,ok,,,,originais,,
B3 0HR 2_png.rf.IrowMicDt4hLjxXOd20S.png,b3 0hr 2,B3 0HR 2 (2).tiff,HUVEC/0h,HUVEC,B3,0,1.0,0.1476,ok,,,,Originais (1),,
B3 0HR 2_png.rf.RH1IVVjgxVFF0WrgAYm4.png,b3 0hr 2,B3 0HR 2.tiff,HUVEC/0h,HUVEC,B3,0,1.0,0.1476,ok,,,,originais,,
C3 8HR 1_png.rf.3ZBgwt8GCK0Md4Ee2BHb.png,c3 8hr 1,C3 8HR 1.tiff,HUVEC/8h,HUVEC,C3,8,1.0,,ok,,,,Originais (1),,
D2 8HR 1_png.rf.JJAiPwhyNLdQ4Rfi4uTD.png,d2 8hr 1,D2 8HR 1 (2).tiff,HUVEC/8h,HUVEC,D2,8,1.0,0.4283,ok,,,,Originais (1),,
D2 8HR 1_png.rf.3P9RrHC5NedY6PXam8ub.png,d2 8hr 1,D2 8HR 1.tiff,HUVEC/8h,HUVEC,D2,8,1.0,0.4283,ok,,,,originais,,
Snap-13_png.rf.TDZyVXJDnI8SJNuM33dy.png,snap-13,Snap-13.tiff,SKOV/0h,SKOV,snap-13,0,0.9998,0.2251,ok,P2,CT,,,,
Snap-13_19_png.rf.b6sHGo2amM793rhoOAp1.png,snap-13,Snap-13.tiff,SKOV/48h,SKOV,snap-13,48,0.9994,0.2387,ok,P2,CT,,,,
Snap-13_138_png.rf.l88Miu2G7y8rOkIqtnCW.png,snap-13,Snap-13 (2).tiff,SKOV/48h,SKOV,snap-13,48,0.9994,0.2247,ok,P1,CT,,,,
Snap-13_64_png.rf.RyKN7O5yesCpISX8jvQV.png,snap-13,Snap-13.tiff,SKOV/24h,SKOV,snap-13,24,0.9992,0.2322,ok,P2,CT,,,,
Snap-13_243_png.rf.tUzcuWuytl6VQBEZn5pP.png,snap-13,Snap-13.tiff,SKOV/72h,SKOV,snap-13,72,0.9988,0.2381,ok,P1,PTX,,,,
Snap-13_198_png.rf.0xLGaLBejIuzOY4c8uT2.png,snap-13,Snap-13 (2).tiff,SKOV/24h,SKOV,snap-13,24,0.9995,0.232,ok,P1,CT,,,,
B7 12hr 2_png.rf.RhB5449wk7rwIdgUCPNc.png,b7 12hr 2,B7 12hr 2.tiff,HUVEC/12h,HUVEC,B7,12,0.9759,0.2126,ok,,,,Saudável,,
B7 12HR 2_png.rf.2naBscJhLFudgg7E7FPf.png,b7 12hr 2,,,HUVEC,B7,12,,,sem_candidato,,,,,,
B7 12HR 2_png.rf.oKLSQmp6DHxDl6WHedwZ.png,b7 12hr 2,B7 12HR 2 (2).tiff,HUVEC/12h,HUVEC,B7,12,1.0,0.2271,ok,,,,Originais (1),,
C8 12hr 1_png.rf.StaAYDi9jKXiNSmVkLL4.png,c8 12hr 1,C8 12hr 1.tiff,HUVEC/12h,HUVEC,C8,12,0.8381,0.1972,ok,,,,Pré-Eclâmpsia,,
C8 12HR 1_png.rf.mrWyROl2QhvNznbHR9sy.png,c8 12hr 1,C8 12HR 1 (2).tiff,HUVEC/12h,HUVEC,C8,12,1.0,0.3271,ok,,,,Originais (1),,
C8 8hr 2_png.rf.QKwFigCbMlR5UvD18WdR.png,c8 8hr 2,C8 8hr 2.tiff,HUVEC/8h,HUVEC,C8,8,0.8591,0.1242,ok,,,,Pré-Eclâmpsia,,
C8 8HR 2_png.rf.GtOIvrjebfVcbHVdwBO9.png,c8 8hr 2,C8 8HR 2 (2).tiff,HUVEC/8h,HUVEC,C8,8,1.0,0.248,ok,,,,Originais (1),,
A1 24h 1_png.rf.TlQXP6CHdUFWS07zQImN.png,a1 24h 1,A1 24h 1.tiff,HUVEC/24h,HUVEC,A1,24,0.6452,0.6033,ambiguo,,,,Controle,,
A1 24H 1_png.rf.AoYDb7eaorOVU7QenfmB.png,a1 24h 1,A1 24H 1 (4).tiff,HUVEC/24h,HUVEC,A1,24,1.0,0.4023,ok,,,,Migração (PET e PEP) n3 - RAW,,
A1 24H 1_png.rf.0vIMHmjL700gltziprXx.png,a1 24h 1,A1 24H 1 (2).tiff,HUVEC/24h,HUVEC,A1,24,1.0,0.4023,ok,,,,LUIS RAW,PEP,
A1 24H 1_png.rf.LVoaaBXwUhRPFKNjtcC5.png,a1 24h 1,A1 24H 1 (3).tiff,HUVEC/24h,HUVEC,A1,24,1.0,0.5372,ok,,,,Migração (PET e PEP) n2 - RAW,PEP,
B6 12hr 2_png.rf.y4b1NNhMuInMAANEGR5y.png,b6 12hr 2,B6 12hr 2.tiff,HUVEC/12h,HUVEC,B6,12,0.9594,0.2299,ok,,,,Pré-Eclâmpsia,,
B6 12HR 2_png.rf.BMDqWV1RTxKKoPMgnLal.png,b6 12hr 2,,,HUVEC,B6,12,,,sem_candidato,,,,,,
B6 12HR 2_png.rf.BhBG7QrbcqnQq3atIHW2.png,b6 12hr 2,B6 12HR 2 (2).tiff,HUVEC/12h,HUVEC,B6,12,1.0,0.2672,ok,,,,Originais (1),,
B8 24h 1 _png.rf.VRJJ5SQ1mGJ3fW5YWRab.png,b8 24h 1,B8 24h 1 .tiff,HUVEC/24h,HUVEC,B8,24,0.7845,0.1526,ok,,,,Pré-Eclâmpsia,,
B8 24h 1_png.rf.N3qsR9ioYQUvIlolAAfM.png,b8 24h 1,B8 24h 1.tiff,HUVEC/24h,HUVEC,B8,24,0.9437,0.3469,ok,,,,Saudável,,
B8 24H 1_png.rf.E5CzkDTGU7vgWmncCGCv.png,b8 24h 1,B8 24H 1 (2).tiff,HUVEC/24h,HUVEC,B8,24,1.0,1.3873,ok,,,,LUIS RAW,PEP+MCC,
D1 8H 2_png.rf.1Guur0r0WOYFqgYbD8Ix.png,d1 8h 2,D1 8H 2.png,HUVEC/8h,HUVEC,D1,8,1.0,0.4535,ok,,,,Migração (PET e PEP) n3 - RAW,,
D1 8H 2_png.rf.m3MGg413oV303xlZFAfV.png,d1 8h 2,,,HUVEC,D1,8,,,sem_candidato,,,,,,
D1 8H 2_png.rf.QDHJAU6viLWqVuRsQP8L.png,d1 8h 2,D1 8H 2 (2).tiff,HUVEC/8h,HUVEC,D1,8,1.0,0.1071,ok,,,,Migração (PET e PEP) n2 - RAW,PET + NEB 1uM,
D1 8H 2_png.rf.SWULebjRubJoCPggvrgZ.png,d1 8h 2,D1 8H 2.tiff,HUVEC/8h,HUVEC,D1,8,1.0,0.1071,ok,,,,LUIS RAW,PET,
D3 8H 1_png.rf.3Pnm14NelVMxz7m2DnLI.png,d3 8h 1,D3 8H 1 (3).tiff,HUVEC/8h,HUVEC,D3,8,1.0,0.2073,ok,,,,Migração (PET e PEP) n3 - RAW,,
D3 8H 1_png.rf.6I3dod8wB6YDO4ZLWh12.png,d3 8h 1,D3 8H 1.tiff,HUVEC/8h,HUVEC,D3,8,1.0,0.1516,ok,,,,Migração (PET e PEP) n1 - RAW,PEP + NEB 5uM,
D3 8H 1_png.rf.6ah0Jg4O5oakLSomUxcX.png,d3 8h 1,D3 8H 1 (2).tiff,HUVEC/8h,HUVEC,D3,8,1.0,0.1516,ok,,,,Migração (PET e PEP) n2 - RAW,PET + NEB 5uM,
A5 12HR 1_png.rf.IESDSkszuJatVJfvQ7PW.png,a5 12hr 1,A5 12HR 1 (2).tiff,HUVEC/12h,HUVEC,A5,12,1.0,0.1769,ok,,,,Originais (1),,
A5 12HR 1_png.rf.1xA3zwCvRWDQRrGvHIhA.png,a5 12hr 1,A5 12HR 1.tiff,HUVEC/12h,HUVEC,A5,12,1.0,0.1769,ok,,,,originais,,
A7 12HR 1_png.rf.6BXSIYDC0NmpoaPAgKMQ.png,a7 12hr 1,A7 12HR 1 (2).tiff,HUVEC/12h,HUVEC,A7,12,1.0,0.3435,ok,,,,Originais (1),,
A7 12HR 1_png.rf.izsMjIhbUB8VuAWUFhrt.png,a7 12hr 1,A7 12HR 1.tiff,HUVEC/12h,HUVEC,A7,12,1.0,0.3435,ok,,,,originais,,
A3 0hr 2_png.rf.KohL1mTNndjr4CLZYMxF.png,a3 0hr 2,A3 0hr 2.tiff,HUVEC/0h,HUVEC,A3,0,0.97,0.1904,ok,,,,Controle,,
A3 0HR 2_png.rf.a0AY5M3kJRWyGB4d0dqH.png,a3 0hr 2,A3 0HR 2 (2).tiff,HUVEC/0h,HUVEC,A3,0,1.0,0.23,ok,,,,Originais (1),,
A3 0HR 2_png.rf.hZpokQPSOC5byLanjjIO.png,a3 0hr 2,,,HUVEC,A3,0,,,sem_candidato,,,,,,
A5 24HR 2_png.rf.JBrJ8KO8uH9Jn3iTJvZf.png,a5 24hr 2,A5 24HR 2 (2).tiff,HUVEC/24h,HUVEC,A5,24,1.0,0.395,ok,,,,Originais (1),,
A5 24HR 2_png.rf.xE7wqG2pbN9OFXjVvNjl.png,a5 24hr 2,A5 24HR 2.tiff,HUVEC/24h,HUVEC,A5,24,1.0,0.3949,ok,,,,originais,,
C1 12HR 2_png.rf.OcIfPfUZwnSUShLaLbR6.png,c1 12hr 2,C1 12HR 2.tiff,HUVEC/12h,HUVEC,C1,12,1.0,,ok,,,,Originais (1),,
A2 0hr 2_png.rf.KWeoDuzrrjKAePH796rp.png,a2 0hr 2,A2 0hr 2.tiff,HUVEC/0h,HUVEC,A2,0,0.9576,0.0,ambiguo,,,,Controle,,
A2 0HR 2_png.rf.OO5XnE4RmaSV016MsOgg.png,a2 0hr 2,A2 0HR 2 (2).tiff,HUVEC/0h,HUVEC,A2,0,1.0,0.3707,ok,,,,Originais (1),,
A2 0HR 2_png.rf.uZnHhBG7PNdQodX1DjwB.png,a2 0hr 2,A2 0hr 2.tiff,HUVEC/A2.TIFF,HUVEC,A2,0,0.5927,-0.2686,ambiguo,,,,Controle,,
A4 0hr 2_png.rf.ipPkfLfmEihsBmZiVwsH.png,a4 0hr 2,A4 0hr 2.tiff,HUVEC/0h,HUVEC,A4,0,0.9866,0.3711,ok,,,,Controle,,
A4 0HR 2_png.rf.rykHBscK23N6CFQg1aEp.png,a4 0hr 2,A4 0HR 2 (2).tiff,HUVEC/0h,HUVEC,A4,0,1.0,0.4327,ok,,,,Originais (1),,
A4 0HR 2_png.rf.ad8NWhUve9wWCADVF4Er.png,a4 0hr 2,,,HUVEC,A4,0,,,sem_candidato,,,,,,
B3 8H 2_png.rf.CESTHFggCs6xlkAs19Pa.png,b3 8h 2,B3 8H 2.tiff,HUVEC/8h,HUVEC,B3,8,1.0,0.8641,ok,,,,LUIS RAW,PEP+GB,
B3 8H 2_png.rf.9tJrx07oVduWzllk5nQH.png,b3 8h 2,B3 8H 2 (4).tiff,HUVEC/8h,HUVEC,B3,8,1.0,0.3797,ok,,,,Migração (PET e PEP) n3 - RAW,,
B3 8H 2_png.rf.7Eq3kMUW8sFWbmsSpjrE.png,b3 8h 2,B3 8H 2 (2).tiff,HUVEC/8h,HUVEC,B3,8,1.0,0.3797,ok,,,,Migração (PET e PEP) n1 - RAW,PEP,
B3 8H 2_png.rf.J2ZWdw3dXxPmWLgQzORH.png,b3 8h 2,B3 8H 2 (3).tiff,HUVEC/8h,HUVEC,B3,8,1.0,0.5586,ok,,,,Migração (PET e PEP) n2 - RAW,PEP + NEB 5uM,
E4 12H 2_png.rf.Ec4jsXhXLHQBkPxAMAyc.png,e4 12h 2,E4 12H 2.tiff,HUVEC/12h,HUVEC,E4,12,1.0,0.2088,ok,,,,LUIS RAW,PEP+MET3,
E4 12H 2_png.rf.lZSPsrmbRSyhfiXorh1s.png,e4 12h 2,E4 12H 2 (2).tiff,HUVEC/12h,HUVEC,E4,12,1.0,0.2088,ok,,,,Migração (PET e PEP) n1 - RAW,PET,
A4 8HR 2_png.rf.FrebrKnoGJAi62YqwG10.png,a4 8hr 2,A4 8HR 2.tiff,HUVEC/8h,HUVEC,A4,8,1.0,0.3655,ok,,,,originais,,
A4 8HR 2_png.rf.ueLU3zjhuubW2d81ZDX5.png,a4 8hr 2,A4 8HR 2 (2).tiff,HUVEC/8h,HUVEC,A4,8,1.0,0.3655,ok,,,,Originais (1),,
B6 0HR 2_png.rf.PJA73eFbAqKdZVUui1iH.png,b6 0hr 2,B6 0HR 2.tiff,HUVEC/0h,HUVEC,B6,0,1.0,0.2145,ok,,,,originais,,
B6 0HR 2_png.rf.9dIqbEAZjCw7c536N5S2.png,b6 0hr 2,B6 0HR 2 (2).tiff,HUVEC/0h,HUVEC,B6,0,1.0,0.2145,ok,,,,Originais (1),,
A5 8HR 2_png.rf.PkgglquFkEZJxKt3zDYh.png,a5 8hr 2,,,HUVEC,A5,8,,,sem_candidato,,,,,,
A5 8HR 2_png.rf.7U0SE5K1r1eXtmiCBL1Q.png,a5 8hr 2,A5 8HR 2 (2).tiff,HUVEC/8h,HUVEC,A5,8,1.0,0.6427,ok,,,,Originais (1),,
A5 8hr 2_png.rf.ORi73INEpKfYcNVBMeHR.png,a5 8hr 2,A5 8hr 2.tiff,HUVEC/8h,HUVEC,A5,8,0.828,0.3974,ok,,,,Pré-Eclâmpsia,,
C4 8HR 2_png.rf.75jApVB4zrpuft44xaOb.png,c4 8hr 2,C4 8HR 2.tiff,HUVEC/8h,HUVEC,C4,8,1.0,,ok,,,,Originais (1),,
C5 8HR 1_png.rf.npq1TT4tFnUwL9fyEtxf.png,c5 8hr 1,C5 8HR 1.tiff,HUVEC/8h,HUVEC,C5,8,1.0,,ok,,,,Originais (1),,
A5 8HR 1_png.rf.qbCCkoclBZRwrN2mNDA9.png,a5 8hr 1,A5 8HR 1 (2).tiff,HUVEC/8h,HUVEC,A5,8,1.0,0.256,ok,,,,Originais (1),,
A5 8HR 1_png.rf.jEYUYpVLybixXNUndrI9.png,a5 8hr 1,A5 8HR 1.tiff,HUVEC/8h,HUVEC,A5,8,1.0,0.256,ok,,,,originais,,
C8 0HR 1_png.rf.unFcr8NfT77SuQCb8WVf.png,c8 0hr 1,C8 0HR 1.tiff,HUVEC/0h,HUVEC,C8,0,1.0,,ok,,,,Originais (1),,
A3 0HR 1_png.rf.vOWVMCSId0rrI2A5Y6RI.png,a3 0hr 1,A3 0HR 1 (2).tiff,HUVEC/0h,HUVEC,A3,0,1.0,0.8137,ok,,,,Originais (1),,
A3 0HR 1_png.rf.lbHrUgZUHbHQslRvoZEH.png,a3 0hr 1,A3 0HR 1.tiff,HUVEC/0h,HUVEC,A3,0,1.0,0.8137,ok,,,,originais,,
C1 8HR 1_png.rf.oOkkW323fjLb20ujmYdI.png,c1 8hr 1,C1 8HR 1.tiff,HUVEC/8h,HUVEC,C1,8,1.0,,ok,,,,Originais (1),,
A3 12hr 2_png.rf.qSoaWOtqXsRyw0S2qSAg.png,a3 12hr 2,A3 12hr 2.tiff,HUVEC/12h,HUVEC,A3,12,0.9464,0.1077,ok,,,,Controle,,
A3 12HR 2_png.rf.EM0ZeH9oXoYjDPrahHYX.png,a3 12hr 2,,,HUVEC,A3,12,,,sem_candidato,,,,,,
A3 12HR 2_png.rf.X6ZbjE2gzo7dzplSnmP5.png,a3 12hr 2,A3 12HR 2 (2).tiff,HUVEC/12h,HUVEC,A3,12,1.0,0.1588,ok,,,,Originais (1),,
A6 8HR 1_png.rf.jMYq7Imdm9b3bsQCdfaH.png,a6 8hr 1,A6 8HR 1 (2).tiff,HUVEC/8h,HUVEC,A6,8,1.0,0.2517,ok,,,,Originais (1),,
A6 8HR 1_png.rf.7Grrv3doO59OSdNxaDbf.png,a6 8hr 1,A6 8HR 1.tiff,HUVEC/8h,HUVEC,A6,8,1.0,0.2517,ok,,,,originais,,
A3 8HR 1_png.rf.YWwkHXdFn51x2qQa9MKo.png,a3 8hr 1,A3 8HR 1 (2).tiff,HUVEC/8h,HUVEC,A3,8,1.0,0.6568,ok,,,,Originais (1),,
A3 8HR 1_png.rf.KvjShuzpjDEXEBWbceBf.png,a3 8hr 1,A3 8HR 1.tiff,HUVEC/8h,HUVEC,A3,8,1.0,0.6568,ok,,,,originais,,
D1 8HR 2_png.rf.We4y9DkVsrjwHtYEPH1S.png,d1 8hr 2,D1 8HR 2 (2).tiff,HUVEC/8h,HUVEC,D1,8,1.0,0.4514,ok,,,,Originais (1),,
D1 8HR 2_png.rf.zXqaP0fHqHbabD0CzjuF.png,d1 8hr 2,D1 8HR 2.tiff,HUVEC/8h,HUVEC,D1,8,1.0,0.4514,ok,,,,originais,,
A4 0HR 1_png.rf.flUKXJX958V29SztaqZp.png,a4 0hr 1,A4 0HR 1 (2).tiff,HUVEC/0h,HUVEC,A4,0,1.0,0.6815,ok,,,,Originais (1),,
A4 0HR 1_png.rf.lr0vF9oNfEZapbxfemLc.png,a4 0hr 1,A4 0HR 1.tiff,HUVEC/0h,HUVEC,A4,0,1.0,0.6815,ok,,,,originais,,
Snap-10_72_png.rf.n7hfG13etFn8yDPHlWXd.png,snap-10,Snap-10.tiff,SKOV/24h,SKOV,snap-10,24,0.9992,0.1743,ok,P2,CT,,,,
Snap-10_png.rf.yj7fOx6nAZtfK19C65wZ.png,snap-10,Snap-10.tiff,SKOV/0h,SKOV,snap-10,0,0.9997,0.1867,ok,P2,CT,,,,
Snap-10_206_png.rf.qsKnxTuSvux45mlYUYLk.png,snap-10,Snap-10 (2).tiff,SKOV/24h,SKOV,snap-10,24,0.9995,0.18,ok,P1,CT,,,,
Snap-10_146_png.rf.J1zTbpCRqsOW6DtsIPzv.png,snap-10,Snap-10 (2).tiff,SKOV/48h,SKOV,snap-10,48,0.9994,0.1603,ok,P1,CT,,,,
Snap-10_27_png.rf.InxxspUYRgK57BBNVAEq.png,snap-10,Snap-10.tiff,SKOV/48h,SKOV,snap-10,48,0.9996,0.1608,ok,P2,CT,,,,
B3 12hr 2_png.rf.VGbRnN8WbzouxdvfefLU.png,b3 12hr 2,B3 12hr 2.tiff,HUVEC/12h,HUVEC,B3,12,0.9611,0.2343,ok,,,,Saudável,,
B3 12HR 2_png.rf.53uaZIgUjykC3AHiGB7Y.png,b3 12hr 2,,,HUVEC,B3,12,,,sem_candidato,,,,,,
B3 12HR 2_png.rf.VqZIwhkvmfMWTtmwJvV6.png,b3 12hr 2,B3 12HR 2 (2).tiff,HUVEC/12h,HUVEC,B3,12,1.0,0.2673,ok,,,,Originais (1),,
B2 12hr 2_png.rf.aKY954Ar92bN45Dxpxoo.png,b2 12hr 2,,,HUVEC,B2,12,,,sem_candidato,,,,,,
B2 12hr 2_png.rf.riSjsWM4RKaoLOeuGF4T.png,b2 12hr 2,B2 12hr 2.tiff,HUVEC/12h,HUVEC,B2,12,0.9574,0.2794,ok,,,,Controle,,
B2 12HR 2_png.rf.nZ89rrtZ5eox9IpiBXkM.png,b2 12hr 2,B2 12HR 2 (2).tiff,HUVEC/12h,HUVEC,B2,12,1.0,0.3005,ok,,,,Originais (1),,
B2 12HR 2_png.rf.0Mjn05pgfeKpn7x2HoEU.png,b2 12hr 2,,,HUVEC,B2,12,,,sem_candidato,,,,,,
B8 0hr 1_png.rf.Y8HPYsGls33ML8N4xLQ9.png,b8 0hr 1,,,HUVEC,B8,0,,,sem_candidato,,,,,,
B8 0HR 1_png.rf.wcI5BQBhMVPCzXKkI2w6.png,b8 0hr 1,,,HUVEC,B8,0,,,sem_candidato,,,,,,
B8 0hr 1_png.rf.knYV6A7txjzElFti8uaT.png,b8 0hr 1,B8 0hr 1.tiff,HUVEC/0h,HUVEC,B8,0,0.8894,1.1713,ok,,,,Pré-Eclâmpsia,,
B8 0HR 1_png.rf.KqhRF7p7Gc814ztA2tAN.png,b8 0hr 1,B8 0HR 1 (2).tiff,HUVEC/0h,HUVEC,B8,0,1.0,1.2252,ok,,,,Originais (1),,
B1 24hr 2_png.rf.kOhjizJROLOCgNfM1IF5.png,b1 24hr 2,B1 24hr 2.tiff,HUVEC/24h,HUVEC,B1,24,0.4382,,ambiguo,,,,Saudável,,
B1 24HR 2_png.rf.Ls9u8THJDkrAcAUiOT0Q.png,b1 24hr 2,,,HUVEC,B1,24,,,sem_candidato,,,,,,
B2 24hr 2_png.rf.huSTBgPOlxWVtCE2FpNP.png,b2 24hr 2,,,HUVEC,B2,24,,,sem_candidato,,,,,,
B2 24HR 2_png.rf.uTcx0z3WdLqlbwZI5Emi.png,b2 24hr 2,B2 24hr 2.tiff,HUVEC/24h,HUVEC,B2,24,0.1935,,ambiguo,,,,Controle,,
B7 0hr 1_png.rf.ksMD0pYm6qfnouVyBUlp.png,b7 0hr 1,B7 0hr 1.tiff,HUVEC/0h,HUVEC,B7,0,0.8448,0.1647,ok,,,,Pré-Eclâmpsia,,
B7 0HR 1_png.rf.Ukn4ATZ5w0il9IzVsrtV.png,b7 0hr 1,B7 0HR 1 (2).tiff,HUVEC/0h,HUVEC,B7,0,1.0,0.291,ok,,,,Originais (1),,
B7 0hr 1_png.rf.QYTRdRmCyko5payKjuNF.png,b7 0hr 1,,,HUVEC,B7,0,,,sem_candidato,,,,,,
B7 0HR 1_png.rf.kzoYnFCLdbukY0DFsrTm.png,b7 0hr 1,,,HUVEC,B7,0,,,sem_candidato,,,,,,
C7 0hr 2_png.rf.ncuQjQh19UrtWTYYtwgY.png,c7 0hr 2,C7 0hr 2.tiff,HUVEC/0h,HUVEC,C7,0,0.8442,0.1154,ok,,,,Pré-Eclâmpsia,,
C7 0HR 2_png.rf.p7jzNkQk0PbCL4U2IsE2.png,c7 0hr 2,C7 0HR 2 (2).tiff,HUVEC/0h,HUVEC,C7,0,1.0,0.2658,ok,,,,Originais (1),,
A1 24h 2_png.rf.o9mYSgMZsKvkMpLuHnpZ.png,a1 24h 2,A1 24h 2.tiff,HUVEC/24h,HUVEC,A1,24,0.8151,0.2485,ok,,,,Controle,,
A1 24H 2_png.rf.mCVQkyudUMkUKQP8oD3Z.png,a1 24h 2,A1 24H 2 (4).tiff,HUVEC/24h,HUVEC,A1,24,1.0,0.2976,ok,,,,Migração (PET e PEP) n3 - RAW,,
A1 24H 2_png.rf.XERqooMY6dKiS5aPsD5q.png,a1 24h 2,A1 24H 2 (3).tiff,HUVEC/24h,HUVEC,A1,24,1.0,0.7595,ok,,,,Migração (PET e PEP) n2 - RAW,PEP,
B7 0hr 2_png.rf.prftfZd1LyffvhWEcvAV.png,b7 0hr 2,B7 0hr 2.tiff,HUVEC/0h,HUVEC,B7,0,0.9805,0.5973,ok,,,,Saudável,,
B7 0HR 2_png.rf.dMPgfORCcjwf92Kh6sCI.png,b7 0hr 2,B7 0HR 2 (2).tiff,HUVEC/0h,HUVEC,B7,0,1.0,0.6682,ok,,,,Originais (1),,
B7 0HR 2_png.rf.nntMFnTHGgBpH6aqtdYS.png,b7 0hr 2,,,HUVEC,B7,0,,,sem_candidato,,,,,,
C7 0hr 1_png.rf.0KFwLe9lCE6WFiy10CUh.png,c7 0hr 1,C7 0hr 1.tiff,HUVEC/0h,HUVEC,C7,0,0.9425,0.2423,ok,,,,Pré-Eclâmpsia,,
C7 0HR 1_png.rf.hMZ6n4BOgfQTtrExgc7u.png,c7 0hr 1,C7 0HR 1 (2).tiff,HUVEC/0h,HUVEC,C7,0,1.0,0.2941,ok,,,,Originais (1),,
Snap-07_70_png.rf.vNyGAtPWPJA0rF6FhxvN.png,snap-7,Snap-07.tiff,SKOV/24h,SKOV,snap-7,24,0.9994,0.1718,ok,P2,CT,,,,
Snap-07_204_png.rf.H0N5xKu4UYwZk6TNY3Xd.png,snap-7,Snap-07 (2).tiff,SKOV/24h,SKOV,snap-7,24,0.9994,0.19,ok,P1,CT,,,,
Snap-07_png.rf.g6SCaXQJinM4lCI6wdd5.png,snap-7,Snap-07.tiff,SKOV/0h,SKOV,snap-7,0,0.9996,0.1518,ok,P2,CT,,,,
Snap-07_25_png.rf.XApzD0Pw1QxeCLShLeqI.png,snap-7,Snap-07.tiff,SKOV/48h,SKOV,snap-7,48,0.9996,0.1517,ok,P2,CT,,,,
Snap-07_144_png.rf.vfJMuF8YRLj9hUriVTPL.png,snap-7,Snap-07 (2).tiff,SKOV/48h,SKOV,snap-7,48,0.9994,0.2224,ok,P1,CT,,,,
Snap-33_37_png.rf.9no99MZvmBZOLsdg6Atx.png,snap-33,Snap-33.tiff,SKOV/48h,SKOV,snap-33,48,0.9996,0.2,ok,P2,GEO,,,,
Snap-33_82_png.rf.0OBavEsnW2E5DqKbGtgA.png,snap-33,Snap-33.tiff,SKOV/24h,SKOV,snap-33,24,0.9995,0.2214,ok,P2,GEO,,,,
Snap-33_171_png.rf.E47tm0ycTBxOqSzcCzoG.png,snap-33,Snap-33 (2).tiff,SKOV/48h,SKOV,snap-33,48,0.9994,0.1683,ok,P1,GEO,,,,
Snap-33_231_png.rf.JAemjrnP9ImKmVmpRfzn.png,snap-33,Snap-33 (2).tiff,SKOV/24h,SKOV,snap-33,24,0.9995,0.1683,ok,P1,GEO,,,,
Snap-33_277_png.rf.VKo8X4odufnCCAnDoQ0P.png,snap-33,Snap-33.tiff,SKOV/72h,SKOV,snap-33,72,0.9996,0.2849,ok,P1,GEO,,,,
Snap-33_png.rf.lRxwtWAAAbkEpA18HoVS.png,snap-33,Snap-33.tiff,SKOV/0h,SKOV,snap-33,0,0.9998,0.1982,ok,P2,GEO,,,,
ct1_5_png.rf.xygVTmZfimx6b9L39l2C.png,ct1 5,ct1_5.tiff,SKOV/0h,SKOV,ct1_5,0,0.9994,,ok,P1,CT,,,,
B1 8H 1_png.rf.1wxeEsithaDZPrKbJIk8.png,b1 8h 1,B1 8H 1 (3).tiff,HUVEC/8h,HUVEC,B1,8,1.0,0.0543,ok,,,,Migração (PET e PEP) n3 - RAW,,
B1 8H 1_png.rf.fqDTrXJGtwGnRUswH16c.png,b1 8h 1,B1 8H 1 (2).tiff,HUVEC/8h,HUVEC,B1,8,1.0,0.0544,ok,,,,Migração (PET e PEP) n2 - RAW,PEP + NEB 1uM,
B1 8H 1_png.rf.xsq5BkCBkpc4G5otns1Z.png,b1 8h 1,B1 8H 1.tiff,HUVEC/8h,HUVEC,B1,8,1.0,0.7809,ok,,,,LUIS RAW,PEP,
A3 12H 1_png.rf.1mSVqHM6KS3uhRK3e3lj.png,a3 12h 1,A3 12H 1 (3).tiff,HUVEC/12h,HUVEC,A3,12,1.0,0.1749,ok,,,,Migração (PET e PEP) n3 - RAW,,
A3 12H 1_png.rf.TU0BGVsD3XJqPwGYBsiu.png,a3 12h 1,A3 12H 1.tiff,HUVEC/12h,HUVEC,A3,12,1.0,1.3093,ok,,,,LUIS RAW,PEP+GB,
A3 12H 1_png.rf.6fx89SeDFqbbpHYdcuw7.png,a3 12h 1,A3 12H 1 (2).tiff,HUVEC/12h,HUVEC,A3,12,1.0,0.1749,ok,,,,Migração (PET e PEP) n2 - RAW,PEP,
C3 8H 2_png.rf.2WnG1dTj6hfmtMmaSG3l.png,c3 8h 2,C3 8H 2 (3).tiff,HUVEC/8h,HUVEC,C3,8,1.0,0.4248,ok,,,,Migração (PET e PEP) n3 - RAW,,
C3 8H 2_png.rf.JQjUW9XY0QTRcyHYnnXJ.png,c3 8h 2,C3 8H 2.tiff,HUVEC/8h,HUVEC,C3,8,1.0,0.246,ok,,,,Migração (PET e PEP) n1 - RAW,PEP + NEB 1uM,
C3 8H 2_png.rf.xnMBFgGz1tFhAeE5Mh0m.png,c3 8h 2,C3 8H 2 (2).tiff,HUVEC/8h,HUVEC,C3,8,1.0,0.2459,ok,,,,Migração (PET e PEP) n2 - RAW,PET,
C3 12H 1_png.rf.8gC4xRzYoHNmtFsxKAAM.png,c3 12h 1,C3 12H 1 (3).tiff,HUVEC/12h,HUVEC,C3,12,1.0,0.3719,ok,,,,Migração (PET e PEP) n3 - RAW,,
C3 12H 1_png.rf.gufpoClgDJpZOljTqUiO.png,c3 12h 1,C3 12H 1 (2).tiff,HUVEC/12h,HUVEC,C3,12,1.0,0.4788,ok,,,,Migração (PET e PEP) n2 - RAW,PET,
C3 12H 1_png.rf.k3Ehizb9KQn1GS9CC4y2.png,c3 12h 1,C3 12H 1.tiff,HUVEC/12h,HUVEC,C3,12,1.0,0.3719,ok,,,,Migração (PET e PEP) n1 - RAW,PEP + NEB 1uM,
A2 8H 1_png.rf.3QqxCZ8m0xBtItaJLTd2.png,a2 8h 1,A2 8H 1 (3).tiff,HUVEC/8h,HUVEC,A2,8,1.0,0.1328,ok,,,,Migração (PET e PEP) n3 - RAW,,
A2 8H 1_png.rf.6mANHGK2YRZI4BisA8Ei.png,a2 8h 1,A2 8H 1.tiff,HUVEC/8h,HUVEC,A2,8,1.0,1.5106,ok,,,,LUIS RAW,PEP+MET3,
A2 8H 1_png.rf.xvZ2Owwq7kfNeQBUdLj1.png,a2 8h 1,A2 8H 1 (2).tiff,HUVEC/8h,HUVEC,A2,8,1.0,0.1328,ok,,,,Migração (PET e PEP) n2 - RAW,PEP,
D2 0H 1_png.rf.3s7Eh5cqjrXy6cn56UBU.png,d2 0h 1,D2 0H 1 (2).tiff,HUVEC/0h,HUVEC,D2,0,1.0,0.4216,ok,,,,Migração (PET e PEP) n3 - RAW,,
D2 0H 1_png.rf.xovIJqlILOeUFQLHRyvb.png,d2 0h 1,D2 0H 1.tiff,HUVEC/0h,HUVEC,D2,0,1.0,0.4216,ok,,,,Migração (PET e PEP) n2 - RAW,PET + NEB 1uM,
C2 24HR 2_png.rf.MPADEI7GuMyp9bi3AkAx.png,c2 24hr 2,C2 24HR 2.tiff,HUVEC/24h,HUVEC,C2,24,1.0,,ok,,,,Originais (1),,
C1 24HR 1_png.rf.YPRq3IWss7VUaq3e3iGW.png,c1 24hr 1,C1 24HR 1.tiff,HUVEC/24h,HUVEC,C1,24,1.0,,ok,,,,Originais (1),,
A4 24HR _png.rf.SoP1Ps5jNnRx92pvO7dO.png,a4 24hr,A4 24HR .tiff,HUVEC/24h,HUVEC,A4,24,1.0,,ok,,,,Originais (1),,
C6 12HR 2_png.rf.QfuOOnhE4hgEtZc6n4FV.png,c6 12hr 2,C6 12HR 2.tiff,HUVEC/12h,HUVEC,C6,12,1.0,,ok,,,,Originais (1),,
A8 12HR 2_png.rf.VAU0OVpOBwbG6A1pJf3X.png,a8 12hr 2,A8 12HR 2 (2).tiff,HUVEC/12h,HUVEC,A8,12,1.0,0.4825,ok,,,,Originais (1),,
A8 12HR 2_png.rf.us5pv6GHD379VoqxMyqM.png,a8 12hr 2,A8 12HR 2.tiff,HUVEC/12h,HUVEC,A8,12,1.0,0.4825,ok,,,,originais,,
ptx2_5_png.rf.ZcYzvy2P9SDnI5FO7SZ3.png,ptx2 5,ptx2_5.tiff,SKOV/0h,SKOV,ptx2_5,0,0.9995,,ok,P1,PTX,,,,
B2 0hr 1_png.rf.db9iQQ8HUhDl1bXRwF8r.png,b2 0hr 1,B2 0hr 1.tiff,HUVEC/0h,HUVEC,B2,0,0.4194,0.5399,ambiguo,,,,Controle,,
B2 0HR 1_png.rf.5zUWBCAzk9uVSqr7HPbp.png,b2 0hr 1,B2 0HR 1 (2).tiff,HUVEC/0h,HUVEC,B2,0,1.0,1.0825,ok,,,,Originais (1),,
B2 0HR 1_png.rf.rzJTQJsC1FX8HbufhcZr.png,b2 0hr 1,,,HUVEC,B2,0,,,sem_candidato,,,,,,
B2 0hr 2_png.rf.fIFxz7VDzzqkj4zabua0.png,b2 0hr 2,B2 0hr 2.tiff,HUVEC/0h,HUVEC,B2,0,0.9802,0.2891,ok,,,,Controle,,
B2 0hr 2_png.rf.NX9PehcIUtrbpP4AGDjt.png,b2 0hr 2,,,HUVEC,B2,0,,,sem_candidato,,,,,,
B2 0HR 2_png.rf.YbEuLym6tx1G0ByLVH1s.png,b2 0hr 2,,,HUVEC,B2,0,,,sem_candidato,,,,,,
B2 0HR 2_png.rf.cDHclAIceZElSA3dVBAx.png,b2 0hr 2,B2 0HR 2 (2).tiff,HUVEC/0h,HUVEC,B2,0,1.0,0.2885,ok,,,,Originais (1),,
C3 12HR 1_png.rf.k9cSExscEQguJR8FzubC.png,c3 12hr 1,C3 12HR 1.tiff,HUVEC/12h,HUVEC,C3,12,1.0,,ok,,,,Originais (1),,
B8 24HR 2_png.rf.b5g4X4XnMrKNqb9SQURi.png,b8 24hr 2,B8 24HR 2 (2).tiff,HUVEC/24h,HUVEC,B8,24,1.0,0.4304,ok,,,,Originais (1),,
B8 24HR 2_png.rf.ERLmHyV7djMflJp4wvGM.png,b8 24hr 2,B8 24HR 2.tiff,HUVEC/24h,HUVEC,B8,24,1.0,0.4304,ok,,,,originais,,
Snap-53_216_png.rf.ceY07VS1O3yBsoN0i4yF.png,snap-53,Snap-53 (2).tiff,SKOV/24h,SKOV,snap-53,24,0.9996,0.2141,ok,P1,GEO+PTX,,,,
Snap-53_156_png.rf.2KewamwDRhiW6t7lbzHC.png,snap-53,Snap-53 (2).tiff,SKOV/48h,SKOV,snap-53,48,0.9995,0.216,ok,P1,GEO+PTX,,,,
Snap-53_png.rf.SPyaEqsIv6YUwm8RQELh.png,snap-53,Snap-53.tiff,SKOV/0h,SKOV,snap-53,0,0.9995,0.2135,ok,P2,CARBO+GEO,,,,
Snap-53_112_png.rf.y85Lfcr4yLHN2tGaM2NL.png,snap-53,Snap-53.tiff,SKOV/24h,SKOV,snap-53,24,0.9995,0.2194,ok,P2,CARBO+GEO,,,,
Snap-53_7_png.rf.2ct09e2HAorv0Sj4JVs5.png,snap-53,Snap-53.tiff,SKOV/48h,SKOV,snap-53,48,0.9995,0.2583,ok,P2,CARBO+GEO,,,,
C1 12HR 1_png.rf.gB0o6oQuTbhG8ZUNerJu.png,c1 12hr 1,C1 12HR 1.tiff,HUVEC/12h,HUVEC,C1,12,1.0,,ok,,,,Originais (1),,
D2 12HR 1_png.rf.p5hRLQSbnz5xkNGQSLyI.png,d2 12hr 1,D2 12HR 1 (2).tiff,HUVEC/12h,HUVEC,D2,12,1.0,0.5443,ok,,,,Originais (1),,
D2 12HR 1_png.rf.V6y5jkWZ8U2dauX4R8yb.png,d2 12hr 1,D2 12HR 1.tiff,HUVEC/12h,HUVEC,D2,12,1.0,0.5443,ok,,,,originais,,
B3 24H 2_png.rf.EyLWdlWUKIXMP6iPFvce.png,b3 24h 2,B3 24H 2.tiff,HUVEC/24h,HUVEC,B3,24,1.0,0.2757,ok,,,,LUIS RAW,PEP+GB,
B3 24H 2_png.rf.lz3tD9MuGQ7oyICLG9uX.png,b3 24h 2,B3 24H 2 (4).tiff,HUVEC/24h,HUVEC,B3,24,1.0,0.0839,ok,,,,Migração (PET e PEP) n3 - RAW,,
B3 24H 2_png.rf.PpupAz8GxRor2jDbCqF6.png,b3 24h 2,B3 24H 2 (2).tiff,HUVEC/24h,HUVEC,B3,24,1.0,0.0839,ok,,,,Migração (PET e PEP) n1 - RAW,PEP,
B3 24H 2_png.rf.JIWJJuOjEyFnBTTqWboN.png,b3 24h 2,B3 24H 2 (3).tiff,HUVEC/24h,HUVEC,B3,24,1.0,0.2757,ok,,,,Migração (PET e PEP) n2 - RAW,PEP + NEB 5uM,
D5 0HR 1_png.rf.SbuUvkEBfRb7XvbRCXbf.png,d5 0hr 1,D5 0HR 1.tiff,HUVEC/0h,HUVEC,D5,0,1.0,,ok,,,,originais,,
B7 8HR 2_png.rf.yDoXeIkOiLCyfJbfAIKB.png,b7 8hr 2,B7 8HR 2 (2).tiff,HUVEC/8h,HUVEC,B7,8,1.0,0.2171,ok,,,,Originais (1),,
B7 8hr 2_png.rf.31N2cJl5ULRNszuwGyOb.png,b7 8hr 2,B7 8hr 2.tiff,HUVEC/8h,HUVEC,B7,8,0.9728,0.1763,ok,,,,Saudável,,
B7 8HR 2_png.rf.6EowOoKvvsLORMwWwBzP.png,b7 8hr 2,,,HUVEC,B7,8,,,sem_candidato,,,,,,
C2 8HR 1_png.rf.wLj3o7QBiTw4PQFnhYZK.png,c2 8hr 1,C2 8HR 1.tiff,HUVEC/8h,HUVEC,C2,8,1.0,,ok,,,,Originais (1),,
A8 0HR 1_png.rf.ywsuBpu9YgKyQg8WWxOB.png,a8 0hr 1,A8 0HR 1 (2).tiff,HUVEC/0h,HUVEC,A8,0,1.0,0.2159,ok,,,,Originais (1),,
A8 0HR 1_png.rf.NsYrX2Q0eYbZWXoghwTi.png,a8 0hr 1,A8 0HR 1.tiff,HUVEC/0h,HUVEC,A8,0,1.0,0.2159,ok,,,,originais,,
Snap-30_55_png.rf.6m4MweF1gXcaFnLD23yF.png,snap-30,Snap-30.tiff,SKOV/48h,SKOV,snap-30,48,0.9996,0.2314,ok,P2,CARBO,,,,
Snap-30_100_png.rf.DcdJxw6OPtMDzDx5c3Lq.png,snap-30,Snap-30.tiff,SKOV/24h,SKOV,snap-30,24,0.9996,0.2251,ok,P2,CARBO,,,,
Snap-30_png.rf.Xojuz9v1uRZimBXRpyJ2.png,snap-30,Snap-30.tiff,SKOV/0h,SKOV,snap-30,0,0.9997,0.2265,ok,P2,CARBO,,,,
Snap-30_129_png.rf.KEvLsnuWxsJl9q7Pk2G2.png,snap-30,Snap-30 (2).tiff,SKOV/48h,SKOV,snap-30,48,0.9995,0.2535,ok,P1,PTX,,,,
Snap-30_189_png.rf.U7DtY68aa2qOKJpDCR2K.png,snap-30,Snap-30 (2).tiff,SKOV/24h,SKOV,snap-30,24,0.9998,0.2543,ok,P1,PTX,,,,
B5 24h 2_png.rf.3cjezeQQgtHMSACrb0Ld.png,b5 24h 2,B5 24h 2.tiff,HUVEC/24h,HUVEC,B5,24,0.9657,0.208,ok,,,,Pré-Eclâmpsia,,
B5 24H 2_png.rf.byu1C5KzftHjtBI9ULN6.png,b5 24h 2,B5 24H 2 (3).tiff,HUVEC/24h,HUVEC,B5,24,1.0,0.3144,ok,,,,Migração (PET e PEP) n1 - RAW,PEP,
B5 24H 2_png.rf.6Ig6Tpi1O42aZ0x8gcXo.png,b5 24h 2,B5 24H 2 (2).tiff,HUVEC/24h,HUVEC,B5,24,1.0,0.2361,ok,,,,LUIS RAW,PEP,
B2 8H 1_png.rf.82fOfdAqqU18vFxOh5u1.png,b2 8h 1,B2 8H 1 (3).tiff,HUVEC/8h,HUVEC,B2,8,1.0,0.7331,ok,,,,Migração (PET e PEP) n3 - RAW,,
B2 8H 1_png.rf.1sEMLb1fXZPZHJjrhVPy.png,b2 8h 1,B2 8H 1.tiff,HUVEC/8h,HUVEC,B2,8,1.0,0.8687,ok,,,,LUIS RAW,PEP+MET3,
B2 8H 1_png.rf.eHCBbYTrS06t1A3Xetic.png,b2 8h 1,B2 8H 1 (2).tiff,HUVEC/8h,HUVEC,B2,8,1.0,0.7331,ok,,,,Migração (PET e PEP) n2 - RAW,PEP + NEB 1uM,
B8 0hr 2_png.rf.aZCq8UqHxNli7naRqYDo.png,b8 0hr 2,B8 0hr 2.tiff,HUVEC/0h,HUVEC,B8,0,0.9691,0.3645,ok,,,,Saudável,,
B8 0HR 2_png.rf.1mcXWBrhxYELPgOqOm7Y.png,b8 0hr 2,B8 0HR 2 (2).tiff,HUVEC/0h,HUVEC,B8,0,1.0,0.3592,ok,,,,Originais (1),,
B8 0HR 2_png.rf.NmJGNQtA45arpoRi4Nti.png,b8 0hr 2,,,HUVEC,B8,0,,,sem_candidato,,,,,,
D3 12HR 1_png.rf.Yo8fn057Z7AttFerhIaK.png,d3 12hr 1,D3 12HR 1 (2).tiff,HUVEC/12h,HUVEC,D3,12,1.0,0.7572,ok,,,,Originais (1),,
D3 12HR 1_png.rf.mifzTygCpbeTjrtE3vVM.png,d3 12hr 1,D3 12HR 1.tiff,HUVEC/12h,HUVEC,D3,12,1.0,0.7572,ok,,,,originais,,
C7 24HR 2_png.rf.cnX19wyaKkQGsBZZ4Sw2.png,c7 24hr 2,C7 24HR 2.tiff,HUVEC/24h,HUVEC,C7,24,1.0,,ok,,,,Originais (1),,
A7 12HR 2_png.rf.f4E0d0pjc4kys6Feop64.png,a7 12hr 2,A7 12HR 2 (2).tiff,HUVEC/12h,HUVEC,A7,12,1.0,0.4591,ok,,,,Originais (1),,
A7 12HR 2_png.rf.LGr3s2Yj4OY0qdGUWghJ.png,a7 12hr 2,A7 12HR 2.tiff,HUVEC/12h,HUVEC,A7,12,1.0,0.4591,ok,,,,originais,,
ptx1_2_png.rf.mOSxinMIUOQxQUjpAhxb.png,ptx1 2,ptx1_2.tiff,SKOV/0h,SKOV,ptx1_2,0,0.9996,,ok,P1,PTX,,,,
B2 24H 2_png.rf.X8Z6nGLnH4ONbqM6CEpF.png,b2 24h 2,B2 24H 2.tiff,HUVEC/24h,HUVEC,B2,24,0.9752,0.0163,ambiguo,,,,Saudável,,
B2 24H 2_png.rf.2B8Ciuc7mmIxPuHxOZLz.png,b2 24h 2,B2 24H 2 (4).tiff,HUVEC/24h,HUVEC,B2,24,1.0,0.3599,ok,,,,Migração (PET e PEP) n3 - RAW,,
B2 24H 2_png.rf.Q3DCFWxYj6laxcLJd6a0.png,b2 24h 2,B2 24H 2 (2).tiff,HUVEC/24h,HUVEC,B2,24,1.0,1.4911,ok,,,,LUIS RAW,PEP+MET3,
B2 24H 2_png.rf.6K3bulaFjDpWKIXTUtMN.png,b2 24h 2,B2 24H 2 (3).tiff,HUVEC/24h,HUVEC,B2,24,1.0,0.0461,ambiguo,,,,Migração (PET e PEP) n2 - RAW,PEP + NEB 1uM,
B6 8HR 2_png.rf.lL8VF3TnnS6JnU7Tc7Wa.png,b6 8hr 2,B6 8HR 2 (2).tiff,HUVEC/8h,HUVEC,B6,8,1.0,0.5446,ok,,,,Originais (1),,
B6 8HR 2_png.rf.bHSaiKrngLQxd2WS4VGz.png,b6 8hr 2,,,HUVEC,B6,8,,,sem_candidato,,,,,,
B6 8hr 2_png.rf.O9yXvhq4gJ67a56wZwzv.png,b6 8hr 2,B6 8hr 2.tiff,HUVEC/8h,HUVEC,B6,8,0.9566,0.5291,ok,,,,Saudável,,
A2 8HR 2_png.rf.u3NMC3KSQZdSv2RTyFC5.png,a2 8hr 2,A2 8HR 2 (2).tiff,HUVEC/8h,HUVEC,A2,8,1.0,0.3332,ok,,,,Originais (1),,
A2 8HR 2_png.rf.OPzk7PLhz0XXJ9whIGjz.png,a2 8hr 2,A2 8HR 2.tiff,HUVEC/8h,HUVEC,A2,8,1.0,0.3332,ok,,,,originais,,
C2 8H 2_png.rf.DMVAcxSLblieiwwMA22S.png,c2 8h 2,C2 8H 2 (2).tiff,HUVEC/8h,HUVEC,C2,8,1.0,0.3165,ok,,,,Migração (PET e PEP) n3 - RAW,,
C2 8H 2_png.rf.hIrLcZkOgk90yFawiPTB.png,c2 8h 2,C2 8H 2.tiff,HUVEC/8h,HUVEC,C2,8,1.0,0.3165,ok,,,,Migração (PET e PEP) n2 - RAW,PET,
C3 12H 2_png.rf.EZwf4Pv39ZyBeUX9Siot.png,c3 12h 2,C3 12H 2 (3).tiff,HUVEC/12h,HUVEC,C3,12,1.0,0.5165,ok,,,,Migração (PET e PEP) n3 - RAW,,
C3 12H 2_png.rf.9BFyHnRYAWj09CUpjmbm.png,c3 12h 2,C3 12H 2.tiff,HUVEC/12h,HUVEC,C3,12,1.0,0.227,ok,,,,Migração (PET e PEP) n1 - RAW,PEP + NEB 1uM,
C3 12H 2_png.rf.tExKdQ0xoYVj68ww6N50.png,c3 12h 2,C3 12H 2 (2).tiff,HUVEC/12h,HUVEC,C3,12,1.0,0.227,ok,,,,Migração (PET e PEP) n2 - RAW,PET,
A1 8H 2_png.rf.Fg5j1LHwzHDaS3nDHYaG.png,a1 8h 2,A1 8H 2 (3).tiff,HUVEC/8h,HUVEC,A1,8,1.0,0.4837,ok,,,,Migração (PET e PEP) n3 - RAW,,
A1 8H 2_png.rf.o3mN54nakRmUHu9bcoEx.png,a1 8h 2,A1 8H 2 (2).tiff,HUVEC/8h,HUVEC,A1,8,1.0,0.6745,ok,,,,Migração (PET e PEP) n2 - RAW,PEP,
B3 12H 2_png.rf.NDVg6wiBvaIIXeGck2ha.png,b3 12h 2,B3 12H 2.tiff,HUVEC/12h,HUVEC,B3,12,1.0,0.0802,ok,,,,LUIS RAW,PEP+GB,
B3 12H 2_png.rf.j98jhElrKsmQ8U5bNLem.png,b3 12h 2,B3 12H 2 (4).tiff,HUVEC/12h,HUVEC,B3,12,1.0,0.2169,ok,,,,Migração (PET e PEP) n3 - RAW,,
B3 12H 2_png.rf.5Jpy0eTyEFkYVLhRnY0H.png,b3 12h 2,B3 12H 2 (2).tiff,HUVEC/12h,HUVEC,B3,12,1.0,0.103,ok,,,,Migração (PET e PEP) n1 - RAW,PEP,
B3 12H 2_png.rf.VwsTMjoz5gMDEM6g8sEy.png,b3 12h 2,B3 12H 2 (3).tiff,HUVEC/12h,HUVEC,B3,12,1.0,0.0802,ok,,,,Migração (PET e PEP) n2 - RAW,PEP + NEB 5uM,
E1 24H 1_png.rf.JjdLiNmCus3kSa50aOeW.png,e1 24h 1,E1 24H 1.tiff,HUVEC/24h,HUVEC,E1,24,1.0,,ok,,,,LUIS RAW,PEP,
B7 24H 1_png.rf.OtOpnukvsf6oYU6mqpLu.png,b7 24h 1,B7 24H 1 (2).tiff,HUVEC/24h,HUVEC,B7,24,1.0,0.7101,ok,,,,LUIS RAW,PEP+GB,
B7 24h 1_png.rf.711fbkCM378FKfxwg6z1.png,b7 24h 1,B7 24h 1.tiff,HUVEC/24h,HUVEC,B7,24,0.8366,0.6009,ok,,,,Pré-Eclâmpsia,,
B7 24h 1_png.rf.5p9AHhSfxGprdyejHtqc.png,b7 24h 1,,,HUVEC,B7,24,,,sem_candidato,,,,,,
D1 8H 1_png.rf.AmYzGCscmIMNbZlAIVL4.png,d1 8h 1,D1 8H 1 (3).tiff,HUVEC/8h,HUVEC,D1,8,1.0,0.1495,ok,,,,Migração (PET e PEP) n3 - RAW,,
D1 8H 1_png.rf.zbjZK9V0wwXONgH5gW3t.png,d1 8h 1,D1 8H 1 (2).tiff,HUVEC/8h,HUVEC,D1,8,1.0,0.2262,ok,,,,Migração (PET e PEP) n2 - RAW,PET + NEB 1uM,
D1 8H 1_png.rf.6S1MX1FR4Rawy7SjqcqO.png,d1 8h 1,D1 8H 1.tiff,HUVEC/8h,HUVEC,D1,8,1.0,0.1495,ok,,,,LUIS RAW,PET,
C2 8H 1_png.rf.CgtKGglvZUo2NKAOhpkN.png,c2 8h 1,C2 8H 1 (2).tiff,HUVEC/8h,HUVEC,C2,8,1.0,0.0954,ok,,,,Migração (PET e PEP) n3 - RAW,,
C2 8H 1_png.rf.YcvorWt40mgqlkfFWa9p.png,c2 8h 1,C2 8H 1.tiff,HUVEC/8h,HUVEC,C2,8,1.0,0.0954,ok,,,,Migração (PET e PEP) n2 - RAW,PET,
A1 0H 2_png.rf.Ch9zsbnPPUewmwRQvgwK.png,a1 0h 2,A1 0H 2 (3).tiff,HUVEC/0h,HUVEC,A1,0,1.0,0.1547,ok,,,,Migração (PET e PEP) n3 - RAW,,
A1 0H 2_png.rf.zdc9javVRAONDqMECkcv.png,a1 0h 2,A1 0H 2 (2).tiff,HUVEC/0h,HUVEC,A1,0,1.0,0.1547,ok,,,,Migração (PET e PEP) n2 - RAW,PEP,
C1 12H 1_png.rf.DBQsmm0tg6U59ZM4Ject.png,c1 12h 1,C1 12H 1 (3).tiff,HUVEC/12h,HUVEC,C1,12,1.0,0.5588,ok,,,,Migração (PET e PEP) n3 - RAW,,
C1 12H 1_png.rf.3MJj2LN3tzGOspcR3v0U.png,c1 12h 1,C1 12H 1 (2).tiff,HUVEC/12h,HUVEC,C1,12,1.0,0.2504,ok,,,,Migração (PET e PEP) n2 - RAW,PET,
C1 12H 1_png.rf.3eaAz3o1S8lN2vN7cVFf.png,c1 12h 1,C1 12H 1.tiff,HUVEC/12h,HUVEC,C1,12,1.0,0.2504,ok,,,,LUIS RAW,PET,
D1 24H 1_png.rf.9St1pSdNBqUmYewNNUks.png,d1 24h 1,D1 24H 1 (3).tiff,HUVEC/24h,HUVEC,D1,24,1.0,0.1884,ok,,,,Migração (PET e PEP) n3 - RAW,,
D1 24H 1_png.rf.OBD2OApvH8j8vOMik7pK.png,d1 24h 1,D1 24H 1 (2).tiff,HUVEC/24h,HUVEC,D1,24,1.0,0.086,ok,,,,Migração (PET e PEP) n2 - RAW,PET + NEB 1uM,
D2 12H 2_png.rf.ACOvW3ReDoIcqLBcUAWq.png,d2 12h 2,D2 12H 2 (2).tiff,HUVEC/12h,HUVEC,D2,12,1.0,0.9087,ok,,,,Migração (PET e PEP) n3 - RAW,,
D2 12H 2_png.rf.asho9rO42U1YkLH8onj3.png,d2 12h 2,D2 12H 2.tiff,HUVEC/12h,HUVEC,D2,12,1.0,0.9087,ok,,,,Migração (PET e PEP) n2 - RAW,PET + NEB 1uM,
Snap-28_png.rf.53e1fT3dOkKzOIbE7A2L.png,snap-28,Snap-28.tiff,SKOV/0h,SKOV,snap-28,0,0.9994,0.1918,ok,P2,CARBO,,,,
Snap-28_52_png.rf.DmC6ddQwMqlVy1m8BSG0.png,snap-28,Snap-28.tiff,SKOV/48h,SKOV,snap-28,48,0.9996,0.2335,ok,P2,CARBO,,,,
Snap-28_280_png.rf.Xe3kQDC14ewhHfBA8CUW.png,snap-28,Snap-28.tiff,SKOV/72h,SKOV,snap-28,72,0.9987,0.2061,ok,P1,GEO,,,,
Snap-28_126_png.rf.V9gVxGXcQuCpVJLB39Zx.png,snap-28,Snap-28 (2).tiff,SKOV/48h,SKOV,snap-28,48,0.9996,0.2749,ok,P1,PTX,,,,
Snap-28_186_png.rf.Pxc3A3OicklntYPjiAag.png,snap-28,Snap-28 (2).tiff,SKOV/24h,SKOV,snap-28,24,0.9996,0.2223,ok,P1,PTX,,,,
Snap-28_97_png.rf.XDLmTq2FjXvy3Vkcqds3.png,snap-28,Snap-28.tiff,SKOV/24h,SKOV,snap-28,24,0.9995,0.1914,ok,P2,CARBO,,,,
Snap-32_232_png.rf.H6ouoiFAv5Y1rFVDrWAl.png,snap-32,Snap-32 (2).tiff,SKOV/24h,SKOV,snap-32,24,0.9995,0.1782,ok,P1,GEO,,,,
Snap-32_172_png.rf.v8kSqKvdYhYnQPNDX2xH.png,snap-32,Snap-32 (2).tiff,SKOV/48h,SKOV,snap-32,48,0.9994,0.178,ok,P1,GEO,,,,
Snap-32_278_png.rf.nLijQDvNEE80IhapSa8o.png,snap-32,Snap-32.tiff,SKOV/72h,SKOV,snap-32,72,0.9996,0.3177,ok,P1,GEO,,,,
Snap-32_83_png.rf.zimIKCDN8Am3qdwGC4kR.png,snap-32,Snap-32.tiff,SKOV/24h,SKOV,snap-32,24,0.9995,0.2146,ok,P2,GEO,,,,
Snap-32_38_png.rf.Bax0fFvBhSAiX72iQPds.png,snap-32,Snap-32.tiff,SKOV/48h,SKOV,snap-32,48,0.9995,0.2412,ok,P2,GEO,,,,
Snap-32_png.rf.gnPsOfWEBlQ88rOXjxL2.png,snap-32,Snap-32.tiff,SKOV/0h,SKOV,snap-32,0,0.9997,0.1996,ok,P2,GEO,,,,
B4 8H 2_png.rf.JLOE0R7PHObSGtKZkOIy.png,b4 8h 2,B4 8H 2 (4).tiff,HUVEC/8h,HUVEC,B4,8,1.0,0.2863,ok,,,,Migração (PET e PEP) n3 - RAW,,
B4 8H 2_png.rf.eb7KTH0SjX0wu1Kt3RMo.png,b4 8h 2,B4 8H 2 (2).tiff,HUVEC/8h,HUVEC,B4,8,1.0,0.1436,ok,,,,Migração (PET e PEP) n1 - RAW,PEP,
B4 8H 2_png.rf.sBbuiEVhnnULLBzNf5UU.png,b4 8h 2,B4 8H 2 (3).tiff,HUVEC/8h,HUVEC,B4,8,1.0,0.1143,ok,,,,Migração (PET e PEP) n2 - RAW,PEP + NEB 5uM,
B4 8H 2_png.rf.ShxIhASvXw8lGbZkLgUb.png,b4 8h 2,B4 8H 2.tiff,HUVEC/8h,HUVEC,B4,8,1.0,0.1143,ok,,,,LUIS RAW,PEP+MCC,
D4 12H 2_png.rf.JoRndEJA1lep3hprLUOS.png,d4 12h 2,D4 12H 2 (3).tiff,HUVEC/12h,HUVEC,D4,12,1.0,0.7629,ok,,,,Migração (PET e PEP) n3 - RAW,,
D4 12H 2_png.rf.oo3BzL9sz02jNfhjhBSz.png,d4 12h 2,D4 12H 2 (2).tiff,HUVEC/12h,HUVEC,D4,12,1.0,0.402,ok,,,,Migração (PET e PEP) n2 - RAW,PET + NEB 5uM,
D4 12H 2_png.rf.txyJ67o8LXpC3sVtUoTH.png,d4 12h 2,D4 12H 2.tiff,HUVEC/12h,HUVEC,D4,12,1.0,0.402,ok,,,,Migração (PET e PEP) n1 - RAW,PEP + NEB 5uM,
A4 8HR 1_png.rf.zapxIcIaLMQGJ9HbDNKV.png,a4 8hr 1,A4 8HR 1 (2).tiff,HUVEC/8h,HUVEC,A4,8,1.0,0.1838,ok,,,,Originais (1),,
A4 8HR 1_png.rf.Oh3iZV03y0zaBFvuM0HD.png,a4 8hr 1,A4 8HR 1.tiff,HUVEC/8h,HUVEC,A4,8,1.0,0.1838,ok,,,,originais,,
Snap-29_183_png.rf.TEtTesrejABE2zAfrCRO.png,snap-29,Snap-29 (2).tiff,SKOV/24h,SKOV,snap-29,24,0.9996,0.139,ok,P1,PTX,,,,
Snap-29_275_png.rf.XkckzJWNljmGBj0JLo7I.png,snap-29,Snap-29.tiff,SKOV/72h,SKOV,snap-29,72,0.9991,0.2231,ok,P1,GEO,,,,
Snap-29_png.rf.HhjvWugqHNOuxEUR80xT.png,snap-29,Snap-29.tiff,SKOV/0h,SKOV,snap-29,0,0.9998,0.1393,ok,P2,CARBO,,,,
Snap-29_123_png.rf.VWdEayiXaSZj0sRvU9Lh.png,snap-29,Snap-29 (2).tiff,SKOV/48h,SKOV,snap-29,48,0.9996,0.16,ok,P1,PTX,,,,
Snap-29_94_png.rf.qaT0a4MOXWeFqaJqDMsT.png,snap-29,Snap-29.tiff,SKOV/24h,SKOV,snap-29,24,0.9988,0.1798,ok,P2,CARBO,,,,
Snap-29_49_png.rf.sO8t65IvPbrmOmeTdSFp.png,snap-29,Snap-29.tiff,SKOV/48h,SKOV,snap-29,48,0.9996,0.1523,ok,P2,CARBO,,,,
Snap-31_40_png.rf.MlgkW5XJAczCgefQquEJ.png,snap-31,Snap-31.tiff,SKOV/48h,SKOV,snap-31,48,0.9995,0.2443,ok,P2,GEO,,,,
Snap-31_281_png.rf.HrwVzS03qTHBX5RB7awf.png,snap-31,Snap-31.tiff,SKOV/72h,SKOV,snap-31,72,0.9996,0.2652,ok,P1,GEO,,,,
D4 0H 1_png.rf.FutNJ1bcHBCTMEvRlEBr.png,d4 0h 1,D4 0H 1 (3).tiff,HUVEC/0h,HUVEC,D4,0,1.0,0.1217,ok,,,,Migração (PET e PEP) n3 - RAW,,
D4 0H 1_png.rf.7IFP3MwTGMviOOsMWWnv.png,d4 0h 1,D4 0H 1 (2).tiff,HUVEC/0h,HUVEC,D4,0,1.0,0.1217,ok,,,,Migração (PET e PEP) n2 - RAW,PET + NEB 5uM,
D4 0H 1_png.rf.hIDWQ46StqSUcKyGmBYY.png,d4 0h 1,D4 0H 1.tiff,HUVEC/0h,HUVEC,D4,0,1.0,0.7743,ok,,,,Migração (PET e PEP) n1 - RAW,PEP + NEB 5uM,
B5 24h 1_png.rf.eRMLDgcaTXW0RnafPtxO.png,b5 24h 1,,,HUVEC,B5,24,,,sem_candidato,,,,,,
B5 24h 1_png.rf.KqK0yeM8f5TSNBY037vO.png,b5 24h 1,B5 24h 1.tiff,HUVEC/24h,HUVEC,B5,24,0.927,0.4221,ok,,,,Pré-Eclâmpsia,,
B5 24H 1_png.rf.v4xzVz9xWcYuAyRBEFK6.png,b5 24h 1,B5 24H 1 (3).tiff,HUVEC/24h,HUVEC,B5,24,1.0,0.3031,ok,,,,Migração (PET e PEP) n1 - RAW,PEP,
B5 24H 1_png.rf.8BLfMU53TgFR8c7rKbxk.png,b5 24h 1,B5 24H 1 (2).tiff,HUVEC/24h,HUVEC,B5,24,1.0,0.3031,ok,,,,LUIS RAW,PEP,
C4 24HR 1_png.rf.eIMMU5GPoFUXukXzzpRq.png,c4 24hr 1,C4 24HR 1.tiff,HUVEC/24h,HUVEC,C4,24,1.0,,ok,,,,Originais (1),,
ptx3_4_png.rf.zUAP19LA8H9wE86pzDel.png,ptx3 4,ptx3_4.tiff,SKOV/0h,SKOV,ptx3_4,0,0.9996,,ok,P1,PTX,,,,
A5 12HR 2_png.rf.rAr8U7x7uLNYSny2Orvg.png,a5 12hr 2,A5 12HR 2 (2).tiff,HUVEC/12h,HUVEC,A5,12,1.0,0.4236,ok,,,,Originais (1),,
A5 12HR 2_png.rf.mzYpTwvbQHLWffHAkMOe.png,a5 12hr 2,A5 12HR 2.tiff,HUVEC/12h,HUVEC,A5,12,1.0,0.4236,ok,,,,originais,,
C3 12HR 2_png.rf.zgyiXq2ugB20KJ4MV7F7.png,c3 12hr 2,C3 12HR 2.tiff,HUVEC/12h,HUVEC,C3,12,1.0,,ok,,,,Originais (1),,
Snap-04_23_png.rf.1BJgEenRWx1JWIEQf9Lv.png,snap-4,Snap-04.tiff,SKOV/48h,SKOV,snap-4,48,0.9867,0.2091,ok,P2,CT,,,,
Snap-04_142_png.rf.M2wnhWd1Sd8Ifvp6QzaX.png,snap-4,Snap-04 (2).tiff,SKOV/48h,SKOV,snap-4,48,0.9996,0.148,ok,P1,CT,,,,
Snap-04_202_png.rf.NR0kpfukSEnlSMYMSLQj.png,snap-4,Snap-04 (2).tiff,SKOV/24h,SKOV,snap-4,24,0.9995,0.1639,ok,P1,CT,,,,
Snap-04_png.rf.sMGktY9BFWuJUYIgaqQM.png,snap-4,Snap-04.tiff,SKOV/0h,SKOV,snap-4,0,0.9997,0.1486,ok,P2,CT,,,,
Snap-04_68_png.rf.qa33swNedVvsWNkINBRJ.png,snap-4,Snap-04.tiff,SKOV/24h,SKOV,snap-4,24,0.9992,0.2358,ok,P2,CT,,,,
A8 12HR 1_png.rf.xRg914oD9uiAFvSCIuM5.png,a8 12hr 1,A8 12HR 1 (2).tiff,HUVEC/12h,HUVEC,A8,12,1.0,0.3337,ok,,,,Originais (1),,
A8 12HR 1_png.rf.S0EDn8crl6auGSHhKnlu.png,a8 12hr 1,A8 12HR 1.tiff,HUVEC/12h,HUVEC,A8,12,1.0,0.3337,ok,,,,originais,,
Snap-05_199_png.rf.6Q1Bw549TYJ3y3mfuvz8.png,snap-5,Snap-05 (2).tiff,SKOV/24h,SKOV,snap-5,24,0.9994,0.1648,ok,P1,CT,,,,
Snap-05_65_png.rf.DoDrkBOFzLTZlfhsvn9K.png,snap-5,Snap-05.tiff,SKOV/24h,SKOV,snap-5,24,0.9991,0.1967,ok,P2,CT,,,,
Snap-05_139_png.rf.niBpFx50l8Vf2AVZYkEa.png,snap-5,Snap-05 (2).tiff,SKOV/48h,SKOV,snap-5,48,0.9995,0.1649,ok,P1,CT,,,,
Snap-05_png.rf.wkFRpHndlLEZ8vXfITkh.png,snap-5,Snap-05.tiff,SKOV/0h,SKOV,snap-5,0,0.9997,0.1838,ok,P2,CT,,,,
Snap-05_20_png.rf.0ZVYxRfLCmMj9Gx6Z8HM.png,snap-5,Snap-05.tiff,SKOV/48h,SKOV,snap-5,48,0.9989,0.3229,ok,P2,CT,,,,
B2 12H 2_png.rf.YYY5vUirwJPSMny2nvl3.png,b2 12h 2,B2 12H 2 (3).tiff,HUVEC/12h,HUVEC,B2,12,1.0,0.3806,ok,,,,Migração (PET e PEP) n3 - RAW,,
B2 12H 2_png.rf.FzXZIgC2qgWNJeU50fSK.png,b2 12h 2,B2 12H 2 (2).tiff,HUVEC/12h,HUVEC,B2,12,1.0,0.3806,ok,,,,Migração (PET e PEP) n2 - RAW,PEP + NEB 1uM,
C3 8H 1_png.rf.aUtWxOp3N6x2Sm6L3Pxy.png,c3 8h 1,C3 8H 1 (3).tiff,HUVEC/8h,HUVEC,C3,8,1.0,0.2004,ok,,,,Migração (PET e PEP) n3 - RAW,,
C3 8H 1_png.rf.ifkP9o7aasJYjCRBwRMd.png,c3 8h 1,C3 8H 1 (2).tiff,HUVEC/8h,HUVEC,C3,8,1.0,0.2004,ok,,,,Migração (PET e PEP) n2 - RAW,PET,
C3 8H 1_png.rf.zcpxPqNmc4P4JnYSdW6p.png,c3 8h 1,C3 8H 1.tiff,HUVEC/8h,HUVEC,C3,8,1.0,0.3247,ok,,,,Migração (PET e PEP) n1 - RAW,PEP + NEB 1uM,
D2 0H 2_png.rf.Dp47CnjPtc2Ypjhgjlpy.png,d2 0h 2,D2 0H 2 (2).tiff,HUVEC/0h,HUVEC,D2,0,1.0,0.4089,ok,,,,Migração (PET e PEP) n3 - RAW,,
D2 0H 2_png.rf.aFJ3evuMPh4bmQ6vObzi.png,d2 0h 2,D2 0H 2.tiff,HUVEC/0h,HUVEC,D2,0,1.0,0.4089,ok,,,,Migração (PET e PEP) n2 - RAW,PET + NEB 1uM,
B3 0H 1_png.rf.GfdZamns9A85dmpsncQd.png,b3 0h 1,B3 0H 1 (4).tiff,HUVEC/0h,HUVEC,B3,0,1.0,0.0454,ambiguo,,,,Migração (PET e PEP) n3 - RAW,,
B3 0H 1_png.rf.VOvR3gkaIxZfUxZn7iWW.png,b3 0h 1,B3 0H 1.tiff,HUVEC/0h,HUVEC,B3,0,1.0,0.4871,ok,,,,LUIS RAW,PEP+GB,
B3 0H 1_png.rf.TvmtLMFiWafJEYHH5ahW.png,b3 0h 1,B3 0H 1 (2).tiff,HUVEC/0h,HUVEC,B3,0,1.0,0.3941,ok,,,,Migração (PET e PEP) n1 - RAW,PEP,
B3 0H 1_png.rf.wXF2WuHXbUH1hjCwk5QU.png,b3 0h 1,B3 0H 1 (3).tiff,HUVEC/0h,HUVEC,B3,0,1.0,0.0454,ambiguo,,,,Migração (PET e PEP) n2 - RAW,PEP + NEB 5uM,
A1 0H 1_png.rf.HD2oRQ2kZkfx6TVBCwb0.png,a1 0h 1,A1 0H 1 (3).tiff,HUVEC/0h,HUVEC,A1,0,1.0,0.1299,ok,,,,Migração (PET e PEP) n3 - RAW,,
A1 0H 1_png.rf.eIu9T8KjhRT5idIu84ug.png,a1 0h 1,A1 0H 1 (2).tiff,HUVEC/0h,HUVEC,A1,0,1.0,0.1299,ok,,,,Migração (PET e PEP) n2 - RAW,PEP,
A1 0H 1_png.rf.deuEZnvxVEhdzYi1BbRS.png,a1 0h 1,A1 0H 1.tiff,HUVEC/0h,HUVEC,A1,0,1.0,1.3104,ok,,,,LUIS RAW,PEP,
C1 8H 1_png.rf.Kgxxv8FeePOy1Zd5HuuB.png,c1 8h 1,C1 8H 1 (3).tiff,HUVEC/8h,HUVEC,C1,8,1.0,0.0529,ok,,,,Migração (PET e PEP) n3 - RAW,,
C1 8H 1_png.rf.mj0lbrvKisdrUxG9vQnG.png,c1 8h 1,C1 8H 1 (2).tiff,HUVEC/8h,HUVEC,C1,8,1.0,0.0529,ok,,,,Migração (PET e PEP) n2 - RAW,PET,
C1 8H 1_png.rf.Ay4yt6ak3p7WdjXvlv87.png,c1 8h 1,C1 8H 1.tiff,HUVEC/8h,HUVEC,C1,8,1.0,1.6,ok,,,,LUIS RAW,PET,
A2 12H 1_png.rf.KiET7Y5y6SYnGfA5kvLD.png,a2 12h 1,A2 12H 1 (3).tiff,HUVEC/12h,HUVEC,A2,12,1.0,0.1565,ok,,,,Migração (PET e PEP) n3 - RAW,,
A2 12H 1_png.rf.xnmVBn7WXmT4yiy3UMlx.png,a2 12h 1,A2 12H 1 (2).tiff,HUVEC/12h,HUVEC,A2,12,1.0,0.1051,ok,,,,Migração (PET e PEP) n2 - RAW,PEP,
A2 12H 1_png.rf.OJIVQFhGNFY1jVusUDR3.png,a2 12h 1,A2 12H 1.tiff,HUVEC/12h,HUVEC,A2,12,1.0,0.1051,ok,,,,LUIS RAW,PEP+MET3,
B3 0HR 1_png.rf.ywI9JUlQUWMjhvBhIXSD.png,b3 0hr 1,B3 0HR 1.tiff,HUVEC/0h,HUVEC,B3,0,1.0,0.3687,ok,,,,originais,,
B3 0HR 1_png.rf.w38HSO6SfUXeo4hLFscR.png,b3 0hr 1,B3 0HR 1 (2).tiff,HUVEC/0h,HUVEC,B3,0,1.0,0.3687,ok,,,,Originais (1),,
B3 8H 1_png.rf.KsM3VfYU1XJ2B5xCPglb.png,b3 8h 1,B3 8H 1 (4).tiff,HUVEC/8h,HUVEC,B3,8,1.0,0.2432,ok,,,,Migração (PET e PEP) n3 - RAW,,
B3 8H 1_png.rf.lHJeoP7Yhjzr6KYBPoRz.png,b3 8h 1,B3 8H 1 (3).tiff,HUVEC/8h,HUVEC,B3,8,1.0,0.6369,ok,,,,Migração (PET e PEP) n2 - RAW,PEP + NEB 5uM,
B3 8H 1_png.rf.omgWK7mobEFIqpuUgMv3.png,b3 8h 1,B3 8H 1 (2).tiff,HUVEC/8h,HUVEC,B3,8,1.0,0.2432,ok,,,,Migração (PET e PEP) n1 - RAW,PEP,
B3 8H 1_png.rf.P5wqKYFj2eE6zpNU0fkw.png,b3 8h 1,B3 8H 1.tiff,HUVEC/8h,HUVEC,B3,8,1.0,1.0921,ok,,,,LUIS RAW,PEP+GB,
Snap-06_147_png.rf.GD6EP0bfiqbQELx2DbXk.png,snap-6,Snap-06 (2).tiff,SKOV/48h,SKOV,snap-6,48,0.9994,0.2588,ok,P1,CT,,,,
Snap-06_28_png.rf.B16Hi9B61ihSVrFqD8EM.png,snap-6,Snap-06.tiff,SKOV/48h,SKOV,snap-6,48,0.9996,0.1447,ok,P2,CT,,,,
Snap-06_251_png.rf.RTJFsjqwbqP4Ma6aageY.png,snap-6,Snap-06.tiff,SKOV/72h,SKOV,snap-6,72,0.9986,0.2749,ok,P1,PTX,,,,
Snap-06_207_png.rf.m5JajGmMom6qRqZWTY3C.png,snap-6,Snap-06 (2).tiff,SKOV/24h,SKOV,snap-6,24,0.9994,0.1954,ok,P1,CT,,,,
A5 12H 1_png.rf.Q2XHkY7lrdRjrWzwNsuW.png,a5 12h 1,A5 12H 1.tiff,HUVEC/12h,HUVEC,A5,12,1.0,,ok,,,,LUIS RAW,PEP,
D4 12H 1_png.rf.9BeWOTfVwMn3ywdSyPmt.png,d4 12h 1,D4 12H 1 (3).tiff,HUVEC/12h,HUVEC,D4,12,1.0,0.0748,ok,,,,Migração (PET e PEP) n3 - RAW,,
D4 12H 1_png.rf.UCilzmx4bAo3sipEh0TZ.png,d4 12h 1,D4 12H 1 (2).tiff,HUVEC/12h,HUVEC,D4,12,1.0,0.4728,ok,,,,Migração (PET e PEP) n2 - RAW,PET + NEB 5uM,
D4 12H 1_png.rf.rmwAgsyRm1ZzZ55GuiPB.png,d4 12h 1,D4 12H 1.tiff,HUVEC/12h,HUVEC,D4,12,1.0,0.0748,ok,,,,Migração (PET e PEP) n1 - RAW,PEP + NEB 5uM,
C4 24HR 2_png.rf.dcfkjKvMtdDN2O5gEqvU.png,c4 24hr 2,C4 24HR 2.tiff,HUVEC/24h,HUVEC,C4,24,1.0,,ok,,,,Originais (1),,
Snap-03_16_png.rf.8FYQJMkw0jfVRFMq4naV.png,snap-3,Snap-03.tiff,SKOV/48h,SKOV,snap-3,48,0.9926,0.2051,ok,P2,CT,,,,
Snap-03_135_png.rf.86k5Vru6ipllZqtNKdG2.png,snap-3,Snap-03 (2).tiff,SKOV/48h,SKOV,snap-3,48,0.9995,0.2906,ok,P1,CT,,,,
Snap-03_254_png.rf.BtyeXVgh2zc19JcqpFCK.png,snap-3,Snap-03.tiff,SKOV/72h,SKOV,snap-3,72,0.9974,0.2507,ok,P1,CT,,,,
Snap-03_61_png.rf.1FYqRGNLJIklJ5YdlPHa.png,snap-3,Snap-03.tiff,SKOV/24h,SKOV,snap-3,24,0.9992,0.2399,ok,P2,CT,,,,
Snap-03_png.rf.v38nE8mp2K7iYYSbvq0E.png,snap-3,Snap-03.tiff,SKOV/0h,SKOV,snap-3,0,0.9996,0.2096,ok,P2,CT,,,,
Snap-03_195_png.rf.YYuGBJMJvk1Uc2AUOhKN.png,snap-3,Snap-03 (2).tiff,SKOV/24h,SKOV,snap-3,24,0.9995,0.2094,ok,P1,CT,,,,
F2 8H 2_png.rf.dUFZVFJ0aVESmoGKjJ05.png,f2 8h 2,F2 8H 2.tiff,HUVEC/8h,HUVEC,F2,8,1.0,,ok,,,,LUIS RAW,PET,
Snap-02_196_png.rf.BKEbI8Gj7FVgCYPUSi9g.png,snap-2,Snap-02 (2).tiff,SKOV/24h,SKOV,snap-2,24,0.9995,0.1924,ok,P1,CT,,,,
Snap-02_255_png.rf.JaJ4bou8Ic3AaIPtCfZV.png,snap-2,Snap-02.tiff,SKOV/72h,SKOV,snap-2,72,0.9961,0.3096,ok,P1,CT,,,,
Snap-02_png.rf.HnokE69U5U658bYwvUrm.png,snap-2,Snap-02.tiff,SKOV/0h,SKOV,snap-2,0,0.9997,0.2436,ok,P2,CT,,,,
Snap-02_62_png.rf.K7PjQ8CqA8XVhNTW659F.png,snap-2,Snap-02.tiff,SKOV/24h,SKOV,snap-2,24,0.9994,0.2034,ok,P2,CT,,,,
Snap-02_17_png.rf.Lpe2QyqaZsGgJFeCYcvT.png,snap-2,Snap-02.tiff,SKOV/48h,SKOV,snap-2,48,0.9966,0.2212,ok,P2,CT,,,,
Snap-02_136_png.rf.m6MHqhz3vjy6x2KcsX7N.png,snap-2,Snap-02 (2).tiff,SKOV/48h,SKOV,snap-2,48,0.9992,0.1892,ok,P1,CT,,,,
B3 12H 1_png.rf.K1xrQbmhbAmhHzuNkKJj.png,b3 12h 1,B3 12H 1 (4).tiff,HUVEC/12h,HUVEC,B3,12,1.0,0.0785,ok,,,,Migração (PET e PEP) n3 - RAW,,
B3 12H 1_png.rf.1lPHPBmz2RT2aHQDRS5u.png,b3 12h 1,B3 12H 1 (2).tiff,HUVEC/12h,HUVEC,B3,12,1.0,0.2215,ok,,,,Migração (PET e PEP) n1 - RAW,PEP,
B3 12H 1_png.rf.uBc16RzdSW9jA36NDqQV.png,b3 12h 1,B3 12H 1.tiff,HUVEC/12h,HUVEC,B3,12,1.0,0.0785,ok,,,,LUIS RAW,PEP+GB,
B3 12H 1_png.rf.tJNj0szl1RrlZo4qYD4w.png,b3 12h 1,B3 12H 1 (3).tiff,HUVEC/12h,HUVEC,B3,12,1.0,0.1771,ok,,,,Migração (PET e PEP) n2 - RAW,PEP + NEB 5uM,
B2 8H 2_png.rf.ZKeiVD67Jac52yXARTr0.png,b2 8h 2,B2 8H 2 (3).tiff,HUVEC/8h,HUVEC,B2,8,1.0,0.506,ok,,,,Migração (PET e PEP) n3 - RAW,,
B2 8H 2_png.rf.rH7jjspZ5cR0FGcre3t4.png,b2 8h 2,B2 8H 2 (2).tiff,HUVEC/8h,HUVEC,B2,8,1.0,0.506,ok,,,,Migração (PET e PEP) n2 - RAW,PEP + NEB 1uM,
D4 8H 2_png.rf.ixTzZNh35XGijmR7VOtL.png,d4 8h 2,D4 8H 2 (3).tiff,HUVEC/8h,HUVEC,D4,8,1.0,0.1192,ok,,,,Migração (PET e PEP) n3 - RAW,,
D4 8H 2_png.rf.F1CeZbD8JhhIxg3FDoX3.png,d4 8h 2,D4 8H 2 (2).tiff,HUVEC/8h,HUVEC,D4,8,1.0,0.3098,ok,,,,Migração (PET e PEP) n2 - RAW,PET + NEB 5uM,
D4 8H 2_png.rf.mnoVDerLhE6PpOQcbUog.png,d4 8h 2,D4 8H 2.tiff,HUVEC/8h,HUVEC,D4,8,1.0,0.1192,ok,,,,Migração (PET e PEP) n1 - RAW,PEP + NEB 5uM,
D2 8H 1_png.rf.dmlfRxJCAZ7ighrwgYDZ.png,d2 8h 1,D2 8H 1 (2).tiff,HUVEC/8h,HUVEC,D2,8,1.0,0.1423,ok,,,,Migração (PET e PEP) n3 - RAW,,
D2 8H 1_png.rf.sM0CFB6l073DrQDTlvwd.png,d2 8h 1,D2 8H 1.tiff,HUVEC/8h,HUVEC,D2,8,1.0,0.1423,ok,,,,Migração (PET e PEP) n2 - RAW,PET + NEB 1uM,
A7 0H 1_png.rf.SiNhL86Fl5NCzaMvqhnG.png,a7 0h 1,A7 0H 1.tiff,HUVEC/0h,HUVEC,A7,0,1.0,,ok,,,,LUIS RAW,PEP+GB,
D6 8HR 1_png.rf.Xkg7J2fPAbBTBVgUt0K6.png,d6 8hr 1,D6 8HR 1.tiff,HUVEC/8h,HUVEC,D6,8,1.0,,ok,,,,originais,,
B6 8H 2_png.rf.UXJImUaOFc4Vli6PQg2j.png,b6 8h 2,B6 8H 2.tiff,HUVEC/8h,HUVEC,B6,8,1.0,0.3155,ok,,,,LUIS RAW,PEP+MET3,
B6 8H 2_png.rf.QwHHdwx6U1gvnoHzE73s.png,b6 8h 2,B6 8H 2 (2).tiff,HUVEC/8h,HUVEC,B6,8,1.0,0.3155,ok,,,,Migração (PET e PEP) n1 - RAW,PET + NEB 1uM,
B4 12H 2_png.rf.M73w17SwMbnI1WYVdwjH.png,b4 12h 2,B4 12H 2 (4).tiff,HUVEC/12h,HUVEC,B4,12,1.0,1.0985,ok,,,,Migração (PET e PEP) n3 - RAW,,
B4 12H 2_png.rf.xN6KD3V9tK0oa8cV84Pz.png,b4 12h 2,B4 12H 2 (3).tiff,HUVEC/12h,HUVEC,B4,12,1.0,0.2832,ok,,,,Migração (PET e PEP) n2 - RAW,PEP + NEB 5uM,
B4 12H 2_png.rf.BUDIsAimJHwizKA26kde.png,b4 12h 2,B4 12H 2.tiff,HUVEC/12h,HUVEC,B4,12,1.0,0.5527,ok,,,,LUIS RAW,PEP+MCC,
B4 12H 2_png.rf.nhpn6bL5wOSsBbHPHC5k.png,b4 12h 2,B4 12H 2 (2).tiff,HUVEC/12h,HUVEC,B4,12,1.0,0.2832,ok,,,,Migração (PET e PEP) n1 - RAW,PEP,
C1 8H 2_png.rf.LPqvMTKoFzKsz1D5axKz.png,c1 8h 2,C1 8H 2 (3).tiff,HUVEC/8h,HUVEC,C1,8,1.0,0.4329,ok,,,,Migração (PET e PEP) n3 - RAW,,
C1 8H 2_png.rf.8TQZveqFbURBQXdhXt39.png,c1 8h 2,C1 8H 2.tiff,HUVEC/8h,HUVEC,C1,8,1.0,0.4329,ok,,,,LUIS RAW,PET,
C1 8H 2_png.rf.8HPymGdz7fsuOzPsefJ9.png,c1 8h 2,C1 8H 2 (2).tiff,HUVEC/8h,HUVEC,C1,8,1.0,1.0425,ok,,,,Migração (PET e PEP) n2 - RAW,PET,
A3 12H 2_png.rf.NvDDUGcSzZJ4EVcSGloI.png,a3 12h 2,A3 12H 2 (3).tiff,HUVEC/12h,HUVEC,A3,12,1.0,0.8443,ok,,,,Migração (PET e PEP) n3 - RAW,,
A3 12H 2_png.rf.qDuUdj7SXNoX4mT28S1W.png,a3 12h 2,A3 12H 2 (2).tiff,HUVEC/12h,HUVEC,A3,12,1.0,0.8443,ok,,,,Migração (PET e PEP) n2 - RAW,PEP,
A3 12H 2_png.rf.r5xe4JQ4Ecgyw1raWv4H.png,a3 12h 2,A3 12H 2.tiff,HUVEC/12h,HUVEC,A3,12,1.0,1.1695,ok,,,,LUIS RAW,PEP+GB,
D3 8H 2_png.rf.gO7JbZNsOHcLU5pzglpZ.png,d3 8h 2,D3 8H 2 (3).tiff,HUVEC/8h,HUVEC,D3,8,1.0,0.2564,ok,,,,Migração (PET e PEP) n3 - RAW,,
D3 8H 2_png.rf.RmIwn01JNbgfY0VcrlAP.png,d3 8h 2,D3 8H 2 (2).tiff,HUVEC/8h,HUVEC,D3,8,1.0,0.2564,ok,,,,Migração (PET e PEP) n2 - RAW,PET + NEB 5uM,
D3 8H 2_png.rf.lKTVmjEr9xNW7FMHXCoW.png,d3 8h 2,D3 8H 2.tiff,HUVEC/8h,HUVEC,D3,8,1.0,0.4483,ok,,,,Migração (PET e PEP) n1 - RAW,PEP + NEB 5uM,
C2 12H 2_png.rf.Xlk8npRnjTZqON9mMs58.png,c2 12h 2,C2 12H 2 (2).tiff,HUVEC/12h,HUVEC,C2,12,1.0,0.9687,ok,,,,Migração (PET e PEP) n3 - RAW,,
C2 12H 2_png.rf.StYrOErgWeP3G0WcahiB.png,c2 12h 2,C2 12H 2.tiff,HUVEC/12h,HUVEC,C2,12,1.0,0.9687,ok,,,,Migração (PET e PEP) n2 - RAW,PET,
D1 12H 2_png.rf.hM6Jhc6UJKSMWKFN6Pta.png,d1 12h 2,D1 12H 2 (3).tiff,HUVEC/12h,HUVEC,D1,12,1.0,0.594,ok,,,,Migração (PET e PEP) n3 - RAW,,
D1 12H 2_png.rf.d9PBLeLwJNvcTiK3A1xg.png,d1 12h 2,D1 12H 2.tiff,HUVEC/12h,HUVEC,D1,12,1.0,0.1653,ok,,,,LUIS RAW,PET,
D1 12H 2_png.rf.rTaXrHPveh6L5jJcmCX5.png,d1 12h 2,D1 12H 2 (2).tiff,HUVEC/12h,HUVEC,D1,12,1.0,0.1653,ok,,,,Migração (PET e PEP) n2 - RAW,PET + NEB 1uM,
C2 12H 1_png.rf.TFHg3V0muENuTMlz7u5s.png,c2 12h 1,C2 12H 1 (2).tiff,HUVEC/12h,HUVEC,C2,12,1.0,0.6308,ok,,,,Migração (PET e PEP) n3 - RAW,,
C2 12H 1_png.rf.1gfpN8zl57105NR6Uic2.png,c2 12h 1,C2 12H 1.tiff,HUVEC/12h,HUVEC,C2,12,1.0,0.6308,ok,,,,Migração (PET e PEP) n2 - RAW,PET,
B8 8HR 1_png.rf.8IIu6eJhJrcV73IQECSg.png,b8 8hr 1,B8 8HR 1 (2).tiff,HUVEC/8h,HUVEC,B8,8,1.0,0.496,ok,,,,Originais (1),,
B8 8HR 1_png.rf.1XhLImMb5AZhR76Gahzd.png,b8 8hr 1,B8 8HR 1.tiff,HUVEC/8h,HUVEC,B8,8,1.0,0.496,ok,,,,originais,,
C6 0HR 1_png.rf.8uY0nXqjLEENJtXvrgwH.png,c6 0hr 1,C6 0HR 1.tiff,HUVEC/0h,HUVEC,C6,0,1.0,,ok,,,,Originais (1),,
A1 8H 1_png.rf.rUhuaOllIpd124SZ1Xbk.png,a1 8h 1,A1 8H 1 (3).tiff,HUVEC/8h,HUVEC,A1,8,1.0,0.0529,ok,,,,Migração (PET e PEP) n3 - RAW,,
A1 8H 1_png.rf.liKAKGJsx7rWvR2CTGjM.png,a1 8h 1,A1 8H 1.tiff,HUVEC/8h,HUVEC,A1,8,1.0,1.4301,ok,,,,LUIS RAW,PEP,
A1 8H 1_png.rf.zdFJIxxlh5GeTF27Y5tG.png,a1 8h 1,A1 8H 1 (2).tiff,HUVEC/8h,HUVEC,A1,8,1.0,0.0529,ok,,,,Migração (PET e PEP) n2 - RAW,PEP,
C1 12H 2_png.rf.ui6o7P9dux3LHvZaQLOp.png,c1 12h 2,C1 12H 2 (3).tiff,HUVEC/12h,HUVEC,C1,12,1.0,1.3343,ok,,,,Migração (PET e PEP) n3 - RAW,,
C1 12H 2_png.rf.oH0a5HttFWqoBJ0RowWP.png,c1 12h 2,C1 12H 2.tiff,HUVEC/12h,HUVEC,C1,12,1.0,0.2493,ok,,,,LUIS RAW,PET,
C1 12H 2_png.rf.tZRHLbi5gUqvH0jNbPLY.png,c1 12h 2,C1 12H 2 (2).tiff,HUVEC/12h,HUVEC,C1,12,1.0,0.2493,ok,,,,Migração (PET e PEP) n2 - RAW,PET,
D1 0HR 2_png.rf.Ak8bfHD2sNvAS5ARU8WU.png,d1 0hr 2,D1 0HR 2 (2).tiff,HUVEC/0h,HUVEC,D1,0,1.0,0.3025,ok,,,,Originais (1),,
D1 0HR 2_png.rf.pBkydjxMgVt0vB999uLo.png,d1 0hr 2,D1 0HR 2.tiff,HUVEC/0h,HUVEC,D1,0,1.0,0.3025,ok,,,,originais,,
D1 12H 1_png.rf.mKsxEDejqQN6qCQxLyns.png,d1 12h 1,D1 12H 1 (3).tiff,HUVEC/12h,HUVEC,D1,12,1.0,0.2772,ok,,,,Migração (PET e PEP) n3 - RAW,,
D1 12H 1_png.rf.vnjXHiF1GI01imDeAgku.png,d1 12h 1,D1 12H 1.tiff,HUVEC/12h,HUVEC,D1,12,1.0,0.2692,ok,,,,LUIS RAW,PET,
D1 12H 1_png.rf.aMJ1RYwhajSgp6IwJHpg.png,d1 12h 1,D1 12H 1 (2).tiff,HUVEC/12h,HUVEC,D1,12,1.0,0.2692,ok,,,,Migração (PET e PEP) n2 - RAW,PET + NEB 1uM,
D3 12H 2_png.rf.mGax8cZwIT4dFQnOordS.png,d3 12h 2,D3 12H 2 (3).tiff,HUVEC/12h,HUVEC,D3,12,1.0,0.7992,ok,,,,Migração (PET e PEP) n3 - RAW,,
D3 12H 2_png.rf.ogJD0ugl7j4sImIsr5p9.png,d3 12h 2,D3 12H 2.tiff,HUVEC/12h,HUVEC,D3,12,1.0,0.1584,ok,,,,Migração (PET e PEP) n1 - RAW,PEP + NEB 5uM,
D3 12H 2_png.rf.bk65RyMB9bMlU59S1RY7.png,d3 12h 2,D3 12H 2 (2).tiff,HUVEC/12h,HUVEC,D3,12,1.0,0.1584,ok,,,,Migração (PET e PEP) n2 - RAW,PET + NEB 5uM,
A1 12H 2_png.rf.mPIf5FtesN7Js9gYPSKt.png,a1 12h 2,A1 12H 2 (3).tiff,HUVEC/12h,HUVEC,A1,12,1.0,0.485,ok,,,,Migração (PET e PEP) n3 - RAW,,
A1 12H 2_png.rf.dAVbzvgvDzaa4i3J6C3M.png,a1 12h 2,A1 12H 2.tiff,HUVEC/12h,HUVEC,A1,12,1.0,0.485,ok,,,,LUIS RAW,PEP,
A1 12H 2_png.rf.eHmr1uNqdPXHXXf5QmS1.png,a1 12h 2,A1 12H 2 (2).tiff,HUVEC/12h,HUVEC,A1,12,1.0,1.5773,ok,,,,Migração (PET e PEP) n2 - RAW,PEP,
B2 12H 1_png.rf.q46PdRz1qnOtxZV3Argn.png,b2 12h 1,B2 12H 1 (3).tiff,HUVEC/12h,HUVEC,B2,12,1.0,0.0883,ok,,,,Migração (PET e PEP) n3 - RAW,,
B2 12H 1_png.rf.i2YOCT2Mj90ei2midq9S.png,b2 12h 1,B2 12H 1.tiff,HUVEC/12h,HUVEC,B2,12,1.0,1.1206,ok,,,,LUIS RAW,PEP+MET3,
B2 12H 1_png.rf.OrFcCcRPUkqBkLiAghoY.png,b2 12h 1,B2 12H 1 (2).tiff,HUVEC/12h,HUVEC,B2,12,1.0,0.0883,ok,,,,Migração (PET e PEP) n2 - RAW,PEP + NEB 1uM,
B1 8H 2_png.rf.qX8hsIWTYUCHB9jiGbcd.png,b1 8h 2,B1 8H 2 (3).tiff,HUVEC/8h,HUVEC,B1,8,1.0,0.3681,ok,,,,Migração (PET e PEP) n3 - RAW,,
B1 8H 2_png.rf.gA6SnVr547LgfEenVrRi.png,b1 8h 2,B1 8H 2 (2).tiff,HUVEC/8h,HUVEC,B1,8,1.0,0.3681,ok,,,,Migração (PET e PEP) n2 - RAW,PEP + NEB 1uM,
B1 8H 2_png.rf.3TB3hGpWKxwD8uqIJQTc.png,b1 8h 2,B1 8H 2.tiff,HUVEC/8h,HUVEC,B1,8,1.0,0.769,ok,,,,LUIS RAW,PEP,
D4 8H 1_png.rf.xpR4xGrS7xqp2WqsHOdj.png,d4 8h 1,D4 8H 1 (3).tiff,HUVEC/8h,HUVEC,D4,8,1.0,0.1198,ok,,,,Migração (PET e PEP) n3 - RAW,,
D4 8H 1_png.rf.qIcVbJAcG1YNBugruxMI.png,d4 8h 1,D4 8H 1 (2).tiff,HUVEC/8h,HUVEC,D4,8,1.0,0.1198,ok,,,,Migração (PET e PEP) n2 - RAW,PET + NEB 5uM,
D4 8H 1_png.rf.a8mANb97avVu4hPsbo7a.png,d4 8h 1,D4 8H 1.tiff,HUVEC/8h,HUVEC,D4,8,1.0,0.1752,ok,,,,Migração (PET e PEP) n1 - RAW,PEP + NEB 5uM,
D3 12H 1_png.rf.zbujIQNM7Eu9wWrC5MDN.png,d3 12h 1,D3 12H 1 (3).tiff,HUVEC/12h,HUVEC,D3,12,1.0,0.0951,ok,,,,Migração (PET e PEP) n3 - RAW,,
D3 12H 1_png.rf.C7OjXDLYyYQ82eRjth4A.png,d3 12h 1,D3 12H 1.tiff,HUVEC/12h,HUVEC,D3,12,1.0,0.0951,ok,,,,Migração (PET e PEP) n1 - RAW,PEP + NEB 5uM,
D3 12H 1_png.rf.vDKmMF3YJlFSbIbFZHci.png,d3 12h 1,D3 12H 1 (2).tiff,HUVEC/12h,HUVEC,D3,12,1.0,0.1916,ok,,,,Migração (PET e PEP) n2 - RAW,PET + NEB 5uM,
A1 12H 1_png.rf.tw98uu5NmZJ60AaEheGe.png,a1 12h 1,A1 12H 1 (3).tiff,HUVEC/12h,HUVEC,A1,12,1.0,0.5371,ok,,,,Migração (PET e PEP) n3 - RAW,,
A1 12H 1_png.rf.kvLVGRHFKPu6WotnBRAH.png,a1 12h 1,A1 12H 1 (2).tiff,HUVEC/12h,HUVEC,A1,12,1.0,0.5372,ok,,,,Migração (PET e PEP) n2 - RAW,PEP,
Snap-27_187_png.rf.Un1xcBRJR9pLwxhz2VBA.png,snap-27,Snap-27 (2).tiff,SKOV/24h,SKOV,snap-27,24,0.9996,0.2056,ok,P1,PTX,,,,
Snap-27_127_png.rf.u0sqqUf8hnanDrudhQQG.png,snap-27,Snap-27 (2).tiff,SKOV/48h,SKOV,snap-27,48,0.9996,0.2404,ok,P1,PTX,,,,
Snap-27_282_png.rf.vCcp3UXdXcDmFuHR7aax.png,snap-27,Snap-27.tiff,SKOV/72h,SKOV,snap-27,72,0.9993,0.2564,ok,P1,GEO,,,,
Snap-27_53_png.rf.YALqveujaUVhAWskGlbw.png,snap-27,Snap-27.tiff,SKOV/48h,SKOV,snap-27,48,0.9995,0.2204,ok,P2,CARBO,,,,
Snap-27_98_png.rf.lZ0XIyhITkksp9eS9PWL.png,snap-27,Snap-27.tiff,SKOV/24h,SKOV,snap-27,24,0.9994,0.2157,ok,P2,CARBO,,,,
Snap-27_png.rf.fKKLKbf92TUDKJORvts2.png,snap-27,Snap-27.tiff,SKOV/0h,SKOV,snap-27,0,0.9998,0.2057,ok,P2,CARBO,,,,
B8 8HR 2_png.rf.0BiUzebEwW7shJEaBWEc.png,b8 8hr 2,B8 8HR 2 (2).tiff,HUVEC/8h,HUVEC,B8,8,1.0,0.4268,ok,,,,Originais (1),,
B8 8HR 2_png.rf.jxqMjN8g1DglrNrucNPX.png,b8 8hr 2,B8 8HR 2.tiff,HUVEC/8h,HUVEC,B8,8,1.0,0.4268,ok,,,,originais,,
C5 8HR 2_png.rf.4S1ZdP33ODrC9e0Lly20.png,c5 8hr 2,C5 8HR 2.tiff,HUVEC/8h,HUVEC,C5,8,1.0,,ok,,,,Originais (1),,
B5 8HR 2_png.rf.1bM2nfrE3C3SuMgkQzIF.png,b5 8hr 2,B5 8HR 2 (2).tiff,HUVEC/8h,HUVEC,B5,8,1.0,0.292,ok,,,,Originais (1),,
B5 8HR 2_png.rf.BzRPidTOrz4nL1zIlvSL.png,b5 8hr 2,B5 8HR 2.tiff,HUVEC/8h,HUVEC,B5,8,1.0,0.292,ok,,,,originais,,
A3 8HR 2_png.rf.NH3fSomZbzpcrUv2Zpj9.png,a3 8hr 2,A3 8HR 2 (2).tiff,HUVEC/8h,HUVEC,A3,8,1.0,0.336,ok,,,,Originais (1),,
A3 8HR 2_png.rf.hdZJ4bXhrTGMuIig6P2Y.png,a3 8hr 2,A3 8HR 2.tiff,HUVEC/8h,HUVEC,A3,8,1.0,0.336,ok,,,,originais,,
A3 8H 1_png.rf.v5rT2whdOcVMLHtShbvB.png,a3 8h 1,A3 8H 1 (3).tiff,HUVEC/8h,HUVEC,A3,8,1.0,0.1371,ok,,,,Migração (PET e PEP) n3 - RAW,,
A3 8H 1_png.rf.FFxw1ZoJmSoMVskuVwLP.png,a3 8h 1,A3 8H 1 (2).tiff,HUVEC/8h,HUVEC,A3,8,1.0,0.1371,ok,,,,Migração (PET e PEP) n2 - RAW,PEP,
A3 8H 1_png.rf.d60KhXvDmSmp3Oia8S8T.png,a3 8h 1,A3 8H 1.tiff,HUVEC/8h,HUVEC,A3,8,1.0,0.5191,ok,,,,LUIS RAW,PEP+GB,
D2 8H 2_png.rf.ybK76wkRwzDKiZ0L7MiW.png,d2 8h 2,D2 8H 2 (2).tiff,HUVEC/8h,HUVEC,D2,8,1.0,0.8832,ok,,,,Migração (PET e PEP) n3 - RAW,,
D2 8H 2_png.rf.NgKIr2nlQL2vytVPvMdS.png,d2 8h 2,D2 8H 2.tiff,HUVEC/8h,HUVEC,D2,8,1.0,0.8832,ok,,,,Migração (PET e PEP) n2 - RAW,PET + NEB 1uM,
B4 8H 1_png.rf.ukDlkARNqBsdv0bFwPQq.png,b4 8h 1,B4 8H 1 (4).tiff,HUVEC/8h,HUVEC,B4,8,1.0,0.0796,ok,,,,Migração (PET e PEP) n3 - RAW,,
B4 8H 1_png.rf.KtpKkXfpwTmEw7CHch9M.png,b4 8h 1,B4 8H 1 (2).tiff,HUVEC/8h,HUVEC,B4,8,1.0,0.0893,ok,,,,Migração (PET e PEP) n1 - RAW,PEP,
B4 8H 1_png.rf.hxk5CCjSUNevIOwm2e67.png,b4 8h 1,B4 8H 1 (3).tiff,HUVEC/8h,HUVEC,B4,8,1.0,0.0796,ok,,,,Migração (PET e PEP) n2 - RAW,PEP + NEB 5uM,
B4 8H 1_png.rf.OVZZyofXQpVrU06rEdEV.png,b4 8h 1,B4 8H 1.tiff,HUVEC/8h,HUVEC,B4,8,1.0,0.0893,ok,,,,LUIS RAW,PEP+MCC,
D3 8HR 1_png.rf.FaoUiRzagpKacKgSYTBM.png,d3 8hr 1,D3 8HR 1 (2).tiff,HUVEC/8h,HUVEC,D3,8,1.0,0.4689,ok,,,,Originais (1),,
D3 8HR 1_png.rf.GI5XC8sWiPTRUqJb0YiP.png,d3 8hr 1,D3 8HR 1.tiff,HUVEC/8h,HUVEC,D3,8,1.0,0.4689,ok,,,,originais,,
C2 0HR 2_png.rf.J6kywh7upwXA9tcJN3CM.png,c2 0hr 2,C2 0HR 2.tiff,HUVEC/0h,HUVEC,C2,0,1.0,,ok,,,,Originais (1),,
B5 0HR 1_png.rf.J6hP1h51BcAFg4KFN6lN.png,b5 0hr 1,B5 0HR 1 (2).tiff,HUVEC/0h,HUVEC,B5,0,1.0,0.2374,ok,,,,Originais (1),,
B5 0HR 1_png.rf.HyxAq2SZFEx1y342m6b9.png,b5 0hr 1,B5 0HR 1.tiff,HUVEC/0h,HUVEC,B5,0,1.0,0.2374,ok,,,,originais,,
A6 8HR 2_png.rf.WsRny9cGQOty4V3HiL8d.png,a6 8hr 2,A6 8HR 2 (2).tiff,HUVEC/8h,HUVEC,A6,8,1.0,0.5954,ok,,,,Originais (1),,
A6 8HR 2_png.rf.IjykSzEw9bYxIHgxehIC.png,a6 8hr 2,A6 8HR 2.tiff,HUVEC/8h,HUVEC,A6,8,1.0,0.5954,ok,,,,originais,,
A6 12HR 2_png.rf.lDdi03mKpHO8MuNzUwbQ.png,a6 12hr 2,A6 12HR 2 (2).tiff,HUVEC/12h,HUVEC,A6,12,1.0,0.4724,ok,,,,Originais (1),,
A6 12HR 2_png.rf.GMb60emeHysjXcHliF6w.png,a6 12hr 2,A6 12HR 2.tiff,HUVEC/12h,HUVEC,A6,12,1.0,0.4725,ok,,,,originais,,
Snap-01_29_png.rf.mg28uhmxn5A9je1hvBDV.png,snap-1,Snap-01.tiff,SKOV/48h,SKOV,snap-1,48,0.9926,0.2376,ok,P2,CT,,,,
Snap-01_256_png.rf.UMEeIdDQ1Tdk0wE2TII4.png,snap-1,Snap-01.tiff,SKOV/72h,SKOV,snap-1,72,0.998,0.2363,ok,P1,CT,,,,
Snap-01_74_png.rf.WcVEXB4f7Y64yyixQhom.png,snap-1,Snap-01.tiff,SKOV/24h,SKOV,snap-1,24,0.9994,0.2335,ok,P2,CT,,,,
Snap-01_148_png.rf.csd0SJGzDaEHVmJESnpM.png,snap-1,Snap-01 (2).tiff,SKOV/48h,SKOV,snap-1,48,0.9989,0.1668,ok,P1,CT,,,,
C3 24HR 2_png.rf.nwCMqVszVo4q9siM9NBd.png,c3 24hr 2,C3 24HR 2.tiff,HUVEC/24h,HUVEC,C3,24,1.0,,ok,,,,Originais (1),,
75ug+ptx3_2_png.rf.SrbDSCvTa81lj9UBc0ZR.png,75ug+ptx3 2,75ug+ptx3_2.tiff,SKOV/0h,SKOV,75ug+ptx3_2,0,0.9997,,ok,P1,GEO+PTX,,,,
E8 12H 1_png.rf.dypWhfNRSbBs1ZJ05Vww.png,e8 12h 1,E8 12H 1.tiff,HUVEC/12h,HUVEC,E8,12,1.0,,ok,,,,LUIS RAW,PEP+MCC,
E7 8H 1_png.rf.gdYM2hFU7wl1MjzGuBEr.png,e7 8h 1,E7 8H 1.tiff,HUVEC/8h,HUVEC,E7,8,1.0,,ok,,,,LUIS RAW,PEP+MCC,
A6 24H 2_png.rf.fnzQMmHMSJJ6YxflXcKp.png,a6 24h 2,A6 24H 2.tiff,HUVEC/24h,HUVEC,A6,24,1.0,,ok,,,,LUIS RAW,PEP+MET3,
E7 0H 1_png.rf.eq57LnM2LtCIhSeyDrQF.png,e7 0h 1,E7 0H 1.tiff,HUVEC/0h,HUVEC,E7,0,1.0,,ok,,,,LUIS RAW,PEP+MCC,
E6 24H 1_png.rf.Ukxe2UGpEbEFK0yZCv4y.png,e6 24h 1,E6 24H 1.tiff,HUVEC/24h,HUVEC,E6,24,1.0,1.3989,ok,,,,LUIS RAW,PEP+GB,
E6 24H 1_png.rf.SM4It4M2ifLy61R2HAsW.png,e6 24h 1,E6 24H 1 (2).tiff,HUVEC/24h,HUVEC,E6,24,1.0,1.3989,ok,,,,Migração (PET e PEP) n1 - RAW,PET + NEB 5uM,
A5 8H 1_png.rf.ytVoOCPRdcre6LH0ZiVo.png,a5 8h 1,A5 8H 1.tiff,HUVEC/8h,HUVEC,A5,8,1.0,,ok,,,,LUIS RAW,PEP,
B5 0H 2_png.rf.HYxIIkEiSgJIkbsyH67d.png,b5 0h 2,B5 0H 2.tiff,HUVEC/0h,HUVEC,B5,0,1.0,1.3954,ok,,,,LUIS RAW,PEP,
B5 0H 2_png.rf.WRwrrI9JRjNDFvDrJ455.png,b5 0h 2,B5 0H 2 (2).tiff,HUVEC/0h,HUVEC,B5,0,1.0,1.3954,ok,,,,Migração (PET e PEP) n1 - RAW,PEP,
A3 24HR 1_png.rf.zutG6W5yRQFxDl2XXgPv.png,a3 24hr 1,A3 24HR 1.tiff,HUVEC/24h,HUVEC,A3,24,1.0,,ok,,,,originais,,
A7 8HR 1_png.rf.GjVsnZRPmRuHeMhtZUsG.png,a7 8hr 1,A7 8HR 1.tiff,HUVEC/8h,HUVEC,A7,8,1.0,0.2137,ok,,,,originais,,
A7 8HR 1_png.rf.xk5ZqEQFoQIPE57EFSUg.png,a7 8hr 1,A7 8HR 1 (2).tiff,HUVEC/8h,HUVEC,A7,8,1.0,0.2137,ok,,,,Originais (1),,
D7 8HR 1_png.rf.yiUSiqMky143n8J01psP.png,d7 8hr 1,D7 8HR 1.tiff,HUVEC/8h,HUVEC,D7,8,1.0,,ok,,,,originais,,
D4 8HR 1_png.rf.VEshHRtiysfYv1YrXVR9.png,d4 8hr 1,D4 8HR 1.tiff,HUVEC/8h,HUVEC,D4,8,1.0,,ok,,,,originais,,
E1 12H 2_png.rf.GKeGTBMimaglOZhGi5n6.png,e1 12h 2,E1 12H 2.tiff,HUVEC/12h,HUVEC,E1,12,1.0,,ok,,,,LUIS RAW,PEP,
A8 0HR 2_png.rf.NV2jswG9TWuajrNnrF1h.png,a8 0hr 2,A8 0HR 2.tiff,HUVEC/0h,HUVEC,A8,0,1.0,0.1607,ok,,,,originais,,
A8 0HR 2_png.rf.bBTZEJTn14rSmKt22Tgo.png,a8 0hr 2,A8 0HR 2 (2).tiff,HUVEC/0h,HUVEC,A8,0,1.0,0.1607,ok,,,,Originais (1),,
A5 0HR 1_png.rf.LrEs0i1uQ22QfDiczsil.png,a5 0hr 1,A5 0hr 1.tiff,HUVEC/0h,HUVEC,A5,0,0.3813,-0.4566,ambiguo,,,,Pré-Eclâmpsia,,
A5 0HR 1_png.rf.ckTpizxWhCzqrJmwetqV.png,a5 0hr 1,A5 0HR 1 (2).tiff,HUVEC/0h,HUVEC,A5,0,1.0,0.628,ok,,,,Originais (1),,
A5 0hr 1_png.rf.P21lFbirAUEUdzrYW43W.png,a5 0hr 1,,,HUVEC,A5,0,,,sem_candidato,,,,,,
D5 8HR 2_png.rf.P7QsrLpJ4DFTTJhgOjMR.png,d5 8hr 2,D5 8HR 2.tiff,HUVEC/8h,HUVEC,D5,8,1.0,,ok,,,,originais,,
D2 0HR 1_png.rf.Yseya69BivbK87V7yoaI.png,d2 0hr 1,D2 0HR 1.tiff,HUVEC/0h,HUVEC,D2,0,1.0,0.7251,ok,,,,originais,,
D2 0HR 1_png.rf.bPcALf4uyzKTnwN0fLop.png,d2 0hr 1,D2 0HR 1 (2).tiff,HUVEC/0h,HUVEC,D2,0,1.0,0.7251,ok,,,,Originais (1),,
B4 12H 1_png.rf.um4DWqBv1Ipa6K71V8XD.png,b4 12h 1,B4 12H 1 (4).tiff,HUVEC/12h,HUVEC,B4,12,1.0,0.6636,ok,,,,Migração (PET e PEP) n3 - RAW,,
B4 12H 1_png.rf.fWkPkc0DWac0jf1b3cMy.png,b4 12h 1,B4 12H 1 (2).tiff,HUVEC/12h,HUVEC,B4,12,1.0,0.2509,ok,,,,Migração (PET e PEP) n1 - RAW,PEP,
B4 12H 1_png.rf.1ULnxID5MP426B41agfS.png,b4 12h 1,B4 12H 1.tiff,HUVEC/12h,HUVEC,B4,12,1.0,0.861,ok,,,,LUIS RAW,PEP+MCC,
B4 12H 1_png.rf.JGwJLxV0CVH4bWwe6o5e.png,b4 12h 1,B4 12H 1 (3).tiff,HUVEC/12h,HUVEC,B4,12,1.0,0.2509,ok,,,,Migração (PET e PEP) n2 - RAW,PEP + NEB 5uM,
A4 12H 1_png.rf.f914DraQGTSAXxlM75wQ.png,a4 12h 1,A4 12H 1.tiff,HUVEC/12h,HUVEC,A4,12,1.0,,ok,,,,LUIS RAW,PEP+MCC,
D1 8HR 1_png.rf.Pm37sn4g0olAl9FUCP58.png,d1 8hr 1,D1 8HR 1 (2).tiff,HUVEC/8h,HUVEC,D1,8,1.0,0.3279,ok,,,,Originais (1),,
D1 8HR 1_png.rf.7pXlMXWWJkv2xLuAp89c.png,d1 8hr 1,D1 8HR 1.tiff,HUVEC/8h,HUVEC,D1,8,1.0,0.328,ok,,,,originais,,
C4 0HR 2_png.rf.JlOkG4pOgUprJJbRw5eR.png,c4 0hr 2,C4 0HR 2.tiff,HUVEC/0h,HUVEC,C4,0,1.0,,ok,,,,Originais (1),,
C3 8HR 2_png.rf.NDuVMEvWWQUYtYk3QJzS.png,c3 8hr 2,C3 8HR 2.tiff,HUVEC/8h,HUVEC,C3,8,1.0,,ok,,,,Originais (1),,
C3 0HR 1_png.rf.OA8x6g62ex8LdXxsap7v.png,c3 0hr 1,C3 0HR 1.tiff,HUVEC/0h,HUVEC,C3,0,1.0,,ok,,,,Originais (1),,
C8 0HR 2_png.rf.ksYRDeDDBvRanUMEGDwa.png,c8 0hr 2,C8 0HR 2.tiff,HUVEC/0h,HUVEC,C8,0,1.0,,ok,,,,Originais (1),,
A6 24HR 1_png.rf.CZ0i116BOFib9CK6D6Hv.png,a6 24hr 1,A6 24HR 1.tiff,HUVEC/24h,HUVEC,A6,24,1.0,,ok,,,,originais,,
A8 24HR 1_png.rf.F2SAC8rwjoPatolKRN77.png,a8 24hr 1,A8 24HR 1.tiff,HUVEC/24h,HUVEC,A8,24,1.0,,ok,,,,originais,,
A6 24HR 2_png.rf.F3wCxWuKgUbiNXYsfCns.png,a6 24hr 2,A6 24HR 2.tiff,HUVEC/24h,HUVEC,A6,24,1.0,,ok,,,,originais,,
D5 24HR 2_png.rf.Gkher8iaMtSCl47ZU9Su.png,d5 24hr 2,D5 24HR 2.tiff,HUVEC/24h,HUVEC,D5,24,1.0,,ok,,,,originais,,
B4 0HR 2_png.rf.7USPOPdGDFudVKwE8pKs.png,b4 0hr 2,B4 0HR 2.tiff,HUVEC/0h,HUVEC,B4,0,1.0,0.1394,ok,,,,originais,,
B4 0HR 2_png.rf.R9MSxxUNnkRnpGTFpH6a.png,b4 0hr 2,B4 0HR 2 (2).tiff,HUVEC/0h,HUVEC,B4,0,1.0,0.1394,ok,,,,Originais (1),,
C6 8HR 2_png.rf.ZTn7cYhBLwnj3BXm8diw.png,c6 8hr 2,C6 8HR 2.tiff,HUVEC/8h,HUVEC,C6,8,1.0,,ok,,,,Originais (1),,
B4 8HR 1_png.rf.Zx3F3jtSvOWycP03uETm.png,b4 8hr 1,B4 8HR 1 (2).tiff,HUVEC/8h,HUVEC,B4,8,1.0,0.1956,ok,,,,Originais (1),,
B4 8HR 1_png.rf.B29qeJZkdECj8CR3RnLZ.png,b4 8hr 1,B4 8HR 1.tiff,HUVEC/8h,HUVEC,B4,8,1.0,0.1956,ok,,,,originais,,
C4 0HR 1_png.rf.hxKvqnSdYZdDCX5ISZcP.png,c4 0hr 1,C4 0HR 1.tiff,HUVEC/0h,HUVEC,C4,0,1.0,,ok,,,,Originais (1),,
Snap-18_png.rf.0cME4hjYM0557eYc0iSp.png,snap-18,Snap-18.tiff,SKOV/0h,SKOV,snap-18,0,0.9998,0.2106,ok,P2,CARBO,,,,
Snap-18_122_png.rf.rEzRHI9DOsMmEv8NXGFz.png,snap-18,Snap-18 (2).tiff,SKOV/48h,SKOV,snap-18,48,0.9996,0.312,ok,P1,PTX,,,,
Snap-18_182_png.rf.0olrnxTCWxDIVmtPK3HA.png,snap-18,Snap-18 (2).tiff,SKOV/24h,SKOV,snap-18,24,0.9996,0.3332,ok,P1,PTX,,,,
Snap-18_48_png.rf.dOk2ClCgbcYApxR6XtAY.png,snap-18,Snap-18.tiff,SKOV/48h,SKOV,snap-18,48,0.9974,0.2485,ok,P2,CARBO,,,,
Snap-18_242_png.rf.sg4fkcHavt8IVG7Qq0vy.png,snap-18,Snap-18.tiff,SKOV/72h,SKOV,snap-18,72,0.9994,0.22,ok,P1,PTX,,,,
Snap-18_93_png.rf.vdsK3Pm2Jw59MfN6akCm.png,snap-18,Snap-18.tiff,SKOV/24h,SKOV,snap-18,24,0.9996,0.2098,ok,P2,CARBO,,,,
C1 0HR 2_png.rf.cofLTSxW3gxzQSKdJLlN.png,c1 0hr 2,C1 0HR 2.tiff,HUVEC/0h,HUVEC,C1,0,1.0,,ok,,,,Originais (1),,
D8 0HR 2_png.rf.6vZ69MlNa4M4RK00CrsX.png,d8 0hr 2,D8 0HR 2.tiff,HUVEC/0h,HUVEC,D8,0,1.0,,ok,,,,originais,,
D6 8HR 2_png.rf.5nPaWGjUg2mp8jLco95k.png,d6 8hr 2,D6 8HR 2.tiff,HUVEC/8h,HUVEC,D6,8,1.0,,ok,,,,originais,,
D6 0HR 1_png.rf.4oKYhxLKMYTeZrBOsGpy.png,d6 0hr 1,D6 0HR 1.tiff,HUVEC/0h,HUVEC,D6,0,1.0,,ok,,,,originais,,
B6 24H 2_png.rf.g9EmKb8Cdam9r5SMpZY2.png,b6 24h 2,B6 24H 2.tiff,HUVEC/24h,HUVEC,B6,24,1.0,1.265,ok,,,,LUIS RAW,PEP+MET3,
B6 24H 2_png.rf.on5eSF0it6xiMzlvQBIL.png,b6 24h 2,B6 24H 2 (2).tiff,HUVEC/24h,HUVEC,B6,24,1.0,1.265,ok,,,,Migração (PET e PEP) n1 - RAW,PET + NEB 1uM,
B8 0H 2_png.rf.fGRjTfUOLs3peda6Im4w.png,b8 0h 2,B8 0H 2.tiff,HUVEC/0h,HUVEC,B8,0,1.0,,ok,,,,LUIS RAW,PEP+MCC,
F1 0H 2_png.rf.gBMJC85G4OOdikrMFcEc.png,f1 0h 2,F1 0H 2.tiff,HUVEC/0h,HUVEC,F1,0,1.0,,ok,,,,LUIS RAW,PET,
E6 12H 2_png.rf.TsrNibUXSGYTAPRKTkyw.png,e6 12h 2,E6 12H 2.tiff,HUVEC/12h,HUVEC,E6,12,1.0,1.6987,ok,,,,LUIS RAW,PEP+GB,
E6 12H 2_png.rf.BlAfZigMj5CseFC1MU6w.png,e6 12h 2,E6 12H 2 (2).tiff,HUVEC/12h,HUVEC,E6,12,1.0,1.6987,ok,,,,Migração (PET e PEP) n1 - RAW,PET + NEB 5uM,
B1 24H 2_png.rf.aL5f9PxXXKHrQSCq7Jm9.png,b1 24h 2,B1 24H 2 (2).tiff,HUVEC/24h,HUVEC,B1,24,1.0,0.1972,ok,,,,LUIS RAW,PEP,
B1 24H 2_png.rf.4qaCftKSaA7xUEOjNTbd.png,b1 24h 2,B1 24H 2 (4).tiff,HUVEC/24h,HUVEC,B1,24,1.0,0.0902,ok,,,,Migração (PET e PEP) n3 - RAW,,
B1 24h 2_png.rf.DK9BzMN7LNGZvsVA1LaO.png,b1 24h 2,B1 24h 2.tiff,HUVEC/24h,HUVEC,B1,24,0.7932,-0.0023,ambiguo,,,,Pré-Eclâmpsia,,
B1 24H 2_png.rf.WAXPIALQ8VqzYoMup3J4.png,b1 24h 2,B1 24H 2 (3).tiff,HUVEC/24h,HUVEC,B1,24,1.0,0.0902,ok,,,,Migração (PET e PEP) n2 - RAW,PEP + NEB 1uM,
E4 8H 1_png.rf.fGHz8CYQImAFmfxXWS4M.png,e4 8h 1,E4 8H 1.tiff,HUVEC/8h,HUVEC,E4,8,1.0,1.3108,ok,,,,LUIS RAW,PEP+MET3,
E4 8H 1_png.rf.yngxpz19E6gtMv7TZwNY.png,e4 8h 1,E4 8H 1 (2).tiff,HUVEC/8h,HUVEC,E4,8,1.0,1.3108,ok,,,,Migração (PET e PEP) n1 - RAW,PET,
A3 0H 1_png.rf.4oL1M95z5XQoppHkibCl.png,a3 0h 1,A3 0H 1.tiff,HUVEC/0h,HUVEC,A3,0,1.0,1.0462,ok,,,,LUIS RAW,PEP+GB,
A3 0H 1_png.rf.SCgzOX4C9GJqoXUBS7cD.png,a3 0h 1,A3 0H 1 (3).tiff,HUVEC/0h,HUVEC,A3,0,1.0,0.1164,ok,,,,Migração (PET e PEP) n3 - RAW,,
A3 0H 1_png.rf.yPTg0IPNv7ljio0JDYZp.png,a3 0h 1,A3 0H 1 (2).tiff,HUVEC/0h,HUVEC,A3,0,1.0,0.1164,ok,,,,Migração (PET e PEP) n2 - RAW,PEP,
E7 8H 2_png.rf.hLyWTNk9OoU7ZNBzFrnm.png,e7 8h 2,E7 8H 2.tiff,HUVEC/8h,HUVEC,E7,8,1.0,,ok,,,,LUIS RAW,PEP+MCC,
A6 8H 1_png.rf.0Ed4k50VKrxz80UdTuUb.png,a6 8h 1,A6 8H 1.tiff,HUVEC/8h,HUVEC,A6,8,1.0,,ok,,,,LUIS RAW,PEP+MET3,
B7 8H 1_png.rf.lBFggiIcKNjlvkxM2hRK.png,b7 8h 1,B7 8H 1.tiff,HUVEC/8h,HUVEC,B7,8,1.0,,ok,,,,LUIS RAW,PEP+GB,
E1 12H 1_png.rf.MXhOPdUnNbYD4WTRbftP.png,e1 12h 1,E1 12H 1.tiff,HUVEC/12h,HUVEC,E1,12,1.0,,ok,,,,LUIS RAW,PEP,
E5 0H 1_png.rf.1vQjKt50QZjN64Psv9NT.png,e5 0h 1,E5 0H 1 (2).tiff,HUVEC/0h,HUVEC,E5,0,1.0,0.767,ok,,,,Migração (PET e PEP) n1 - RAW,PET,
E5 0H 1_png.rf.yqnlcPCi4sN1IZNgGJZF.png,e5 0h 1,E5 0H 1.tiff,HUVEC/0h,HUVEC,E5,0,1.0,0.767,ok,,,,LUIS RAW,PEP+GB,
C3 24H 2_png.rf.28tWjp0UrmmsCvlzDtvg.png,c3 24h 2,C3 24H 2.tiff,HUVEC/24h,HUVEC,C3,24,1.0,0.1477,ok,,,,Migração (PET e PEP) n1 - RAW,PEP + NEB 1uM,
C3 24H 2_png.rf.1wSY2UkYqgHSdnWl4F25.png,c3 24h 2,C3 24H 2 (3).tiff,HUVEC/24h,HUVEC,C3,24,1.0,0.1441,ok,,,,Migração (PET e PEP) n3 - RAW,,
C3 24H 2_png.rf.OVnzFMX0yCURjr7b0E0V.png,c3 24h 2,C3 24H 2 (2).tiff,HUVEC/24h,HUVEC,C3,24,1.0,0.1442,ok,,,,Migração (PET e PEP) n2 - RAW,PET,
E5 24H 2_png.rf.6vTK4uKSq2so4Qygh6pa.png,e5 24h 2,E5 24H 2 (2).tiff,HUVEC/24h,HUVEC,E5,24,1.0,0.2989,ok,,,,Migração (PET e PEP) n1 - RAW,PET,
E5 24H 2_png.rf.fcYsl0fEP4LX8ywk9lvr.png,e5 24h 2,E5 24H 2.tiff,HUVEC/24h,HUVEC,E5,24,1.0,0.2989,ok,,,,LUIS RAW,PEP+GB,
A6 0HR 1_png.rf.pklUjEh23onboVeWaw4x.png,a6 0hr 1,A6 0HR 1 (2).tiff,HUVEC/0h,HUVEC,A6,0,1.0,0.2484,ok,,,,Originais (1),,
A6 0HR 1_png.rf.8JKmt3fFlm2xNDphYqOO.png,a6 0hr 1,A6 0HR 1.tiff,HUVEC/0h,HUVEC,A6,0,1.0,0.2484,ok,,,,originais,,
B7 12H 2_png.rf.m99XnRmyLF7wLmP2Pgs0.png,b7 12h 2,B7 12H 2.tiff,HUVEC/12h,HUVEC,B7,12,1.0,,ok,,,,LUIS RAW,PEP+GB,
D8 8HR 1_png.rf.IJVQBws0SzQ90LsiLaCx.png,d8 8hr 1,D8 8HR 1.tiff,HUVEC/8h,HUVEC,D8,8,1.0,,ok,,,,originais,,
D1 0HR 1_png.rf.X95BBgcop2LdYBHvWj7G.png,d1 0hr 1,D1 0HR 1.tiff,HUVEC/0h,HUVEC,D1,0,1.0,0.2393,ok,,,,originais,,
D1 0HR 1_png.rf.pXGKiyw6dpCjGOogRcBS.png,d1 0hr 1,D1 0HR 1 (2).tiff,HUVEC/0h,HUVEC,D1,0,1.0,0.2393,ok,,,,Originais (1),,
A1 8HR 1_png.rf.VABkXkmpYjE9yLo5gSBX.png,a1 8hr 1,A1 8HR 1 (2).tiff,HUVEC/8h,HUVEC,A1,8,1.0,0.2293,ok,,,,Originais (1),,
A1 8HR 1_png.rf.7N4eAqgpqfPKb1eNWowl.png,a1 8hr 1,A1 8HR 1.tiff,HUVEC/8h,HUVEC,A1,8,1.0,0.2293,ok,,,,originais,,
C6 0HR 2_png.rf.zyNAR1CwDZpAV3QTNmAK.png,c6 0hr 2,C6 0HR 2.tiff,HUVEC/0h,HUVEC,C6,0,1.0,,ok,,,,Originais (1),,
E5 0H 2_png.rf.8p5NkHtrp3u9YOFn9tyS.png,e5 0h 2,E5 0H 2 (2).tiff,HUVEC/0h,HUVEC,E5,0,1.0,0.9258,ok,,,,Migração (PET e PEP) n1 - RAW,PET,
E5 0H 2_png.rf.7Z9jfrXhtVmhLQrXDviu.png,e5 0h 2,E5 0H 2.tiff,HUVEC/0h,HUVEC,E5,0,1.0,0.9258,ok,,,,LUIS RAW,PEP+GB,
A8 8HR 2_png.rf.Sl3eGhF0H3bFdH9ednkA.png,a8 8hr 2,A8 8HR 2 (2).tiff,HUVEC/8h,HUVEC,A8,8,1.0,0.7015,ok,,,,Originais (1),,
A8 8HR 2_png.rf.EJjkqscJBx39tXPg49pe.png,a8 8hr 2,A8 8HR 2.tiff,HUVEC/8h,HUVEC,A8,8,1.0,0.7015,ok,,,,originais,,
C2 0HR 1_png.rf.Yu3NwZ7ww6snJr7UM5dr.png,c2 0hr 1,C2 0HR 1.tiff,HUVEC/0h,HUVEC,C2,0,1.0,,ok,,,,Originais (1),,
C5 0HR 2_png.rf.RILXqlwl7sgu60wnNZj4.png,c5 0hr 2,C5 0HR 2.tiff,HUVEC/0h,HUVEC,C5,0,1.0,,ok,,,,Originais (1),,
D3 0HR 1_png.rf.UTdVqreVFkXPnGSBUDx1.png,d3 0hr 1,D3 0HR 1 (2).tiff,HUVEC/0h,HUVEC,D3,0,1.0,0.8202,ok,,,,Originais (1),,
D3 0HR 1_png.rf.qw9FMyUJOaS44J6sP1Ql.png,d3 0hr 1,D3 0HR 1.tiff,HUVEC/0h,HUVEC,D3,0,1.0,0.8202,ok,,,,originais,,
A7 8HR 2_png.rf.XLvSf5YShAgMNDunOMd0.png,a7 8hr 2,A7 8HR 2 (2).tiff,HUVEC/8h,HUVEC,A7,8,1.0,0.5268,ok,,,,Originais (1),,
A7 8HR 2_png.rf.dobLaJPosWiABykLZnGP.png,a7 8hr 2,A7 8HR 2.tiff,HUVEC/8h,HUVEC,A7,8,1.0,0.5268,ok,,,,originais,,
A6 0HR 2_png.rf.JMN4V6CmL5NKT47K3mPk.png,a6 0hr 2,A6 0HR 2 (2).tiff,HUVEC/0h,HUVEC,A6,0,1.0,0.1908,ok,,,,Originais (1),,
A6 0HR 2_png.rf.U8U5IbHwqCKRxWcOiaKk.png,a6 0hr 2,A6 0HR 2.tiff,HUVEC/0h,HUVEC,A6,0,1.0,0.1908,ok,,,,originais,,
C3 0HR 2_png.rf.fB58mPGwNgzpEsam8ilX.png,c3 0hr 2,C3 0HR 2.tiff,HUVEC/0h,HUVEC,C3,0,1.0,,ok,,,,Originais (1),,
D2 0HR 2_png.rf.hkAX0DMAdAmUUEg8u8ih.png,d2 0hr 2,D2 0HR 2 (2).tiff,HUVEC/0h,HUVEC,D2,0,1.0,0.4806,ok,,,,Originais (1),,
D2 0HR 2_png.rf.VDReyc4tQ21pFdV55mR5.png,d2 0hr 2,D2 0HR 2.tiff,HUVEC/0h,HUVEC,D2,0,1.0,0.4806,ok,,,,originais,,
C1 0HR 1_png.rf.io0V83H2okswSGviYmJX.png,c1 0hr 1,C1 0HR 1.tiff,HUVEC/0h,HUVEC,C1,0,1.0,,ok,,,,Originais (1),,
B1 24H 1_png.rf.0deSBQxLbdnRzJ0lo2os.png,b1 24h 1,B1 24H 1 (3).tiff,HUVEC/24h,HUVEC,B1,24,1.0,0.0877,ok,,,,Migração (PET e PEP) n3 - RAW,,
B1 24H 1_png.rf.GJ99b6zJDkCcdldeprAL.png,b1 24h 1,B1 24H 1 (2).tiff,HUVEC/24h,HUVEC,B1,24,1.0,0.0877,ok,,,,Migração (PET e PEP) n2 - RAW,PEP + NEB 1uM,
B1 24H 1_png.rf.HqYokt9sZNbgk1oXPrdr.png,b1 24h 1,B1 24H 1.tiff,HUVEC/24h,HUVEC,B1,24,1.0,0.7375,ok,,,,LUIS RAW,PEP,
A7 0HR 2_png.rf.0uB1uwLgRUfuU7JqF0kR.png,a7 0hr 2,A7 0HR 2.tiff,HUVEC/0h,HUVEC,A7,0,1.0,0.3444,ok,,,,originais,,
A7 0HR 2_png.rf.vAp3lFd9w8FX4VCJhMZl.png,a7 0hr 2,A7 0HR 2 (2).tiff,HUVEC/0h,HUVEC,A7,0,1.0,0.3444,ok,,,,Originais (1),,
D2 24H 1_png.rf.3dVBVsdA0iITfaZ15lQH.png,d2 24h 1,D2 24H 1 (2).tiff,HUVEC/24h,HUVEC,D2,24,1.0,0.2668,ok,,,,Migração (PET e PEP) n3 - RAW,,
D2 24H 1_png.rf.Bc0RVmhmtihtWRrOu3Sx.png,d2 24h 1,D2 24H 1.tiff,HUVEC/24h,HUVEC,D2,24,1.0,0.2668,ok,,,,Migração (PET e PEP) n2 - RAW,PET + NEB 1uM,
D4 12HR 2_png.rf.3mHz6QXfVp3bYuBorSyN.png,d4 12hr 2,D4 12HR 2.tiff,HUVEC/12h,HUVEC,D4,12,1.0,,ok,,,,originais,,
B1 24HR 1_png.rf.ZOXgAwm7pCyA0PxFBFkk.png,b1 24hr 1,,,HUVEC,B1,24,,,sem_candidato,,,,,,
B1 24hr 1_png.rf.wZriPsVdQe9B1XYh0ypQ.png,b1 24hr 1,B1 24hr 1.tiff,HUVEC/24h,HUVEC,B1,24,0.5779,,ambiguo,,,,Saudável,,
A4 24h 1_png.rf.33dy4hIcNF63XsaZetPY.png,a4 24h 1,A4 24h 1.tiff,HUVEC/24h,HUVEC,A4,24,0.9466,0.9067,ok,,,,Controle,,
A4 24H 1_png.rf.gJwCrLc590rY2WH4Ned6.png,a4 24h 1,A4 24H 1 (2).tiff,HUVEC/24h,HUVEC,A4,24,1.0,0.9636,ok,,,,LUIS RAW,PEP+MCC,
B1 24 1_png.rf.4kESSl903ETfZ8RacXmq.png,b1 24 1,B1 24 1.tiff,HUVEC/24h,HUVEC,B1,24,0.8946,,ok,,,,Pré-Eclâmpsia,,
B6 24HR 2_png.rf.JjCpIX0SSKPtprUC1AUV.png,b6 24hr 2,B6 24HR 2.tiff,HUVEC/24h,HUVEC,B6,24,1.0,,ok,,,,originais,,
D5 12HR 2_png.rf.R9D5BB9IshtABWWWswKd.png,d5 12hr 2,D5 12HR 2.tiff,HUVEC/12h,HUVEC,D5,12,1.0,,ok,,,,originais,,
A2 24HR 1_png.rf.Ui49cupMaTI531NWJK6R.png,a2 24hr 1,A2 24HR 1.tiff,HUVEC/24h,HUVEC,A2,24,1.0,0.1613,ok,,,,originais,,
A2 24HR 1_png.rf.zHEN1vEwcIUcwRWJIw0w.png,a2 24hr 1,A2 24HR 1 (2).tiff,HUVEC/24h,HUVEC,A2,24,1.0,0.1613,ok,,,,Originais (1),,
B3 24HR 2_png.rf.KdQdPqIplBH5LttSEuYM.png,b3 24hr 2,B3 24HR 2.tiff,HUVEC/24h,HUVEC,B3,24,1.0,,ok,,,,originais,,
D7 12HR 2_png.rf.Mx3Pfn3ormlryV7b2yzz.png,d7 12hr 2,D7 12HR 2.tiff,HUVEC/12h,HUVEC,D7,12,1.0,,ok,,,,originais,,
B4 12hr 1_png.rf.67F2wb5gCj5GQZg22JeL.png,b4 12hr 1,B4 12hr 1.tiff,HUVEC/12h,HUVEC,B4,12,0.4991,0.5413,ambiguo,,,,Pré-Eclâmpsia,,
B4 12HR 1_png.rf.KaR1X3qveVurnKSmeOz8.png,b4 12hr 1,,,HUVEC,B4,12,,,sem_candidato,,,,,,
B4 12HR 1_png.rf.guNhxNPcFlti4hUxkpql.png,b4 12hr 1,B4 12HR 1 (2).tiff,HUVEC/12h,HUVEC,B4,12,1.0,1.0446,ok,,,,Originais (1),,
B4 12hr 2_png.rf.6MFKtv79wCTIK0YDsTYm.png,b4 12hr 2,B4 12hr 2.tiff,HUVEC/12h,HUVEC,B4,12,0.9463,0.312,ok,,,,Saudável,,
B4 12HR 2_png.rf.T9zwB1CKrAIJWPxFGcE5.png,b4 12hr 2,,,HUVEC,B4,12,,,sem_candidato,,,,,,
B4 12HR 2_png.rf.jxZ0dYKAVdNPmJQFPifR.png,b4 12hr 2,B4 12HR 2 (2).tiff,HUVEC/12h,HUVEC,B4,12,1.0,0.3639,ok,,,,Originais (1),,
B6 24h 1_png.rf.HqRokqEzDfBP5O3ZtezT.png,b6 24h 1,,,HUVEC,B6,24,,,sem_candidato,,,,,,
B6 24H 1_png.rf.j9lG9KfzRzSXyhye5PlS.png,b6 24h 1,B6 24H 1 (3).tiff,HUVEC/24h,HUVEC,B6,24,1.0,0.5003,ok,,,,Migração (PET e PEP) n1 - RAW,PET + NEB 1uM,
B6 24h 1_png.rf.Mqv4F4d5b4AUQiStkAzE.png,b6 24h 1,B6 24h 1.tiff,HUVEC/24h,HUVEC,B6,24,0.9469,1.5208,ok,,,,Pré-Eclâmpsia,,
B6 24H 1_png.rf.z1gnHGqIpgOdff4cmlwF.png,b6 24h 1,B6 24H 1 (2).tiff,HUVEC/24h,HUVEC,B6,24,1.0,0.5003,ok,,,,LUIS RAW,PEP+MET3,
D3 12HR 2_png.rf.cc5ORiU1L0tYW9JwzMnT.png,d3 12hr 2,D3 12HR 2.tiff,HUVEC/12h,HUVEC,D3,12,1.0,0.4836,ok,,,,originais,,
D3 12HR 2_png.rf.nlwr0hPwCsrwhcGywwyF.png,d3 12hr 2,D3 12HR 2 (2).tiff,HUVEC/12h,HUVEC,D3,12,1.0,0.4836,ok,,,,Originais (1),,
D4 24HR 1_png.rf.ZeWox4g9WSQYjCRdF5Hj.png,d4 24hr 1,D4 24HR 1.tiff,HUVEC/24h,HUVEC,D4,24,1.0,,ok,,,,originais,,
D7 24HR 2_png.rf.XWVFfZxkpp5fMF6O9txt.png,d7 24hr 2,D7 24HR 2.tiff,HUVEC/24h,HUVEC,D7,24,1.0,,ok,,,,originais,,
C2 24H 2_png.rf.nK9nS1IZLcocNvwfcE7w.png,c2 24h 2,C2 24H 2 (2).tiff,HUVEC/24h,HUVEC,C2,24,1.0,0.8723,ok,,,,Migração (PET e PEP) n3 - RAW,,
C2 24H 2_png.rf.3iAkFoyGnnXiK0b7aJfO.png,c2 24h 2,C2 24H 2.tiff,HUVEC/24h,HUVEC,C2,24,1.0,0.8723,ok,,,,Migração (PET e PEP) n2 - RAW,PET,
B4 0HR 1_png.rf.vUKPySAwB6c4ma0fBFDE.png,b4 0hr 1,B4 0HR 1.tiff,HUVEC/0h,HUVEC,B4,0,1.0,0.1713,ok,,,,originais,,
B4 0HR 1_png.rf.Sr70U7YhZrmMlrGO89Iv.png,b4 0hr 1,B4 0HR 1 (2).tiff,HUVEC/0h,HUVEC,B4,0,1.0,0.1713,ok,,,,Originais (1),,
B6 8HR 1_png.rf.ezE4khDWYhT8i1EBIy2m.png,b6 8hr 1,B6 8HR 1 (2).tiff,HUVEC/8h,HUVEC,B6,8,1.0,0.2291,ok,,,,Originais (1),,
B6 8HR 1_png.rf.p2EJqFyR41XjsHo60u8I.png,b6 8hr 1,B6 8HR 1.tiff,HUVEC/8h,HUVEC,B6,8,1.0,0.2291,ok,,,,originais,,
Snap-15_60_png.rf.AUB9Da86Zc4f2GiWRpgF.png,snap-15,Snap-15.tiff,SKOV/24h,SKOV,snap-15,24,0.9989,0.1158,ok,P2,CT,,,,
Snap-15_134_png.rf.PT0eio2SodTEch0Oowqe.png,snap-15,Snap-15 (2).tiff,SKOV/48h,SKOV,snap-15,48,0.9991,0.1208,ok,P1,CT,,,,
Snap-15_194_png.rf.jyDxznPzUcDKPrXPinis.png,snap-15,Snap-15 (2).tiff,SKOV/24h,SKOV,snap-15,24,0.9996,0.1541,ok,P1,CT,,,,
Snap-15_15_png.rf.oEkUKHxOZ7qcBLxMlF5e.png,snap-15,Snap-15.tiff,SKOV/48h,SKOV,snap-15,48,0.9996,0.1181,ok,P2,CT,,,,
Snap-15_png.rf.QpISbBkKeIMbu6a2p8wX.png,snap-15,Snap-15.tiff,SKOV/0h,SKOV,snap-15,0,0.9996,0.1884,ok,P2,CT,,,,
Snap-19_png.rf.54NjFnaveSX8V7dKaXCe.png,snap-19,Snap-19.tiff,SKOV/0h,SKOV,snap-19,0,0.9998,0.1853,ok,P2,CARBO,,,,
Snap-19_179_png.rf.LbI9UqUYPM9MI69fTMLd.png,snap-19,Snap-19 (2).tiff,SKOV/24h,SKOV,snap-19,24,0.9995,0.1852,ok,P1,PTX,,,,
Snap-19_45_png.rf.h26s2hEWJo5PGBPNWzbv.png,snap-19,Snap-19.tiff,SKOV/48h,SKOV,snap-19,48,0.9982,0.1923,ok,P2,CARBO,,,,
Snap-19_119_png.rf.rL8vPl5ijPVO0I4eyA1W.png,snap-19,Snap-19 (2).tiff,SKOV/48h,SKOV,snap-19,48,0.9997,0.2043,ok,P1,PTX,,,,
Snap-19_90_png.rf.LTW9T6mUiyeyn573QLTY.png,snap-19,Snap-19.tiff,SKOV/24h,SKOV,snap-19,24,0.9995,0.1873,ok,P2,CARBO,,,,
Snap-20_png.rf.CTNy3Rv16m36Khsp3xJc.png,snap-20,Snap-20.tiff,SKOV/0h,SKOV,snap-20,0,0.9997,0.2107,ok,P2,CARBO,,,,
Snap-20_133_png.rf.wotHCE8IfJ6UYBmxNc4i.png,snap-20,Snap-20 (2).tiff,SKOV/48h,SKOV,snap-20,48,0.9995,0.2484,ok,P1,PTX,,,,
Snap-20_59_png.rf.cuUsjVgyqu6QpoUYSKTl.png,snap-20,Snap-20.tiff,SKOV/48h,SKOV,snap-20,48,0.998,0.313,ok,P2,CARBO,,,,
Snap-20_193_png.rf.OGPjmr6AN3p8v8qf5RaD.png,snap-20,Snap-20 (2).tiff,SKOV/24h,SKOV,snap-20,24,0.9995,0.2106,ok,P1,PTX,,,,
Snap-20_104_png.rf.lu9wLu7mqVxquLAseXNa.png,snap-20,Snap-20.tiff,SKOV/24h,SKOV,snap-20,24,0.9996,0.2099,ok,P2,CARBO,,,,
A1 8HR 2_png.rf.bvjlWbubzYS3fVyOKsCU.png,a1 8hr 2,A1 8HR 2 (2).tiff,HUVEC/8h,HUVEC,A1,8,1.0,0.1454,ok,,,,Originais (1),,
A1 8HR 2_png.rf.emd32984S6mQhEIM0RXU.png,a1 8hr 2,A1 8HR 2.tiff,HUVEC/8h,HUVEC,A1,8,1.0,0.1454,ok,,,,originais,,
Snap-17_102_png.rf.L35h25Y208weJrkXRPl5.png,snap-17,Snap-17.tiff,SKOV/24h,SKOV,snap-17,24,0.9996,0.2069,ok,P2,CARBO,,,,
Snap-17_191_png.rf.VaUfcjat6tcky3mpq2eY.png,snap-17,Snap-17 (2).tiff,SKOV/24h,SKOV,snap-17,24,0.9996,0.2073,ok,P1,PTX,,,,
Snap-17_57_png.rf.eHlOfkRwkZdoOjiE6Mxj.png,snap-17,Snap-17.tiff,SKOV/48h,SKOV,snap-17,48,0.9959,0.2932,ok,P2,CARBO,,,,
Snap-17_131_png.rf.w04wolCzNfH78hvtq37N.png,snap-17,Snap-17 (2).tiff,SKOV/48h,SKOV,snap-17,48,0.9996,0.2581,ok,P1,PTX,,,,
Snap-17_png.rf.wQPtTYXFL94gKLen5q7D.png,snap-17,Snap-17.tiff,SKOV/0h,SKOV,snap-17,0,0.9998,0.2106,ok,P2,CARBO,,,,
Snap-17_252_png.rf.bulki6Z5lbUSEa4uMo6D.png,snap-17,Snap-17.tiff,SKOV/72h,SKOV,snap-17,72,0.9996,0.2953,ok,P1,PTX,,,,
E1 8H 2_png.rf.5qtx5quA0obTJbOUZCxP.png,e1 8h 2,E1 8H 2.tiff,HUVEC/8h,HUVEC,E1,8,1.0,,ok,,,,LUIS RAW,PEP,
E1 8H 1_png.rf.8l6bvVJjLSjiFIlOhJkG.png,e1 8h 1,E1 8H 1.tiff,HUVEC/8h,HUVEC,E1,8,1.0,,ok,,,,LUIS RAW,PEP,
E2 8H 2_png.rf.A1FxKlPrQIHjZQ9mdCtD.png,e2 8h 2,E2 8H 2.tiff,HUVEC/8h,HUVEC,E2,8,1.0,,ok,,,,LUIS RAW,PEP,
B4 24HR 2_png.rf.MNt9ujzb7mPjEN7Zxr8a.png,b4 24hr 2,B4 24HR 2.tiff,HUVEC/24h,HUVEC,B4,24,1.0,0.3729,ok,,,,originais,,
B4 24HR 2_png.rf.AY9pmWT2DlfnRIvRg3as.png,b4 24hr 2,B4 24HR 2 (2).tiff,HUVEC/24h,HUVEC,B4,24,1.0,0.3729,ok,,,,Originais (1),,
A6 8H 2_png.rf.8H5VYogwRaw3bc7Ufnp7.png,a6 8h 2,A6 8H 2.tiff,HUVEC/8h,HUVEC,A6,8,1.0,,ok,,,,LUIS RAW,PEP+MET3,
A7 8H 1_png.rf.imdEFsHE1mYvXy3RRzPv.png,a7 8h 1,A7 8H 1.tiff,HUVEC/8h,HUVEC,A7,8,1.0,,ok,,,,LUIS RAW,PEP+GB,
B6 8H 1_png.rf.qDArlyAzfww0cgi6FENm.png,b6 8h 1,B6 8H 1.tiff,HUVEC/8h,HUVEC,B6,8,1.0,0.6774,ok,,,,LUIS RAW,PEP+MET3,
B6 8H 1_png.rf.EJolHbiqIDsWm7XwyCFX.png,b6 8h 1,B6 8H 1 (2).tiff,HUVEC/8h,HUVEC,B6,8,1.0,0.6774,ok,,,,Migração (PET e PEP) n1 - RAW,PET + NEB 1uM,
E4 8H 2_png.rf.rdW8kPWMuRg50sCI0meX.png,e4 8h 2,E4 8H 2.tiff,HUVEC/8h,HUVEC,E4,8,1.0,1.5045,ok,,,,LUIS RAW,PEP+MET3,
E4 8H 2_png.rf.jlW5HpmI2m57qY2TSPDs.png,e4 8h 2,E4 8H 2 (2).tiff,HUVEC/8h,HUVEC,E4,8,1.0,1.5045,ok,,,,Migração (PET e PEP) n1 - RAW,PET,
A3 24H 1_png.rf.tfdHOCRouEH53EDqy7G0.png,a3 24h 1,A3 24H 1.tiff,HUVEC/24h,HUVEC,A3,24,1.0,0.3175,ok,,,,LUIS RAW,PEP+GB,
A3 24H 1_png.rf.ZkTdxPADA9eK1ZS8wJQP.png,a3 24h 1,A3 24H 1 (2).tiff,HUVEC/24h,HUVEC,A3,24,1.0,0.1609,ok,,,,Migração (PET e PEP) n2 - RAW,PEP,
A3 24H 1_png.rf.ZNOTbMmKYzpfIiFiyzJl.png,a3 24h 1,A3 24H 1 (3).tiff,HUVEC/24h,HUVEC,A3,24,1.0,0.1609,ok,,,,Migração (PET e PEP) n3 - RAW,,
E6 24H 2_png.rf.xPxa5zfkuhQQMYWCu9UE.png,e6 24h 2,E6 24H 2.tiff,HUVEC/24h,HUVEC,E6,24,1.0,1.4141,ok,,,,LUIS RAW,PEP+GB,
E6 24H 2_png.rf.c0Q0aeG3uzgZqNDW0NS5.png,e6 24h 2,E6 24H 2 (2).tiff,HUVEC/24h,HUVEC,E6,24,1.0,1.4141,ok,,,,Migração (PET e PEP) n1 - RAW,PET + NEB 5uM,
E3 8H 1_png.rf.ydjYbDPXt2Ll0FuF5dXC.png,e3 8h 1,E3 8H 1.tiff,HUVEC/8h,HUVEC,E3,8,1.0,0.3876,ok,,,,LUIS RAW,PEP+MET3,
E3 8H 1_png.rf.UfzabC0joqrxRr8cl3uJ.png,e3 8h 1,E3 8H 1 (2).tiff,HUVEC/8h,HUVEC,E3,8,1.0,0.3876,ok,,,,Migração (PET e PEP) n1 - RAW,PET,
B5 8H 1_png.rf.OgNl7n5SIXkGIuU1InnN.png,b5 8h 1,B5 8H 1 (2).tiff,HUVEC/8h,HUVEC,B5,8,1.0,1.4149,ok,,,,Migração (PET e PEP) n1 - RAW,PEP,
B5 8H 1_png.rf.ge3SG45JV1gKhWc7ifdS.png,b5 8h 1,B5 8H 1.tiff,HUVEC/8h,HUVEC,B5,8,1.0,1.4149,ok,,,,LUIS RAW,PEP,
B5 8H 2_png.rf.SgUUZx4vrliHz3cQhHZG.png,b5 8h 2,B5 8H 2 (2).tiff,HUVEC/8h,HUVEC,B5,8,1.0,1.4941,ok,,,,Migração (PET e PEP) n1 - RAW,PEP,
B5 8H 2_png.rf.p8rDOeacacLxFiD0aAkc.png,b5 8h 2,B5 8H 2.tiff,HUVEC/8h,HUVEC,B5,8,1.0,1.4941,ok,,,,LUIS RAW,PEP,
D5 0HR 2_png.rf.e3GMlxLnQsu8m7577fEm.png,d5 0hr 2,D5 0HR 2.tiff,HUVEC/0h,HUVEC,D5,0,1.0,,ok,,,,originais,,
D4 0H 2_png.rf.7RFXNZEElcEIxiB134la.png,d4 0h 2,D4 0H 2.tiff,HUVEC/0h,HUVEC,D4,0,1.0,0.5494,ok,,,,Migração (PET e PEP) n1 - RAW,PEP + NEB 5uM,
D4 0H 2_png.rf.eVEb58gAMbcellIRwKuX.png,d4 0h 2,D4 0H 2 (3).tiff,HUVEC/0h,HUVEC,D4,0,1.0,0.5494,ok,,,,Migração (PET e PEP) n3 - RAW,,
D4 0H 2_png.rf.yvJgcXkN2Fgn4uyudNxv.png,d4 0h 2,D4 0H 2 (2).tiff,HUVEC/0h,HUVEC,D4,0,1.0,0.6225,ok,,,,Migração (PET e PEP) n2 - RAW,PET + NEB 5uM,
C4 12H 2_png.rf.H2Y5R9zDxcuoXPVFCHZX.png,c4 12h 2,C4 12H 2.tiff,HUVEC/12h,HUVEC,C4,12,1.0,,ok,,,,Migração (PET e PEP) n1 - RAW,PEP + NEB 1uM,
C3 0H 1_png.rf.GUP2WCnC3j3AaenQzSMG.png,c3 0h 1,C3 0H 1.tiff,HUVEC/0h,HUVEC,C3,0,1.0,0.6045,ok,,,,Migração (PET e PEP) n1 - RAW,PEP + NEB 1uM,
C3 0H 1_png.rf.RnULYdovSpgOgllwCh6N.png,c3 0h 1,C3 0H 1 (3).tiff,HUVEC/0h,HUVEC,C3,0,1.0,0.2919,ok,,,,Migração (PET e PEP) n3 - RAW,,
C3 0H 1_png.rf.1GcjwCTkABCFtVVPXmAu.png,c3 0h 1,C3 0H 1 (2).tiff,HUVEC/0h,HUVEC,C3,0,1.0,0.2919,ok,,,,Migração (PET e PEP) n2 - RAW,PET,
E6 8H 1_png.rf.aiTpRNkpOLX1i5ifEBmk.png,e6 8h 1,E6 8H 1 (2).tiff,HUVEC/8h,HUVEC,E6,8,1.0,0.4528,ok,,,,Migração (PET e PEP) n1 - RAW,PET + NEB 5uM,
E6 8H 1_png.rf.9FbfyZAyJYAjvbhnQKNC.png,e6 8h 1,E6 8H 1.tiff,HUVEC/8h,HUVEC,E6,8,1.0,0.4528,ok,,,,LUIS RAW,PEP+GB,
C5 12H 1_png.rf.eqPnAQCG5aI0rvfthMNV.png,c5 12h 1,C5 12H 1 (2).tiff,HUVEC/12h,HUVEC,C5,12,1.0,0.1154,ok,,,,Migração (PET e PEP) n1 - RAW,PET + NEB 1uM,
C5 12H 1_png.rf.OLiywuVh8Y6xj17HnU6e.png,c5 12h 1,C5 12H 1.tiff,HUVEC/12h,HUVEC,C5,12,1.0,0.1154,ok,,,,LUIS RAW,PET,
E4 12H 1_png.rf.KRVDSp5DFhpm9hFLfjy9.png,e4 12h 1,E4 12H 1 (2).tiff,HUVEC/12h,HUVEC,E4,12,1.0,0.1771,ok,,,,Migração (PET e PEP) n1 - RAW,PET,
E4 12H 1_png.rf.35ZjiXuLnQ3VKuAQmtoa.png,e4 12h 1,E4 12H 1.tiff,HUVEC/12h,HUVEC,E4,12,1.0,0.1771,ok,,,,LUIS RAW,PEP+MET3,
E3 8H 2_png.rf.JTkZ7wGK8TZqcNr0iQ9Z.png,e3 8h 2,E3 8H 2 (2).tiff,HUVEC/8h,HUVEC,E3,8,1.0,0.4607,ok,,,,Migração (PET e PEP) n1 - RAW,PET,
C4 8H 1_png.rf.OhDSqkiCC7cBz300AryE.png,c4 8h 1,C4 8H 1.tiff,HUVEC/8h,HUVEC,C4,8,1.0,,ok,,,,Migração (PET e PEP) n1 - RAW,PEP + NEB 1uM,
C4 24H 1_png.rf.PrzpHu9et1vWKc2r3zCq.png,c4 24h 1,C4 24H 1.tiff,HUVEC/24h,HUVEC,C4,24,1.0,,ok,,,,Migração (PET e PEP) n1 - RAW,PEP + NEB 1uM,
E3 24H 2_png.rf.V8dxaWov8z3KO2UEETWV.png,e3 24h 2,E3 24H 2 (2).tiff,HUVEC/24h,HUVEC,E3,24,1.0,0.6675,ok,,,,Migração (PET e PEP) n1 - RAW,PET,
E3 24H 2_png.rf.CqrKP3UzCHpoiMQnTwYf.png,e3 24h 2,E3 24H 2.tiff,HUVEC/24h,HUVEC,E3,24,1.0,0.6675,ok,,,,LUIS RAW,PEP+MET3,
E4 0H 1_png.rf.Odx4K5xl2aDlImnpj0G5.png,e4 0h 1,E4 0H 1 (2).tiff,HUVEC/0h,HUVEC,E4,0,1.0,1.1301,ok,,,,Migração (PET e PEP) n1 - RAW,PET,
E4 0H 1_png.rf.guF4XcIWsACmegRAd2IS.png,e4 0h 1,E4 0H 1.tiff,HUVEC/0h,HUVEC,E4,0,1.0,1.1301,ok,,,,LUIS RAW,PEP+MET3,
C5 12H 2_png.rf.oLP5pb7BztRNGjNEDlAS.png,c5 12h 2,C5 12H 2 (2).tiff,HUVEC/12h,HUVEC,C5,12,1.0,0.1633,ok,,,,Migração (PET e PEP) n1 - RAW,PET + NEB 1uM,
C5 12H 2_png.rf.yGOWuMwCESVagvk7Q4HY.png,c5 12h 2,C5 12H 2.tiff,HUVEC/12h,HUVEC,C5,12,1.0,0.1633,ok,,,,LUIS RAW,PET,
D2 24H 2_png.rf.Dr2SascrSZ4uku6feLCZ.png,d2 24h 2,D2 24H 2 (2).tiff,HUVEC/24h,HUVEC,D2,24,1.0,1.2808,ok,,,,Migração (PET e PEP) n3 - RAW,,
D2 24H 2_png.rf.Dr42hWA0VdnglReM9CyU.png,d2 24h 2,D2 24H 2.tiff,HUVEC/24h,HUVEC,D2,24,1.0,1.2808,ok,,,,Migração (PET e PEP) n2 - RAW,PET + NEB 1uM,
D3 24H 2_png.rf.Guj6hzRwo4KztSHLvC8P.png,d3 24h 2,D3 24H 2 (3).tiff,HUVEC/24h,HUVEC,D3,24,1.0,1.7589,ok,,,,Migração (PET e PEP) n3 - RAW,,
D3 24H 2_png.rf.wrSFiDUm4y3l7OfQ8x8P.png,d3 24h 2,D3 24H 2.tiff,HUVEC/24h,HUVEC,D3,24,1.0,0.0849,ok,,,,Migração (PET e PEP) n1 - RAW,PEP + NEB 5uM,
D3 24H 2_png.rf.vu9MuWKRyoy3WKGkVrI5.png,d3 24h 2,D3 24H 2 (2).tiff,HUVEC/24h,HUVEC,D3,24,1.0,0.0849,ok,,,,Migração (PET e PEP) n2 - RAW,PET + NEB 5uM,
B1 0H 1_png.rf.wkE6SnIAQml6UyDMQy02.png,b1 0h 1,B1 0H 1 (3).tiff,HUVEC/0h,HUVEC,B1,0,1.0,0.2134,ok,,,,Migração (PET e PEP) n3 - RAW,,
B1 0H 1_png.rf.j3ckb2OmuPoN1D2ZNrsL.png,b1 0h 1,B1 0H 1 (2).tiff,HUVEC/0h,HUVEC,B1,0,1.0,0.4217,ok,,,,Migração (PET e PEP) n2 - RAW,PEP + NEB 1uM,
B1 0H 1_png.rf.C8YpfhQojmLektIYz0IQ.png,b1 0h 1,B1 0H 1.tiff,HUVEC/0h,HUVEC,B1,0,1.0,0.2134,ok,,,,LUIS RAW,PEP,
B4 24H 2_png.rf.xxfOaydli3MnWDQgI8Hg.png,b4 24h 2,B4 24H 2 (5).tiff,HUVEC/24h,HUVEC,B4,24,1.0,0.8005,ok,,,,Migração (PET e PEP) n3 - RAW,,
B4 24h 2_png.rf.Of8T2fD4qf0cAdWJbOuF.png,b4 24h 2,B4 24h 2.tiff,HUVEC/24h,HUVEC,B4,24,0.8677,0.0583,ok,,,,Saudável,,
B4 24H 2_png.rf.Dy3NkPc0L9HXhRCtCbkW.png,b4 24h 2,B4 24H 2 (2).tiff,HUVEC/24h,HUVEC,B4,24,1.0,0.117,ok,,,,LUIS RAW,PEP+MCC,
B4 24H 2_png.rf.YGDDHBmTvfvwYQHk10DN.png,b4 24h 2,B4 24H 2 (3).tiff,HUVEC/24h,HUVEC,B4,24,1.0,0.117,ok,,,,Migração (PET e PEP) n1 - RAW,PEP,
C7 12hr 2_png.rf.On4PgSthEawXN0tYNcLD.png,c7 12hr 2,C7 12hr 2.tiff,HUVEC/12h,HUVEC,C7,12,0.626,0.174,ambiguo,,,,Pré-Eclâmpsia,,
C7 12HR 2_png.rf.FcP7oeCPkBbZtSE7blxW.png,c7 12hr 2,C7 12HR 2 (2).tiff,HUVEC/12h,HUVEC,C7,12,1.0,0.5513,ok,,,,Originais (1),,
B1 0H 2_png.rf.rKSV6ynjn8T0ad0TIIgc.png,b1 0h 2,B1 0H 2 (3).tiff,HUVEC/0h,HUVEC,B1,0,1.0,0.8674,ok,,,,Migração (PET e PEP) n3 - RAW,,
B1 0H 2_png.rf.M9qDqnfqVRQAN3kixv3Y.png,b1 0h 2,B1 0H 2 (2).tiff,HUVEC/0h,HUVEC,B1,0,1.0,0.8674,ok,,,,Migração (PET e PEP) n2 - RAW,PEP + NEB 1uM,
A4 24h 2_png.rf.DwIiawL7voUvJVSqtTOP.png,a4 24h 2,A4 24h 2.tiff,HUVEC/24h,HUVEC,A4,24,0.9662,0.9249,ok,,,,Controle,,
A4 24H 2_png.rf.6b9w5pz0deHWDEkWlDtt.png,a4 24h 2,A4 24H 2 (2).tiff,HUVEC/24h,HUVEC,A4,24,1.0,0.9474,ok,,,,LUIS RAW,PEP+MCC,
B8 24h 2_png.rf.sUtMqQeZCI3m3wJKsgaH.png,b8 24h 2,B8 24h 2.tiff,HUVEC/24h,HUVEC,B8,24,0.9588,1.611,ok,,,,Pré-Eclâmpsia,,
B8 24H 2_png.rf.gu9aYftIV22WAXso95Mk.png,b8 24h 2,B8 24H 2 (2).tiff,HUVEC/24h,HUVEC,B8,24,1.0,1.6305,ok,,,,LUIS RAW,PEP+MCC,
B7 24hr _png.rf.wGcmDPhq7jcRwYk9p9Cf.png,b7 24hr,B7 24hr .tiff,HUVEC/24h,HUVEC,B7,24,0.6388,0.5546,ambiguo,,,,Saudável,,
B7 24HR _png.rf.rxcJQmf6CqfJwy73jb0T.png,b7 24hr,B7 24HR  (2).tiff,HUVEC/24h,HUVEC,B7,24,1.0,1.0212,ok,,,,Originais (1),,
A2 24h 1_png.rf.S59irGLLQgWFqJLa5bki.png,a2 24h 1,A2 24h 1.tiff,HUVEC/24h,HUVEC,A2,24,0.9021,0.2758,ok,,,,Controle,,
A2 24H 1_png.rf.f0Gpa2ejRKiGBpMkFNBA.png,a2 24h 1,A2 24H 1 (4).tiff,HUVEC/24h,HUVEC,A2,24,1.0,0.1064,ok,,,,Migração (PET e PEP) n3 - RAW,,
A2 24H 1_png.rf.EFavmtKTLhhnJThESvF0.png,a2 24h 1,A2 24H 1 (3).tiff,HUVEC/24h,HUVEC,A2,24,1.0,0.1758,ok,,,,Migração (PET e PEP) n2 - RAW,PEP,
A2 24H 1_png.rf.0khSfDP2dVePLbJBhUvS.png,a2 24h 1,A2 24H 1 (2).tiff,HUVEC/24h,HUVEC,A2,24,1.0,0.1064,ok,,,,LUIS RAW,PEP+MET3,
75geo1_3_png.rf.3ssQ4kMF9TGfwhFa0NBy.png,75geo1 3,75geo1_3.tiff,SKOV/0h,SKOV,75geo1_3,0,0.9997,,ok,P1,GEO,,,,
75geo3_2_png.rf.74WCC6Yog9fXc1mKJxkf.png,75geo3 2,75geo3_2.tiff,SKOV/0h,SKOV,75geo3_2,0,0.9997,,ok,P1,GEO,,,,
75ug+ptx3_5_png.rf.8zKge5Sez8aWKKyW2i6z.png,75ug+ptx3 5,75ug+ptx3_5.tiff,SKOV/0h,SKOV,75ug+ptx3_5,0,0.9996,,ok,P1,GEO+PTX,,,,
Snap-16_103_png.rf.xOCVzm7U41jEUSGkNIbA.png,snap-16,Snap-16.tiff,SKOV/24h,SKOV,snap-16,24,0.9996,0.1994,ok,P2,CARBO,,,,
Snap-16_253_png.rf.tk6oVd2Y7bRBeFcFLmiY.png,snap-16,Snap-16.tiff,SKOV/72h,SKOV,snap-16,72,0.9995,0.1905,ok,P1,PTX,,,,
D7 8HR 2_png.rf.a4Rq2C5edIO0EU87k5E6.png,d7 8hr 2,D7 8HR 2.tiff,HUVEC/8h,HUVEC,D7,8,1.0,,ok,,,,originais,,
B6 24HR 1_png.rf.RnlHPNjVrMgPZkF7L64E.png,b6 24hr 1,B6 24HR 1.tiff,HUVEC/24h,HUVEC,B6,24,1.0,,ok,,,,originais,,
Snap-23_png.rf.28O298H93RbxNCkERjpH.png,snap-23,Snap-23.tiff,SKOV/0h,SKOV,snap-23,0,0.9998,0.1084,ok,P2,CARBO,,,,
Snap-23_272_png.rf.3S7I4N2iyDHQ2WCQnx2e.png,snap-23,Snap-23.tiff,SKOV/72h,SKOV,snap-23,72,0.9995,0.1064,ok,P1,GEO,,,,
Snap-23_120_png.rf.RTu1fn8eOhvIxcBB0XgF.png,snap-23,Snap-23 (2).tiff,SKOV/48h,SKOV,snap-23,48,0.9996,0.2822,ok,P1,PTX,,,,
Snap-23_46_png.rf.OLrkwsHRaOlVABql7EJC.png,snap-23,Snap-23.tiff,SKOV/48h,SKOV,snap-23,48,0.9991,0.2808,ok,P2,CARBO,,,,
Snap-23_180_png.rf.SxoeyqweD8MEywpcCrsl.png,snap-23,Snap-23 (2).tiff,SKOV/24h,SKOV,snap-23,24,0.9996,0.2192,ok,P1,PTX,,,,
Snap-23_91_png.rf.prr7kpB0aPBDSrY8NIW0.png,snap-23,Snap-23.tiff,SKOV/24h,SKOV,snap-23,24,0.9994,0.257,ok,P2,CARBO,,,,
D6 0HR 2_png.rf.poe4ZabzUgeIVciNuuZd.png,d6 0hr 2,D6 0HR 2.tiff,HUVEC/0h,HUVEC,D6,0,1.0,,ok,,,,originais,,
B8 24HR 1_png.rf.quDKVUdqcJJHaOE4wcfs.png,b8 24hr 1,B8 24HR 1.tiff,HUVEC/24h,HUVEC,B8,24,1.0,0.517,ok,,,,originais,,
B8 24HR 1_png.rf.RVgJPEc6dRHa3W4h9tQR.png,b8 24hr 1,B8 24HR 1 (2).tiff,HUVEC/24h,HUVEC,B8,24,1.0,0.5169,ok,,,,Originais (1),,
Snap-25_95_png.rf.4nMlAyh4jT2uWFXeHFEu.png,snap-25,Snap-25.tiff,SKOV/24h,SKOV,snap-25,24,0.9994,0.2696,ok,P2,CARBO,,,,
Snap-25_50_png.rf.CHeux2nrD5owQB0rBnrP.png,snap-25,Snap-25.tiff,SKOV/48h,SKOV,snap-25,48,0.9995,0.2611,ok,P2,CARBO,,,,
Snap-25_png.rf.NZSC2ldRJFXa4414jttF.png,snap-25,Snap-25.tiff,SKOV/0h,SKOV,snap-25,0,0.9998,0.2634,ok,P2,CARBO,,,,
Snap-25_184_png.rf.fnCmHOHxb5uRZMEeY7RB.png,snap-25,Snap-25 (2).tiff,SKOV/24h,SKOV,snap-25,24,0.9995,0.2887,ok,P1,PTX,,,,
Snap-25_124_png.rf.qhyZRieBWx1vF8Vfj4ck.png,snap-25,Snap-25 (2).tiff,SKOV/48h,SKOV,snap-25,48,0.9994,0.2921,ok,P1,PTX,,,,
B5 12H 1_png.rf.JBkKkt45PibbMNJxopzH.png,b5 12h 1,B5 12H 1.tiff,HUVEC/12h,HUVEC,B5,12,1.0,0.178,ok,,,,LUIS RAW,PEP,
B5 12H 1_png.rf.2fxitd0BjLxjPsCVaEPq.png,b5 12h 1,B5 12H 1 (2).tiff,HUVEC/12h,HUVEC,B5,12,1.0,0.178,ok,,,,Migração (PET e PEP) n1 - RAW,PEP,
E6 0H 2_png.rf.u4YJXBgFUrlOfZi4Xdbk.png,e6 0h 2,E6 0H 2 (2).tiff,HUVEC/0h,HUVEC,E6,0,1.0,0.5367,ok,,,,Migração (PET e PEP) n1 - RAW,PET + NEB 5uM,
E6 0H 2_png.rf.qIyWYgA9w4tryEhjNmUS.png,e6 0h 2,E6 0H 2.tiff,HUVEC/0h,HUVEC,E6,0,1.0,0.5367,ok,,,,LUIS RAW,PEP+GB,
75geo2_5_png.rf.BzRF0Z5bvFroC3TaIbat.png,75geo2 5,75geo2_5.tiff,SKOV/0h,SKOV,75geo2_5,0,0.9996,,ok,P1,GEO,,,,
Snap-42_165_png.rf.3eAR7nfV8aWUfPbBc82Q.png,snap-42,Snap-42 (2).tiff,SKOV/48h,SKOV,snap-42,48,0.9993,0.2059,ok,P1,GEO,,,,
Snap-42_76_png.rf.erwRb4d1blf6lhZ6UFWy.png,snap-42,Snap-42.tiff,SKOV/24h,SKOV,snap-42,24,0.9993,0.2214,ok,P2,GEO,,,,
Snap-42_31_png.rf.J9V2UJndHRoslGdxrcqU.png,snap-42,Snap-42.tiff,SKOV/48h,SKOV,snap-42,48,0.9994,0.2319,ok,P2,GEO,,,,
Snap-42_258_png.rf.hETwVZpuNUgJrChjohxD.png,snap-42,Snap-42.tiff,SKOV/72h,SKOV,snap-42,72,0.9995,0.2395,ok,P1,GEO+PTX,,,,
Snap-42_225_png.rf.mQxoBxfdEUUtVkhWybfs.png,snap-42,Snap-42 (2).tiff,SKOV/24h,SKOV,snap-42,24,0.9996,0.2119,ok,P1,GEO,,,,
Snap-42_png.rf.vXnbjKiFLjrY6iWZoR1j.png,snap-42,Snap-42.tiff,SKOV/0h,SKOV,snap-42,0,0.9997,0.2065,ok,P2,GEO,,,,
D1 24H 2_png.rf.JPXsJfPNRWwnAkf2OC68.png,d1 24h 2,D1 24H 2 (3).tiff,HUVEC/24h,HUVEC,D1,24,1.0,0.1183,ok,,,,Migração (PET e PEP) n3 - RAW,,
D1 24H 2_png.rf.MYNSbfcrSOJQNTgrFTJq.png,d1 24h 2,D1 24H 2 (2).tiff,HUVEC/24h,HUVEC,D1,24,1.0,0.1183,ok,,,,Migração (PET e PEP) n2 - RAW,PET + NEB 1uM,
D1 24H 2_png.rf.Lvfay3pzrKUgPOiBsEUA.png,d1 24h 2,D1 24H 2.tiff,HUVEC/24h,HUVEC,D1,24,1.0,0.5855,ok,,,,LUIS RAW,PET,
C2 24H 1_png.rf.OdgDvLYa6oJIDJUccXc4.png,c2 24h 1,C2 24H 1 (2).tiff,HUVEC/24h,HUVEC,C2,24,1.0,0.1563,ok,,,,Migração (PET e PEP) n3 - RAW,,
C2 24H 1_png.rf.HSmhO8ggpsXiYVCigAYN.png,c2 24h 1,C2 24H 1.tiff,HUVEC/24h,HUVEC,C2,24,1.0,0.1563,ok,,,,Migração (PET e PEP) n2 - RAW,PET,
D8 12HR 1_png.rf.JKs3STlcbpg5fEO1WWeO.png,d8 12hr 1,D8 12HR 1.tiff,HUVEC/12h,HUVEC,D8,12,1.0,,ok,,,,originais,,
Snap-41_270_png.rf.46zb8PtP1Yuu9Wit1FpP.png,snap-41,Snap-41.tiff,SKOV/72h,SKOV,snap-41,72,0.9995,0.2485,ok,P1,GEO+PTX,,,,
Snap-41_177_png.rf.J9Vigcki7oDbHiMC0150.png,snap-41,Snap-41 (2).tiff,SKOV/48h,SKOV,snap-41,48,0.9993,0.197,ok,P1,GEO,,,,
ptx1_5_png.rf.5e7WIfGslbrzFPCuSHDZ.png,ptx1 5,ptx1_5.tiff,SKOV/0h,SKOV,ptx1_5,0,0.9996,,ok,P1,PTX,,,,
D4 24H 1_png.rf.l74W6BtAd1h2vbDdLYa7.png,d4 24h 1,D4 24H 1 (3).tiff,HUVEC/24h,HUVEC,D4,24,1.0,0.0442,ambiguo,,,,Migração (PET e PEP) n3 - RAW,,
D4 24H 1_png.rf.4NmTRoRHXyugKUw10i8s.png,d4 24h 1,D4 24H 1.tiff,HUVEC/24h,HUVEC,D4,24,1.0,0.8936,ok,,,,Migração (PET e PEP) n1 - RAW,PEP + NEB 5uM,
D4 24H 1_png.rf.LYHwLpivhcwZEPvlr0jZ.png,d4 24h 1,D4 24H 1 (2).tiff,HUVEC/24h,HUVEC,D4,24,1.0,0.0442,ambiguo,,,,Migração (PET e PEP) n2 - RAW,PET + NEB 5uM,
D3 0H 1_png.rf.yjPUyWDnVzgaKohQ1S6l.png,d3 0h 1,D3 0H 1 (3).tiff,HUVEC/0h,HUVEC,D3,0,1.0,0.2119,ok,,,,Migração (PET e PEP) n3 - RAW,,
D3 0H 1_png.rf.jWsUip53LaCF4OaEEFcb.png,d3 0h 1,D3 0H 1 (2).tiff,HUVEC/0h,HUVEC,D3,0,1.0,0.2119,ok,,,,Migração (PET e PEP) n2 - RAW,PET + NEB 5uM,
D3 0H 1_png.rf.b1sSavdi7Hd62AjZzMXH.png,d3 0h 1,D3 0H 1.tiff,HUVEC/0h,HUVEC,D3,0,1.0,1.4315,ok,,,,Migração (PET e PEP) n1 - RAW,PEP + NEB 5uM,
75ug+ptx1_3_png.rf.IcEKL4ZipsbcvBf9x2iH.png,75ug+ptx1 3,75ug+ptx1_3.tiff,SKOV/0h,SKOV,75ug+ptx1_3,0,0.9996,,ok,P1,GEO+PTX,,,,
75ug+ptx2_4_png.rf.N3lZqZpjOb6amiXbUGPo.png,75ug+ptx2 4,75ug+ptx2_4.tiff,SKOV/0h,SKOV,75ug+ptx2_4,0,0.9997,,ok,P1,GEO+PTX,,,,
75ug+ptx2_5_png.rf.SKN9uE4jbXSPHttCL7Fn.png,75ug+ptx2 5,75ug+ptx2_5.tiff,SKOV/0h,SKOV,75ug+ptx2_5,0,0.9996,,ok,P1,GEO+PTX,,,,
75ug+ptx3_4_png.rf.IcAvoXcG34V8LoEG7Sik.png,75ug+ptx3 4,75ug+ptx3_4.tiff,SKOV/0h,SKOV,75ug+ptx3_4,0,0.9997,,ok,P1,GEO+PTX,,,,
75ug+ptx2_2_png.rf.GCxTvubAoWABRjXmjDjX.png,75ug+ptx2 2,75ug+ptx2_2.tiff,SKOV/0h,SKOV,75ug+ptx2_2,0,0.9997,,ok,P1,GEO+PTX,,,,
75geo3_5_png.rf.RzruoobW8Ib712laqLeg.png,75geo3 5,75geo3_5.tiff,SKOV/0h,SKOV,75geo3_5,0,0.9996,,ok,P1,GEO,,,,
B2 0H 1_png.rf.QVDYxCAVBSgrpofFVEjh.png,b2 0h 1,B2 0H 1 (3).tiff,HUVEC/0h,HUVEC,B2,0,1.0,0.3281,ok,,,,Migração (PET e PEP) n3 - RAW,,
B2 0H 1_png.rf.YrE4a3IJb8tbUo1hxHOL.png,b2 0h 1,B2 0H 1 (2).tiff,HUVEC/0h,HUVEC,B2,0,1.0,0.3281,ok,,,,Migração (PET e PEP) n2 - RAW,PEP + NEB 1uM,
B3 0H 2_png.rf.QrVPpwk8bLI8oOafOqxw.png,b3 0h 2,B3 0H 2 (4).tiff,HUVEC/0h,HUVEC,B3,0,1.0,0.3132,ok,,,,Migração (PET e PEP) n3 - RAW,,
B3 0H 2_png.rf.f395RxYLVfCR25kIWk9V.png,b3 0h 2,B3 0H 2 (2).tiff,HUVEC/0h,HUVEC,B3,0,1.0,0.3561,ok,,,,Migração (PET e PEP) n1 - RAW,PEP,
B3 0H 2_png.rf.qkQ8oAXFHv0sxBmtvOUJ.png,b3 0h 2,B3 0H 2 (3).tiff,HUVEC/0h,HUVEC,B3,0,1.0,0.1219,ok,,,,Migração (PET e PEP) n2 - RAW,PEP + NEB 5uM,
B3 0H 2_png.rf.I7y6fugB4J3nkiJ2BnxH.png,b3 0h 2,B3 0H 2.tiff,HUVEC/0h,HUVEC,B3,0,1.0,0.1219,ok,,,,LUIS RAW,PEP+GB,
C1 0H 1_png.rf.RI1ESfJsvQUUFGL0s8eu.png,c1 0h 1,C1 0H 1 (3).tiff,HUVEC/0h,HUVEC,C1,0,1.0,0.0869,ok,,,,Migração (PET e PEP) n3 - RAW,,
C1 0H 1_png.rf.g4HgRdp03wzPfFdqyUh3.png,c1 0h 1,C1 0H 1 (2).tiff,HUVEC/0h,HUVEC,C1,0,1.0,0.0869,ok,,,,Migração (PET e PEP) n2 - RAW,PET,
C1 0H 1_png.rf.40FBeyD3EEz7TwI3PZJk.png,c1 0h 1,C1 0H 1.tiff,HUVEC/0h,HUVEC,C1,0,1.0,1.3882,ok,,,,LUIS RAW,PET,
C2 0H 2_png.rf.UwqdmZv3ntAvzn8IikTc.png,c2 0h 2,C2 0H 2 (2).tiff,HUVEC/0h,HUVEC,C2,0,1.0,1.5876,ok,,,,Migração (PET e PEP) n3 - RAW,,
C2 0H 2_png.rf.Y2RsiA1AXARyJEXkVIUC.png,c2 0h 2,C2 0H 2.tiff,HUVEC/0h,HUVEC,C2,0,1.0,1.5876,ok,,,,Migração (PET e PEP) n2 - RAW,PET,
B5 12H 2_png.rf.nn4g84NcZPLWXbKG2VPU.png,b5 12h 2,B5 12H 2.tiff,HUVEC/12h,HUVEC,B5,12,1.0,0.2148,ok,,,,LUIS RAW,PEP,
B5 12H 2_png.rf.nYYzQ0IVdWzjIE93TQVB.png,b5 12h 2,B5 12H 2 (2).tiff,HUVEC/12h,HUVEC,B5,12,1.0,0.2148,ok,,,,Migração (PET e PEP) n1 - RAW,PEP,
Snap-22_92_png.rf.F9B8iIX7XdfGxT454Uyl.png,snap-22,Snap-22.tiff,SKOV/24h,SKOV,snap-22,24,0.9996,0.2543,ok,P2,CARBO,,,,
Snap-22_121_png.rf.4Zd3SMsh9JTMlsxulPWv.png,snap-22,Snap-22 (2).tiff,SKOV/48h,SKOV,snap-22,48,0.9996,0.2849,ok,P1,PTX,,,,
Snap-22_47_png.rf.goBhEPZmqBfPgEE2CLWx.png,snap-22,Snap-22.tiff,SKOV/48h,SKOV,snap-22,48,0.9995,0.1884,ok,P2,CARBO,,,,
Snap-22_274_png.rf.xQYr65FKGdk7yTT9LTTR.png,snap-22,Snap-22.tiff,SKOV/72h,SKOV,snap-22,72,0.9995,0.1527,ok,P1,GEO,,,,
Snap-22_png.rf.zjKkhyXwllP02ve3rmYE.png,snap-22,Snap-22.tiff,SKOV/0h,SKOV,snap-22,0,0.999,0.15,ok,P2,CARBO,,,,
Snap-22_181_png.rf.zpr2WVVOlPR2Tqafq1RE.png,snap-22,Snap-22 (2).tiff,SKOV/24h,SKOV,snap-22,24,0.9996,0.2186,ok,P1,PTX,,,,
Snap-24_125_png.rf.8bLo1h7ToplIJ7tet6Th.png,snap-24,Snap-24 (2).tiff,SKOV/48h,SKOV,snap-24,48,0.9996,0.207,ok,P1,PTX,,,,
Snap-24_png.rf.hueodPGU9icd7QmEArCe.png,snap-24,Snap-24.tiff,SKOV/0h,SKOV,snap-24,0,0.9998,0.1624,ok,P2,CARBO,,,,
Snap-24_51_png.rf.Wgg78LykMI1DoKAeqOy4.png,snap-24,Snap-24.tiff,SKOV/48h,SKOV,snap-24,48,0.9993,0.201,ok,P2,CARBO,,,,
Snap-24_96_png.rf.s6DeTIAvmh6iZiaYgj4W.png,snap-24,Snap-24.tiff,SKOV/24h,SKOV,snap-24,24,0.9997,0.1606,ok,P2,CARBO,,,,
Snap-24_279_png.rf.zdt5pR8v2pQwJ2i4ix6P.png,snap-24,Snap-24.tiff,SKOV/72h,SKOV,snap-24,72,0.9993,0.1846,ok,P1,GEO,,,,
Snap-24_185_png.rf.id0eOvbOlN7Sgpvw3g9K.png,snap-24,Snap-24 (2).tiff,SKOV/24h,SKOV,snap-24,24,0.9996,0.1762,ok,P1,PTX,,,,
B4 0H 2_png.rf.fifsiXXgXeSxEnoNdxAa.png,b4 0h 2,B4 0H 2 (2).tiff,HUVEC/0h,HUVEC,B4,0,1.0,0.421,ok,,,,Migração (PET e PEP) n1 - RAW,PEP,
B4 0H 2_png.rf.Obm6iHfD9YqIMfaIi7jC.png,b4 0h 2,B4 0H 2 (4).tiff,HUVEC/0h,HUVEC,B4,0,1.0,0.421,ok,,,,Migração (PET e PEP) n3 - RAW,,
B4 0H 2_png.rf.f3SBJYc893OVfpUHLeb7.png,b4 0h 2,B4 0H 2 (3).tiff,HUVEC/0h,HUVEC,B4,0,1.0,0.2112,ok,,,,Migração (PET e PEP) n2 - RAW,PEP + NEB 5uM,
B4 0H 2_png.rf.rXION3PvUG9p2y5KH5ZG.png,b4 0h 2,B4 0H 2.tiff,HUVEC/0h,HUVEC,B4,0,1.0,0.2112,ok,,,,LUIS RAW,PEP+MCC,
D1 0H 2_png.rf.jUT312N8lU7n2aO1Z7bp.png,d1 0h 2,D1 0H 2.tiff,HUVEC/0h,HUVEC,D1,0,1.0,0.3193,ok,,,,LUIS RAW,PET,
D1 0H 2_png.rf.In3g26PLvIPVilZ9guvK.png,d1 0h 2,D1 0H 2 (3).tiff,HUVEC/0h,HUVEC,D1,0,1.0,0.7528,ok,,,,Migração (PET e PEP) n3 - RAW,,
D1 0H 2_png.rf.vQjYicMYCPjmiZ6t9wzR.png,d1 0h 2,D1 0H 2 (2).tiff,HUVEC/0h,HUVEC,D1,0,1.0,0.3193,ok,,,,Migração (PET e PEP) n2 - RAW,PET + NEB 1uM,
A8 12H 2_png.rf.iwAAm3aDnFW8KsAeSu6J.png,a8 12h 2,A8 12H 2.tiff,HUVEC/12h,HUVEC,A8,12,1.0,,ok,,,,LUIS RAW,PEP+MCC,
D3 24H 1_png.rf.OIhLrRxOSOtuNUqMevUJ.png,d3 24h 1,D3 24H 1.tiff,HUVEC/24h,HUVEC,D3,24,1.0,0.2347,ok,,,,Migração (PET e PEP) n1 - RAW,PEP + NEB 5uM,
D3 24H 1_png.rf.eCkpgZ7lBRFTxvkfGeDK.png,d3 24h 1,D3 24H 1 (3).tiff,HUVEC/24h,HUVEC,D3,24,1.0,0.8578,ok,,,,Migração (PET e PEP) n3 - RAW,,
D3 24H 1_png.rf.lgES3xZvT7KoszPGhV44.png,d3 24h 1,D3 24H 1 (2).tiff,HUVEC/24h,HUVEC,D3,24,1.0,0.2347,ok,,,,Migração (PET e PEP) n2 - RAW,PET + NEB 5uM,
D4 24H 2_png.rf.RklTkqfkG2jxmrJIVlDw.png,d4 24h 2,D4 24H 2.tiff,HUVEC/24h,HUVEC,D4,24,1.0,1.3342,ok,,,,Migração (PET e PEP) n1 - RAW,PEP + NEB 5uM,
D4 24H 2_png.rf.bXNtPd8AhEwgaAh3hG1b.png,d4 24h 2,D4 24H 2 (2).tiff,HUVEC/24h,HUVEC,D4,24,1.0,0.1368,ok,,,,Migração (PET e PEP) n2 - RAW,PET + NEB 5uM,
Snap-47_267_png.rf.97cMYlFczNhQv3UX19fR.png,snap-47,Snap-47.tiff,SKOV/72h,SKOV,snap-47,72,0.9987,0.2019,ok,P1,GEO+PTX,,,,
Snap-47_219_png.rf.tXiQQL4hg3VyVt8yhPHg.png,snap-47,Snap-47 (2).tiff,SKOV/24h,SKOV,snap-47,24,0.9996,0.1703,ok,P1,GEO+PTX,,,,
Snap-47_png.rf.4IcA4CJVTVvxJv2QbhQ9.png,snap-47,Snap-47.tiff,SKOV/0h,SKOV,snap-47,0,0.9998,0.1716,ok,P2,CARBO+GEO,,,,
Snap-47_10_png.rf.82JBOB2C6eUM9hqcxY2g.png,snap-47,Snap-47.tiff,SKOV/48h,SKOV,snap-47,48,0.9992,0.2004,ok,P2,CARBO+GEO,,,,
Snap-47_115_png.rf.AwDB0H3rugMK2ImzBgZw.png,snap-47,Snap-47.tiff,SKOV/24h,SKOV,snap-47,24,0.9985,0.1766,ok,P2,CARBO+GEO,,,,
Snap-47_159_png.rf.iWHwHxKcpvJIH7RHtxRu.png,snap-47,Snap-47 (2).tiff,SKOV/48h,SKOV,snap-47,48,0.9995,0.2591,ok,P1,GEO+PTX,,,,
75ug+ptx1_2_png.rf.miBH5V5VEGJZEqXxEWPw.png,75ug+ptx1 2,75ug+ptx1_2.tiff,SKOV/0h,SKOV,75ug+ptx1_2,0,0.9996,,ok,P1,GEO+PTX,,,,
D7 0HR 1_png.rf.VyOkBvuzY65cf9MJnXZB.png,d7 0hr 1,D7 0HR 1.tiff,HUVEC/0h,HUVEC,D7,0,1.0,,ok,,,,originais,,
Snap-26_283_png.rf.YFDkIZNg1W2rRyv6xoZQ.png,snap-26,Snap-26.tiff,SKOV/72h,SKOV,snap-26,72,0.9987,0.2416,ok,P1,GEO,,,,
D4 12HR 1_png.rf.coQP5Rm68FoQiPA5lE4l.png,d4 12hr 1,D4 12HR 1.tiff,HUVEC/12h,HUVEC,D4,12,1.0,,ok,,,,originais,,
A1 0HR 1_png.rf.bBmfdS8DK3Ixtw1fZ9P3.png,a1 0hr 1,A1 0HR 1.tiff,HUVEC/0h,HUVEC,A1,0,1.0,0.1522,ok,,,,originais,,
A1 0HR 1_png.rf.F8WfJZAyU8hXcsKytbcA.png,a1 0hr 1,A1 0HR 1 (2).tiff,HUVEC/0h,HUVEC,A1,0,1.0,0.1522,ok,,,,Originais (1),,
Snap-49_111_png.rf.2YBYBWf0TlnhbYXiIarp.png,snap-49,Snap-49.tiff,SKOV/24h,SKOV,snap-49,24,0.9996,0.146,ok,P2,CARBO+GEO,,,,
Snap-49_png.rf.jaxP6t3jEXJwvcs3TeXW.png,snap-49,Snap-49.tiff,SKOV/0h,SKOV,snap-49,0,0.9995,0.1465,ok,P2,CARBO+GEO,,,,
Snap-49_6_png.rf.vxdpb188ymQ8bK2rzafD.png,snap-49,Snap-49.tiff,SKOV/48h,SKOV,snap-49,48,0.9996,0.1552,ok,P2,CARBO+GEO,,,,
Snap-49_264_png.rf.Ig21lSZL1n8lAFqwIinJ.png,snap-49,Snap-49.tiff,SKOV/72h,SKOV,snap-49,72,0.9986,0.1441,ok,P1,GEO+PTX,,,,
Snap-49_155_png.rf.9Txc7Y2olfQH0Fk9KsNp.png,snap-49,Snap-49 (2).tiff,SKOV/48h,SKOV,snap-49,48,0.9996,0.2005,ok,P1,GEO+PTX,,,,
Snap-49_215_png.rf.TiULqayQwDfte2RpYtpc.png,snap-49,Snap-49 (2).tiff,SKOV/24h,SKOV,snap-49,24,0.9997,0.153,ok,P1,GEO+PTX,,,,
75ug+ptx2_3_png.rf.mqrdw4y9iJq7wHo3ocCR.png,75ug+ptx2 3,75ug+ptx2_3.tiff,SKOV/0h,SKOV,75ug+ptx2_3,0,0.9997,,ok,P1,GEO+PTX,,,,
75geo2_3_png.rf.uagsLlU5nL9O3bnb8OYp.png,75geo2 3,75geo2_3.tiff,SKOV/0h,SKOV,75geo2_3,0,0.9997,,ok,P1,GEO,,,,
75geo3_3_png.rf.zMTyj0cFNm8nT2bevevK.png,75geo3 3,75geo3_3.tiff,SKOV/0h,SKOV,75geo3_3,0,0.9997,,ok,P1,GEO,,,,
75geo1_5_png.rf.XBplXOgSlZGL9MkIqKUx.png,75geo1 5,75geo1_5.tiff,SKOV/0h,SKOV,75geo1_5,0,0.9996,,ok,P1,GEO,,,,
75geo2_2_png.rf.BRU7Qn76FC0ISEwjiWgR.png,75geo2 2,75geo2_2.tiff,SKOV/0h,SKOV,75geo2_2,0,0.9996,,ok,P1,GEO,,,,
75geo3_4_png.rf.W62VVb5aq2155gYgVdJ3.png,75geo3 4,75geo3_4.tiff,SKOV/0h,SKOV,75geo3_4,0,0.9997,,ok,P1,GEO,,,,
75ug+ptx1_5_png.rf.Y9WFvFN9xkZyL6E0mD9N.png,75ug+ptx1 5,75ug+ptx1_5.tiff,SKOV/0h,SKOV,75ug+ptx1_5,0,0.9997,,ok,P1,GEO+PTX,,,,
75ug+ptx3_3_png.rf.c4WVnjFscy6T0HItfkyn.png,75ug+ptx3 3,75ug+ptx3_3.tiff,SKOV/0h,SKOV,75ug+ptx3_3,0,0.9997,,ok,P1,GEO+PTX,,,,
75geo1_2_png.rf.ikJJwdU2sRMteDT7nrjh.png,75geo1 2,75geo1_2.tiff,SKOV/0h,SKOV,75geo1_2,0,0.9996,,ok,P1,GEO,,,,
75geo2_4_png.rf.GSy2oJWtOBsFeAkolPsJ.png,75geo2 4,75geo2_4.tiff,SKOV/0h,SKOV,75geo2_4,0,0.9997,,ok,P1,GEO,,,,
B1 12H 2_png.rf.XB9579ManLTdbXacXqbn.png,b1 12h 2,B1 12H 2 (3).tiff,HUVEC/12h,HUVEC,B1,12,1.0,0.1456,ok,,,,Migração (PET e PEP) n3 - RAW,,
B1 12H 2_png.rf.cFU7xmBfmqqkIIa5q7nh.png,b1 12h 2,B1 12H 2 (2).tiff,HUVEC/12h,HUVEC,B1,12,1.0,0.1455,ok,,,,Migração (PET e PEP) n2 - RAW,PEP + NEB 1uM,
B1 12H 2_png.rf.80CRi2GWTeZLSA1jOyls.png,b1 12h 2,B1 12H 2.tiff,HUVEC/12h,HUVEC,B1,12,1.0,1.1395,ok,,,,LUIS RAW,PEP,
C1 24H 2_png.rf.YUbYquBirGpSwyBLMJ4b.png,c1 24h 2,C1 24H 2 (3).tiff,HUVEC/24h,HUVEC,C1,24,1.0,1.1438,ok,,,,Migração (PET e PEP) n3 - RAW,,
C1 24H 2_png.rf.Pgfpm7Y6eqWlKW6dKTAy.png,c1 24h 2,C1 24H 2 (2).tiff,HUVEC/24h,HUVEC,C1,24,1.0,0.1218,ok,,,,Migração (PET e PEP) n2 - RAW,PET,
A3 0H 2_png.rf.KcxWyQCly3s3MLGJoF7y.png,a3 0h 2,A3 0H 2 (3).tiff,HUVEC/0h,HUVEC,A3,0,1.0,1.2767,ok,,,,Migração (PET e PEP) n3 - RAW,,
A3 0H 2_png.rf.QDCtQGDH1pznmeHT0BNJ.png,a3 0h 2,A3 0H 2.tiff,HUVEC/0h,HUVEC,A3,0,1.0,1.1918,ok,,,,LUIS RAW,PEP+GB,
A3 0H 2_png.rf.wlBFyFj8l9rKyrbSV1n0.png,a3 0h 2,A3 0H 2 (2).tiff,HUVEC/0h,HUVEC,A3,0,1.0,1.1918,ok,,,,Migração (PET e PEP) n2 - RAW,PEP,
C1 24H 1_png.rf.OksDet59fvNqLNsi18rq.png,c1 24h 1,C1 24H 1 (3).tiff,HUVEC/24h,HUVEC,C1,24,1.0,0.1002,ok,,,,Migração (PET e PEP) n3 - RAW,,
C1 24H 1_png.rf.qNFK4kiEtQd3x6PhBznR.png,c1 24h 1,C1 24H 1 (2).tiff,HUVEC/24h,HUVEC,C1,24,1.0,0.1191,ok,,,,Migração (PET e PEP) n2 - RAW,PET,
C1 24H 1_png.rf.MmBCxnmelweNZCs07Wjh.png,c1 24h 1,C1 24H 1.tiff,HUVEC/24h,HUVEC,C1,24,1.0,0.1002,ok,,,,LUIS RAW,PET,
A2 0H 1_png.rf.a5VwxH3XSG8ycPWjgw1m.png,a2 0h 1,A2 0H 1 (3).tiff,HUVEC/0h,HUVEC,A2,0,1.0,0.3758,ok,,,,Migração (PET e PEP) n3 - RAW,,
A2 0H 1_png.rf.2hwnOfsNvVtFFjEPfzyP.png,a2 0h 1,A2 0H 1.tiff,HUVEC/0h,HUVEC,A2,0,1.0,1.6966,ok,,,,LUIS RAW,PEP+MET3,
A2 0H 2_png.rf.bZxKlJP6svuZ8bqXNeIV.png,a2 0h 2,A2 0H 2 (3).tiff,HUVEC/0h,HUVEC,A2,0,1.0,0.4806,ok,,,,Migração (PET e PEP) n3 - RAW,,
A2 0H 2_png.rf.wLkBHcGvevKm0A73Vxcz.png,a2 0h 2,A2 0H 2 (2).tiff,HUVEC/0h,HUVEC,A2,0,1.0,0.4975,ok,,,,Migração (PET e PEP) n2 - RAW,PEP,
A2 0H 2_png.rf.FS0GVTfItDwHaET3Kb6j.png,a2 0h 2,A2 0H 2.tiff,HUVEC/0h,HUVEC,A2,0,1.0,0.4806,ok,,,,LUIS RAW,PEP+MET3,
Snap-21_285_png.rf.Rj9uYJWuHCUuf7mNZJ2N.png,snap-21,Snap-21.tiff,SKOV/72h,SKOV,snap-21,72,0.9993,0.1664,ok,P1,GEO,,,,
Snap-21_56_png.rf.ycoY7vPUknblypXrORx3.png,snap-21,Snap-21.tiff,SKOV/48h,SKOV,snap-21,48,0.9992,0.256,ok,P2,CARBO,,,,
D1 0H 1_png.rf.pkAbrogIQaGpnfBfEZnF.png,d1 0h 1,D1 0H 1.tiff,HUVEC/0h,HUVEC,D1,0,1.0,0.6558,ok,,,,LUIS RAW,PET,
D1 0H 1_png.rf.lyGwKQ55XW9Rox9MUQ2W.png,d1 0h 1,D1 0H 1 (2).tiff,HUVEC/0h,HUVEC,D1,0,1.0,0.4711,ok,,,,Migração (PET e PEP) n2 - RAW,PET + NEB 1uM,
D1 0H 1_png.rf.fw3oXHFKRwGBIpMcBKY2.png,d1 0h 1,D1 0H 1 (3).tiff,HUVEC/0h,HUVEC,D1,0,1.0,0.4711,ok,,,,Migração (PET e PEP) n3 - RAW,,
E7 12H 2_png.rf.vUUdCbtuiKl5Ft31hpY1.png,e7 12h 2,E7 12H 2.tiff,HUVEC/12h,HUVEC,E7,12,1.0,,ok,,,,LUIS RAW,PEP+MCC,
A8 12H 1_png.rf.vsP0DPblvSgKVrucYaIO.png,a8 12h 1,A8 12H 1.tiff,HUVEC/12h,HUVEC,A8,12,1.0,,ok,,,,LUIS RAW,PEP+MCC,
D5 0H 2_png.rf.xGrdSoDTKtnwBuh4Cj2d.png,d5 0h 2,D5 0H 2.tiff,HUVEC/0h,HUVEC,D5,0,1.0,0.4411,ok,,,,LUIS RAW,PET,
D5 0H 2_png.rf.GG9kMtodPkWI48rREDiB.png,d5 0h 2,D5 0H 2 (2).tiff,HUVEC/0h,HUVEC,D5,0,1.0,0.4411,ok,,,,Migração (PET e PEP) n1 - RAW,PET + NEB 5uM,
C5 8H 1_png.rf.m0k3TjlxKvLXDFhuBq52.png,c5 8h 1,C5 8H 1.tiff,HUVEC/8h,HUVEC,C5,8,1.0,0.1214,ok,,,,LUIS RAW,PET,
C5 8H 1_png.rf.QRwHfTeZ3iXOWs30KZOS.png,c5 8h 1,C5 8H 1 (2).tiff,HUVEC/8h,HUVEC,C5,8,1.0,0.1214,ok,,,,Migração (PET e PEP) n1 - RAW,PET + NEB 1uM,
A6 24H 1_png.rf.nNdt9zlpThgANxpw0Afd.png,a6 24h 1,A6 24H 1.tiff,HUVEC/24h,HUVEC,A6,24,1.0,,ok,,,,LUIS RAW,PEP+MET3,
E3 12H 1_png.rf.ybUIm3WuR8reiKcz0SpQ.png,e3 12h 1,E3 12H 1 (2).tiff,HUVEC/12h,HUVEC,E3,12,1.0,0.3366,ok,,,,Migração (PET e PEP) n1 - RAW,PET,
E3 12H 1_png.rf.jJifoEwEiTeMrkQvogrH.png,e3 12h 1,E3 12H 1.tiff,HUVEC/12h,HUVEC,E3,12,1.0,0.3366,ok,,,,LUIS RAW,PEP+MET3,
C5 0H 1_png.rf.qfmzlYXXLFM1UbctuHo5.png,c5 0h 1,C5 0H 1 (2).tiff,HUVEC/0h,HUVEC,C5,0,1.0,0.4948,ok,,,,Migração (PET e PEP) n1 - RAW,PET + NEB 1uM,
C5 0H 1_png.rf.OdwF3vyzWYOgZ8CvxU5t.png,c5 0h 1,C5 0H 1.tiff,HUVEC/0h,HUVEC,C5,0,1.0,0.4948,ok,,,,LUIS RAW,PET,
C3 24H 1_png.rf.fTWEUHwuJj41k4YLPaQD.png,c3 24h 1,C3 24H 1.tiff,HUVEC/24h,HUVEC,C3,24,1.0,0.3695,ok,,,,Migração (PET e PEP) n1 - RAW,PEP + NEB 1uM,
C3 24H 1_png.rf.c7jfA1r2lo83FCC1x3TB.png,c3 24h 1,C3 24H 1 (3).tiff,HUVEC/24h,HUVEC,C3,24,1.0,0.1208,ok,,,,Migração (PET e PEP) n3 - RAW,,
C3 24H 1_png.rf.Ff5U0kH6IFpvS3alXpPn.png,c3 24h 1,C3 24H 1 (2).tiff,HUVEC/24h,HUVEC,C3,24,1.0,0.1208,ok,,,,Migração (PET e PEP) n2 - RAW,PET,
Snap-40_png.rf.9EwCDE1uNgyFYRkkBNbp.png,snap-40,Snap-40.tiff,SKOV/0h,SKOV,snap-40,0,0.9995,0.2078,ok,P2,GEO,,,,
Snap-40_42_png.rf.rY6NW4fe0CRTDdg8MHYz.png,snap-40,Snap-40.tiff,SKOV/48h,SKOV,snap-40,48,0.9995,0.2546,ok,P2,GEO,,,,
Snap-40_87_png.rf.OMb2zuYN14uYpuw2r6ha.png,snap-40,Snap-40.tiff,SKOV/24h,SKOV,snap-40,24,0.9996,0.1849,ok,P2,GEO,,,,
Snap-40_176_png.rf.bUgGtZALmBRNrpjdVId8.png,snap-40,Snap-40 (2).tiff,SKOV/48h,SKOV,snap-40,48,0.9994,0.1852,ok,P1,GEO,,,,
Snap-40_236_png.rf.yItOl1do8t3f0fCtVuP1.png,snap-40,Snap-40 (2).tiff,SKOV/24h,SKOV,snap-40,24,0.9994,0.2079,ok,P1,GEO,,,,
Snap-43_34_png.rf.GOHyfDBrhvieEKwOZ4eD.png,snap-43,Snap-43.tiff,SKOV/48h,SKOV,snap-43,48,0.9994,0.2517,ok,P2,GEO,,,,
Snap-43_168_png.rf.bvsTjSLpRnA4A5wLM0jg.png,snap-43,Snap-43 (2).tiff,SKOV/48h,SKOV,snap-43,48,0.9994,0.1978,ok,P1,GEO,,,,
Snap-43_79_png.rf.QHy7X5fw5paLTpJkeudB.png,snap-43,Snap-43.tiff,SKOV/24h,SKOV,snap-43,24,0.9993,0.2864,ok,P2,GEO,,,,
Snap-43_228_png.rf.RjMXXyaPc2A6ORQuUL1x.png,snap-43,Snap-43 (2).tiff,SKOV/24h,SKOV,snap-43,24,0.9995,0.1915,ok,P1,GEO,,,,
Snap-43_261_png.rf.ggKc9XCcU2o4oFi3pgsw.png,snap-43,Snap-43.tiff,SKOV/72h,SKOV,snap-43,72,0.9996,0.2007,ok,P1,GEO+PTX,,,,
Snap-43_png.rf.bYOjGbrbBkNUs0zIljYx.png,snap-43,Snap-43.tiff,SKOV/0h,SKOV,snap-43,0,0.9997,0.1915,ok,P2,GEO,,,,
75ug+ptx1_4_png.rf.SJoeBR5kFLTCJXsYTKnd.png,75ug+ptx1 4,75ug+ptx1_4.tiff,SKOV/0h,SKOV,75ug+ptx1_4,0,0.9997,,ok,P1,GEO+PTX,,,,
B6 24HR _png.rf.3MFWVuTR1gXhrTMlxCtK.png,b6 24hr,B6 24HR .tiff,HUVEC/24h,HUVEC,B6,24,1.0,,ok,,,,Originais (1),,
D3 24HR 2_png.rf.72HLl708G6tkMaH5GLZL.png,d3 24hr 2,D3 24HR 2 (2).tiff,HUVEC/24h,HUVEC,D3,24,1.0,0.5911,ok,,,,Originais (1),,
D3 24HR 2_png.rf.yFACQ0BfAkvnbEhAHECd.png,d3 24hr 2,D3 24HR 2.tiff,HUVEC/24h,HUVEC,D3,24,1.0,0.5911,ok,,,,originais,,
D3 24HR 1_png.rf.CIVDMQLez5VThDU7Rmkp.png,d3 24hr 1,D3 24HR 1 (2).tiff,HUVEC/24h,HUVEC,D3,24,1.0,0.9608,ok,,,,Originais (1),,
D3 24HR 1_png.rf.lybVWBdbvZ81Rnavz0xt.png,d3 24hr 1,D3 24HR 1.tiff,HUVEC/24h,HUVEC,D3,24,1.0,0.9608,ok,,,,originais,,
D1 24HR 1_png.rf.EHcrx6DNEOw8vqgtCyC2.png,d1 24hr 1,D1 24HR 1 (2).tiff,HUVEC/24h,HUVEC,D1,24,1.0,0.2718,ok,,,,Originais (1),,
D1 24HR 1_png.rf.D7yfyoxo08GRgfqWxkKs.png,d1 24hr 1,D1 24HR 1.tiff,HUVEC/24h,HUVEC,D1,24,1.0,0.2718,ok,,,,originais,,
B2 0H 2_png.rf.hSCWG8Fad2RCMrJcKW7X.png,b2 0h 2,B2 0H 2 (2).tiff,HUVEC/0h,HUVEC,B2,0,1.0,0.5329,ok,,,,Migração (PET e PEP) n3 - RAW,,
B2 0H 2_png.rf.C9LTtIpDLLKBGCfBNHkN.png,b2 0h 2,B2 0H 2.tiff,HUVEC/0h,HUVEC,B2,0,1.0,0.5329,ok,,,,Migração (PET e PEP) n2 - RAW,PEP + NEB 1uM,
A2 12H 2_png.rf.Zohd9tAlJmF6zir4Qa7l.png,a2 12h 2,A2 12H 2 (3).tiff,HUVEC/12h,HUVEC,A2,12,1.0,0.5169,ok,,,,Migração (PET e PEP) n3 - RAW,,
A2 12H 2_png.rf.N7tpAQyq0PEGrhaTGLJT.png,a2 12h 2,A2 12H 2 (2).tiff,HUVEC/12h,HUVEC,A2,12,1.0,0.5288,ok,,,,Migração (PET e PEP) n2 - RAW,PEP,
E7 24H 1_png.rf.zAvr03Xcu012AlIqOaJU.png,e7 24h 1,E7 24H 1.tiff,HUVEC/24h,HUVEC,E7,24,1.0,,ok,,,,LUIS RAW,PEP+MCC,
F2 0H 1_png.rf.zPl6vPkH5HpqtxJsWJxj.png,f2 0h 1,F2 0H 1.tiff,HUVEC/0h,HUVEC,F2,0,1.0,,ok,,,,LUIS RAW,PET,
E4 24H 2_png.rf.zRn2mkdbLkfop4s4V8xV.png,e4 24h 2,E4 24H 2.tiff,HUVEC/24h,HUVEC,E4,24,1.0,0.7068,ok,,,,LUIS RAW,PEP+MET3,
E4 24H 2_png.rf.m4dcOTmKcNBfb5aYg2ft.png,e4 24h 2,E4 24H 2 (2).tiff,HUVEC/24h,HUVEC,E4,24,1.0,0.7068,ok,,,,Migração (PET e PEP) n1 - RAW,PET,
ptx2_2_png.rf.ZcYuXZyYfPIfgOypnn5Z.png,ptx2 2,ptx2_2.tiff,SKOV/0h,SKOV,ptx2_2,0,0.9997,,ok,P1,PTX,,,,
75geo1_4_png.rf.gXnQOso0XaCNeb2iSQ5d.png,75geo1 4,75geo1_4.tiff,SKOV/0h,SKOV,75geo1_4,0,0.9997,,ok,P1,GEO,,,,
Snap-60_12_png.rf.AiY33Mo4Daj2M4cZgUnh.png,snap-60,Snap-60.tiff,SKOV/48h,SKOV,snap-60,48,0.9997,0.1247,ok,P2,CARBO+GEO,,,,
Snap-60_png.rf.RpcRTxyR97nXnbvR3urB.png,snap-60,Snap-60.tiff,SKOV/0h,SKOV,snap-60,0,0.9997,0.1708,ok,P2,CARBO+GEO,,,,
Snap-60_221_png.rf.3hBjZALI1RFDCXb1MMT9.png,snap-60,Snap-60.tiff,SKOV/24h,SKOV,snap-60,24,0.9997,0.1215,ok,P1,GEO+PTX,,,,
Snap-60_161_png.rf.bERIfIfLBiocZsdlYi1s.png,snap-60,Snap-60 (2).tiff,SKOV/48h,SKOV,snap-60,48,0.9997,0.1222,ok,P1,GEO+PTX,,,,
Snap-44_230_png.rf.DTYO8Kp6HurpQGqbOhho.png,snap-44,Snap-44 (2).tiff,SKOV/24h,SKOV,snap-44,24,0.9996,0.1436,ok,P1,GEO,,,,
Snap-44_81_png.rf.TGvVmP3lIRrM3iTJoyVs.png,snap-44,Snap-44.tiff,SKOV/24h,SKOV,snap-44,24,0.9993,0.2416,ok,P2,GEO,,,,
Snap-44_png.rf.Ys2ZD04BJk4p3T7zAkIt.png,snap-44,Snap-44.tiff,SKOV/0h,SKOV,snap-44,0,0.9998,0.1436,ok,P2,GEO,,,,
Snap-44_36_png.rf.TROYQwK4sRxpgSs22NpY.png,snap-44,Snap-44.tiff,SKOV/48h,SKOV,snap-44,48,0.9995,0.2034,ok,P2,GEO,,,,
Snap-44_170_png.rf.zUBxx8E0b0UKDnm5q1Jy.png,snap-44,Snap-44 (2).tiff,SKOV/48h,SKOV,snap-44,48,0.9995,0.1433,ok,P1,GEO,,,,
Snap-44_262_png.rf.lTvBtNUt4oywkU5QtcJ7.png,snap-44,Snap-44.tiff,SKOV/72h,SKOV,snap-44,72,0.9992,0.2151,ok,P1,GEO+PTX,,,,
Snap-54_1_png.rf.LYlBIIJ3KoqRfd7QemOX.png,snap-54,Snap-54.tiff,SKOV/48h,SKOV,snap-54,48,0.9996,0.1825,ok,P2,CARBO+GEO,,,,
Snap-54_106_png.rf.VOFbghvZhHsPNSqUFFkZ.png,snap-54,Snap-54.tiff,SKOV/24h,SKOV,snap-54,24,0.9994,0.221,ok,P2,CARBO+GEO,,,,
Snap-54_150_png.rf.BbXD2AQgA8naVrH0wTEE.png,snap-54,Snap-54 (2).tiff,SKOV/48h,SKOV,snap-54,48,0.9996,0.1769,ok,P1,GEO+PTX,,,,
Snap-54_png.rf.HGYLhnxL2tQsTiXRBg9n.png,snap-54,Snap-54.tiff,SKOV/0h,SKOV,snap-54,0,0.9997,0.164,ok,P2,CARBO+GEO,,,,
Snap-54_210_png.rf.BQ3GBpltnc6IdhOhKvJv.png,snap-54,Snap-54 (2).tiff,SKOV/24h,SKOV,snap-54,24,0.9996,0.1643,ok,P1,GEO+PTX,,,,
Snap-45_39_png.rf.PKurQMo8B3ygR4NZVCB3.png,snap-45,Snap-45.tiff,SKOV/48h,SKOV,snap-45,48,0.9996,0.1699,ok,P2,GEO,,,,
Snap-45_png.rf.8mEoXejuMEvhSOq5NbIp.png,snap-45,Snap-45.tiff,SKOV/0h,SKOV,snap-45,0,0.9996,0.2241,ok,P2,GEO,,,,
Snap-45_84_png.rf.PwtbQ0TcIu75QL9i4MKM.png,snap-45,Snap-45.tiff,SKOV/24h,SKOV,snap-45,24,0.9995,0.1691,ok,P2,GEO,,,,
Snap-45_233_png.rf.e0d4At5O0A55XswWkUGG.png,snap-45,Snap-45 (2).tiff,SKOV/24h,SKOV,snap-45,24,0.9994,0.2624,ok,P1,GEO,,,,
B2 24HR _png.rf.PIVpOfHUhZq8EVpEdJo0.png,b2 24hr,B2 24HR .tiff,HUVEC/24h,HUVEC,B2,24,1.0,,ok,,,,Originais (1),,
B1 24HR_png.rf.XaMxiAWNkoEWqiyieIvY.png,b1 24hr,B1 24HR.tiff,HUVEC/24h,HUVEC,B1,24,1.0,,ok,,,,Originais (1),,
B3 24HR _png.rf.f3BROmuTSW4SEY5FcLrM.png,b3 24hr,B3 24HR .tiff,HUVEC/24h,HUVEC,B3,24,1.0,,ok,,,,Originais (1),,
D3 0H 2_png.rf.lL7YSo8VoAJWzvF12TBt.png,d3 0h 2,D3 0H 2 (3).tiff,HUVEC/0h,HUVEC,D3,0,1.0,0.2653,ok,,,,Migração (PET e PEP) n3 - RAW,,
D3 0H 2_png.rf.yYcVsHyN2N7kW6l1R49u.png,d3 0h 2,D3 0H 2.tiff,HUVEC/0h,HUVEC,D3,0,1.0,1.3863,ok,,,,Migração (PET e PEP) n1 - RAW,PEP + NEB 5uM,
D3 0H 2_png.rf.lkEcbAGS1IAwabi3cMT3.png,d3 0h 2,D3 0H 2 (2).tiff,HUVEC/0h,HUVEC,D3,0,1.0,0.2653,ok,,,,Migração (PET e PEP) n2 - RAW,PET + NEB 5uM,
C2 0H 1_png.rf.mJluI1yGBePiio8WTdDm.png,c2 0h 1,C2 0H 1 (2).tiff,HUVEC/0h,HUVEC,C2,0,1.0,0.6805,ok,,,,Migração (PET e PEP) n3 - RAW,,
C2 0H 1_png.rf.KB47PNKZ7jytQgV8U2Wg.png,c2 0h 1,C2 0H 1.tiff,HUVEC/0h,HUVEC,C2,0,1.0,0.6805,ok,,,,Migração (PET e PEP) n2 - RAW,PET,
D2 12H 1_png.rf.mezBEqY820hvyAhYbL2o.png,d2 12h 1,D2 12H 1 (2).tiff,HUVEC/12h,HUVEC,D2,12,1.0,0.8432,ok,,,,Migração (PET e PEP) n3 - RAW,,
D2 12H 1_png.rf.WXQzzTbsjkN1jrcwr3jh.png,d2 12h 1,D2 12H 1.tiff,HUVEC/12h,HUVEC,D2,12,1.0,0.8431,ok,,,,Migração (PET e PEP) n2 - RAW,PET + NEB 1uM,
C1 0H 2_png.rf.roYe44B7qcp2jHTQiDFR.png,c1 0h 2,C1 0H 2 (3).tiff,HUVEC/0h,HUVEC,C1,0,1.0,0.5977,ok,,,,Migração (PET e PEP) n3 - RAW,,
C1 0H 2_png.rf.NIaj6ZfxU7W8Sisl4O7V.png,c1 0h 2,C1 0H 2.tiff,HUVEC/0h,HUVEC,C1,0,1.0,0.5976,ok,,,,LUIS RAW,PET,
C1 0H 2_png.rf.9303F5oUsp2TrVTUxFVS.png,c1 0h 2,C1 0H 2 (2).tiff,HUVEC/0h,HUVEC,C1,0,1.0,0.9316,ok,,,,Migração (PET e PEP) n2 - RAW,PET,
C3 0H 2_png.rf.xbZO9Bb0ELGvFvQqg9Ga.png,c3 0h 2,C3 0H 2 (3).tiff,HUVEC/0h,HUVEC,C3,0,1.0,0.349,ok,,,,Migração (PET e PEP) n3 - RAW,,
C3 0H 2_png.rf.vi6kwDP5hcJTtZbSmmNR.png,c3 0h 2,C3 0H 2 (2).tiff,HUVEC/0h,HUVEC,C3,0,1.0,0.7723,ok,,,,Migração (PET e PEP) n2 - RAW,PET,
C3 0H 2_png.rf.xDlt4bOJAYcO2uTZApSi.png,c3 0h 2,C3 0H 2.tiff,HUVEC/0h,HUVEC,C3,0,1.0,0.349,ok,,,,Migração (PET e PEP) n1 - RAW,PEP + NEB 1uM,
Snap-34_229_png.rf.KJvv2XXHVgpLiZwVt9mg.png,snap-34,Snap-34 (2).tiff,SKOV/24h,SKOV,snap-34,24,0.9996,0.124,ok,P1,GEO,,,,
Snap-34_png.rf.GLZbrOT2myk9kc5oA6aX.png,snap-34,Snap-34.tiff,SKOV/0h,SKOV,snap-34,0,0.9998,0.1103,ok,P2,GEO,,,,
Snap-34_35_png.rf.cCBbQ4DkqD2S1DhdFMv4.png,snap-34,Snap-34.tiff,SKOV/48h,SKOV,snap-34,48,0.9996,0.1791,ok,P2,GEO,,,,
Snap-34_80_png.rf.OTwRABBb2h7sLs5br5Es.png,snap-34,Snap-34.tiff,SKOV/24h,SKOV,snap-34,24,0.9992,0.2474,ok,P2,GEO,,,,
Snap-34_169_png.rf.ecNc96UyH80MDbVQXJGF.png,snap-34,Snap-34 (2).tiff,SKOV/48h,SKOV,snap-34,48,0.9995,0.11,ok,P1,GEO,,,,
Snap-34_273_png.rf.dlwVdBfC0b4Uz3SdOjOc.png,snap-34,Snap-34.tiff,SKOV/72h,SKOV,snap-34,72,0.9995,0.2534,ok,P1,GEO,,,,
B1 12H 1_png.rf.yeNg2GCjWfRngtwXJUie.png,b1 12h 1,B1 12H 1 (3).tiff,HUVEC/12h,HUVEC,B1,12,1.0,0.4004,ok,,,,Migração (PET e PEP) n3 - RAW,,
B1 12H 1_png.rf.hxez3ZUDKYx4aEhWMxMN.png,b1 12h 1,B1 12H 1.tiff,HUVEC/12h,HUVEC,B1,12,1.0,0.2665,ok,,,,LUIS RAW,PEP,
B1 12H 1_png.rf.VB9B0BXSFCbQoytWKIkL.png,b1 12h 1,B1 12H 1 (2).tiff,HUVEC/12h,HUVEC,B1,12,1.0,0.2665,ok,,,,Migração (PET e PEP) n2 - RAW,PEP + NEB 1uM,
Snap-37_268_png.rf.N3W1ypt0pMmCc4GIxO5t.png,snap-37,Snap-37.tiff,SKOV/72h,SKOV,snap-37,72,0.9993,0.2947,ok,P1,GEO+PTX,,,,
Snap-37_175_png.rf.FF9MN09bmlSbN40cxQRu.png,snap-37,Snap-37 (2).tiff,SKOV/48h,SKOV,snap-37,48,0.9994,0.2008,ok,P1,GEO,,,,
Snap-37_41_png.rf.OsCpPjm2DJG8qbSq8Ons.png,snap-37,Snap-37.tiff,SKOV/48h,SKOV,snap-37,48,0.9996,0.214,ok,P2,GEO,,,,
Snap-37_235_png.rf.fp1LasdFT1TZbfgrTie6.png,snap-37,Snap-37 (2).tiff,SKOV/24h,SKOV,snap-37,24,0.9995,0.203,ok,P1,GEO,,,,
Snap-37_86_png.rf.pYptoZNCglZAWUG9VoJY.png,snap-37,Snap-37.tiff,SKOV/24h,SKOV,snap-37,24,0.9994,0.2443,ok,P2,GEO,,,,
Snap-37_png.rf.s7RPNeDaj3ymHHF9zaPj.png,snap-37,Snap-37.tiff,SKOV/0h,SKOV,snap-37,0,0.9997,0.2008,ok,P2,GEO,,,,
Snap-38_167_png.rf.81c3SeZTSEMy4ciG0Dyg.png,snap-38,Snap-38 (2).tiff,SKOV/48h,SKOV,snap-38,48,0.9994,0.2173,ok,P1,GEO,,,,
Snap-38_78_png.rf.PaqjOBWZbWnDZZ0RJ1ZA.png,snap-38,Snap-38.tiff,SKOV/24h,SKOV,snap-38,24,0.9995,0.2502,ok,P2,GEO,,,,
Snap-38_png.rf.hr6aZTEXF60YzgUNJy8a.png,snap-38,Snap-38.tiff,SKOV/0h,SKOV,snap-38,0,0.9997,0.2032,ok,P2,GEO,,,,
Snap-38_227_png.rf.kK61yb2zZ2y3LBaAWQce.png,snap-38,Snap-38 (2).tiff,SKOV/24h,SKOV,snap-38,24,0.9995,0.2032,ok,P1,GEO,,,,
Snap-38_260_png.rf.yEEj76fEVPAcN4GxNnYn.png,snap-38,Snap-38.tiff,SKOV/72h,SKOV,snap-38,72,0.9993,0.2766,ok,P1,GEO+PTX,,,,
D5 0H 1_png.rf.nqJsqxU0ATyfyESqew8k.png,d5 0h 1,D5 0H 1.tiff,HUVEC/0h,HUVEC,D5,0,1.0,0.8357,ok,,,,LUIS RAW,PET,
D5 0H 1_png.rf.9j0Q0q1RchMC9JDN2vvD.png,d5 0h 1,D5 0H 1 (2).tiff,HUVEC/0h,HUVEC,D5,0,1.0,0.8357,ok,,,,Migração (PET e PEP) n1 - RAW,PET + NEB 5uM,
B5 24HR _png.rf.g9PDGT1tjMWdiPw6OCJg.png,b5 24hr,B5 24HR .tiff,HUVEC/24h,HUVEC,B5,24,1.0,,ok,,,,Originais (1),,
C2 24HR 1_png.rf.gv1L6LnEPjTvqD1xvTex.png,c2 24hr 1,C2 24HR 1.tiff,HUVEC/24h,HUVEC,C2,24,1.0,,ok,,,,Originais (1),,
A1 0HR 2_png.rf.hVdiwx06lI7rOZ5rr9vC.png,a1 0hr 2,A1 0HR 2 (2).tiff,HUVEC/0h,HUVEC,A1,0,1.0,0.1433,ok,,,,Originais (1),,
A1 0HR 2_png.rf.wFANdrijgcCbWaNPdyi0.png,a1 0hr 2,A1 0HR 2.tiff,HUVEC/0h,HUVEC,A1,0,1.0,0.1433,ok,,,,originais,,
D4 0HR 1_png.rf.eLqJwBy4PkAeXHhqw8Ir.png,d4 0hr 1,D4 0HR 1.tiff,HUVEC/0h,HUVEC,D4,0,1.0,,ok,,,,originais,,
ptx1_4_png.rf.B58ENbe2QLEA2a5XA2zj.png,ptx1 4,ptx1_4.tiff,SKOV/0h,SKOV,ptx1_4,0,0.9997,,ok,P1,PTX,,,,
A7 24HR _png.rf.jH3xQl6pREcGN7kyjHCV.png,a7 24hr,A7 24HR .tiff,HUVEC/24h,HUVEC,A7,24,1.0,,ok,,,,Originais (1),,
B4 24HR 1_png.rf.lN0MXk4tlJUMy6E9zAj1.png,b4 24hr 1,B4 24HR 1 (2).tiff,HUVEC/24h,HUVEC,B4,24,1.0,0.236,ok,,,,Originais (1),,
B4 24HR 1_png.rf.pmxHFJ15gOgFjiDVrNst.png,b4 24hr 1,B4 24HR 1.tiff,HUVEC/24h,HUVEC,B4,24,1.0,0.2359,ok,,,,originais,,
C5 24HR 1_png.rf.nnj5eCDL2rrGHVaGJgIh.png,c5 24hr 1,C5 24HR 1.tiff,HUVEC/24h,HUVEC,C5,24,1.0,,ok,,,,Originais (1),,
C5 24HR 2_png.rf.IhgU6NfEh2mQLY5UnIxs.png,c5 24hr 2,C5 24HR 2.tiff,HUVEC/24h,HUVEC,C5,24,1.0,,ok,,,,Originais (1),,
C8 24HR 1_png.rf.ATUVW4TlOHoViHXbherk.png,c8 24hr 1,C8 24HR 1.tiff,HUVEC/24h,HUVEC,C8,24,1.0,,ok,,,,Originais (1),,
Snap-35_30_png.rf.HFgFuSTR9HjcV1lmD48Y.png,snap-35,Snap-35.tiff,SKOV/48h,SKOV,snap-35,48,0.9996,0.1302,ok,P2,GEO,,,,
Snap-35_75_png.rf.ZWAOtrcgayqhDponTPfJ.png,snap-35,Snap-35.tiff,SKOV/24h,SKOV,snap-35,24,0.9995,0.1687,ok,P2,GEO,,,,
Snap-35_164_png.rf.b3DJJM2AtGNEln2avfI1.png,snap-35,Snap-35 (2).tiff,SKOV/48h,SKOV,snap-35,48,0.9995,0.13,ok,P1,GEO,,,,
Snap-35_png.rf.RT3Bf99xhBs9fwFUnHMV.png,snap-35,Snap-35.tiff,SKOV/0h,SKOV,snap-35,0,0.9997,0.1457,ok,P2,GEO,,,,
Snap-35_224_png.rf.Yl7Y3PdpoIYfMmZrgbvL.png,snap-35,Snap-35 (2).tiff,SKOV/24h,SKOV,snap-35,24,0.9995,0.1791,ok,P1,GEO,,,,
B7 12H 1_png.rf.0M5oRvIMdWuewK90yYyN.png,b7 12h 1,B7 12H 1.tiff,HUVEC/12h,HUVEC,B7,12,1.0,,ok,,,,LUIS RAW,PEP+GB,
D1 24HR 2_png.rf.sKzjQXeeTmG65NxFRo5z.png,d1 24hr 2,D1 24HR 2 (2).tiff,HUVEC/24h,HUVEC,D1,24,1.0,0.407,ok,,,,Originais (1),,
D1 24HR 2_png.rf.uoxKxnADebGlXimnPrEx.png,d1 24hr 2,D1 24HR 2.tiff,HUVEC/24h,HUVEC,D1,24,1.0,0.407,ok,,,,originais,,
ct2_2_png.rf.Dvx8WZususU5N4TJ6Cm4.png,ct2 2,ct2_2.tiff,SKOV/0h,SKOV,ct2_2,0,0.9994,,ok,P1,CT,,,,
ct3_4_png.rf.Q1FfAxwTqKJY5ScqhqHb.png,ct3 4,ct3_4.tiff,SKOV/0h,SKOV,ct3_4,0,0.9996,,ok,P1,CT,,,,
A6 24HR _png.rf.tdVUE5jOGejtOugdPT4V.png,a6 24hr,A6 24HR .tiff,HUVEC/24h,HUVEC,A6,24,1.0,,ok,,,,Originais (1),,
D2 24HR 2_png.rf.wRKSPxlZPSFXQYyfyIYZ.png,d2 24hr 2,D2 24HR 2 (2).tiff,HUVEC/24h,HUVEC,D2,24,1.0,0.418,ok,,,,Originais (1),,
D2 24HR 2_png.rf.pDLs6S04Umdqac3qosH6.png,d2 24hr 2,D2 24HR 2.tiff,HUVEC/24h,HUVEC,D2,24,1.0,0.418,ok,,,,originais,,
C7 24HR 1_png.rf.xqKNrF67OhqmAzlFnqBa.png,c7 24hr 1,C7 24HR 1.tiff,HUVEC/24h,HUVEC,C7,24,1.0,,ok,,,,Originais (1),,
Snap-36_271_png.rf.sfFr7wfzXmMz4JWE34hv.png,snap-36,Snap-36.tiff,SKOV/72h,SKOV,snap-36,72,0.999,0.2662,ok,P1,GEO+PTX,,,,
A5 24H 1_png.rf.6ie4xUJoXHwIt5OqAmfk.png,a5 24h 1,A5 24H 1.tiff,HUVEC/24h,HUVEC,A5,24,1.0,,ok,,,,LUIS RAW,PEP,
E2 12H 1_png.rf.mEQXwAOzJk0IJFIXfI76.png,e2 12h 1,E2 12H 1.tiff,HUVEC/12h,HUVEC,E2,12,1.0,,ok,,,,LUIS RAW,PEP,
Snap-61_png.rf.jjph9AjAMjC05RAi810r.png,snap-61,Snap-61.tiff,SKOV/24h,SKOV,snap-61,24,0.9953,,ok,P2,CARBO+GEO,,,,
D8 8HR 2_png.rf.1L3Omzx8xqzZfciIrFV1.png,d8 8hr 2,D8 8HR 2.tiff,HUVEC/8h,HUVEC,D8,8,1.0,,ok,,,,originais,,
ct3_2_png.rf.lLB33dtGMqg7HHl9TRYc.png,ct3 2,ct3_2.tiff,SKOV/0h,SKOV,ct3_2,0,0.9996,,ok,P1,CT,,,,
ct1_4_png.rf.nvoj5ht7KmVxGyu6qAiI.png,ct1 4,ct1_4.tiff,SKOV/0h,SKOV,ct1_4,0,0.9996,,ok,P1,CT,,,,
ct1_3_png.rf.p5g48N2vmUfQ595DsvAx.png,ct1 3,ct1_3.tiff,SKOV/0h,SKOV,ct1_3,0,0.9996,,ok,P1,CT,,,,
ptx3_5_png.rf.jKwt368jwlClxFelzVnq.png,ptx3 5,ptx3_5.tiff,SKOV/0h,SKOV,ptx3_5,0,0.9995,,ok,P1,PTX,,,,
D8 24HR 2_png.rf.6LVfhov35InNNnP8TyCy.png,d8 24hr 2,D8 24HR 2.tiff,HUVEC/24h,HUVEC,D8,24,1.0,,ok,,,,originais,,
A4 24HR 1_png.rf.75GZJLc3WH0k8HUxjdH2.png,a4 24hr 1,A4 24HR 1.tiff,HUVEC/24h,HUVEC,A4,24,1.0,,ok,,,,originais,,
D8 24HR 1_png.rf.N3wjvhmJtPekb934O9zh.png,d8 24hr 1,D8 24HR 1.tiff,HUVEC/24h,HUVEC,D8,24,1.0,,ok,,,,originais,,
A7 24HR 2_png.rf.SRRzbIVNAwhQfC9WQUcS.png,a7 24hr 2,A7 24HR 2.tiff,HUVEC/24h,HUVEC,A7,24,1.0,0.4729,ok,,,,originais,,
A7 24HR 2_png.rf.lcDe029TgbPSpfrW0Pay.png,a7 24hr 2,A7 24HR 2 (2).tiff,HUVEC/24h,HUVEC,A7,24,1.0,0.4729,ok,,,,Originais (1),,
E2 12H 2_png.rf.fbTGkq2d4G0KjXGVXnMl.png,e2 12h 2,E2 12H 2.tiff,HUVEC/12h,HUVEC,E2,12,1.0,,ok,,,,LUIS RAW,PEP,
E2 8H 1_png.rf.gvQssAqfXsQcZbrYTdOM.png,e2 8h 1,E2 8H 1.tiff,HUVEC/8h,HUVEC,E2,8,1.0,,ok,,,,LUIS RAW,PEP,
D5 8HR 1_png.rf.vyyVbmUWui3Zf5tfphsL.png,d5 8hr 1,D5 8HR 1.tiff,HUVEC/8h,HUVEC,D5,8,1.0,,ok,,,,originais,,
Snap-39_166_png.rf.5gvQkXC8fgXYVuIF4f7T.png,snap-39,Snap-39 (2).tiff,SKOV/48h,SKOV,snap-39,48,0.9995,0.1288,ok,P1,GEO,,,,
Snap-39_259_png.rf.66NggF7aoR1cBAe7oHvS.png,snap-39,Snap-39.tiff,SKOV/72h,SKOV,snap-39,72,0.9988,0.2072,ok,P1,GEO+PTX,,,,
Snap-39_png.rf.B5ZdhBp8JGAo6JQji9gU.png,snap-39,Snap-39.tiff,SKOV/0h,SKOV,snap-39,0,0.9998,0.1292,ok,P2,GEO,,,,
Snap-39_226_png.rf.3eKRFoC6EkRrFYfUCzwm.png,snap-39,Snap-39 (2).tiff,SKOV/24h,SKOV,snap-39,24,0.9996,0.1357,ok,P1,GEO,,,,
Snap-39_77_png.rf.FBpms3tKgC2fVOg0pxu7.png,snap-39,Snap-39.tiff,SKOV/24h,SKOV,snap-39,24,0.9993,0.227,ok,P2,GEO,,,,
Snap-39_32_png.rf.rJ1yCNkW0jfcy0HevE1x.png,snap-39,Snap-39.tiff,SKOV/48h,SKOV,snap-39,48,0.9996,0.1954,ok,P2,GEO,,,,
Snap-46_266_png.rf.BVQ9Gkip9wHmusHLwlcZ.png,snap-46,Snap-46.tiff,SKOV/72h,SKOV,snap-46,72,0.999,0.2156,ok,P1,GEO+PTX,,,,
ct1_2_png.rf.vkrzhchwAd8VGhBZotAn.png,ct1 2,ct1_2.tiff,SKOV/0h,SKOV,ct1_2,0,0.9994,,ok,P1,CT,,,,
A8 24HR 2_png.rf.Lw1lmr6rn3jDJKeQy2Q6.png,a8 24hr 2,A8 24HR 2.tiff,HUVEC/24h,HUVEC,A8,24,1.0,,ok,,,,originais,,
D7 24HR 1_png.rf.gKqLhMBk6iKbxeuE7E9M.png,d7 24hr 1,D7 24HR 1.tiff,HUVEC/24h,HUVEC,D7,24,1.0,,ok,,,,originais,,
D7 12HR 1_png.rf.dFUzUezEiRccyrBtvl3h.png,d7 12hr 1,D7 12HR 1.tiff,HUVEC/12h,HUVEC,D7,12,1.0,,ok,,,,originais,,
D2 12HR 2_png.rf.cdEKsHuOo9GguaFeEKg2.png,d2 12hr 2,D2 12HR 2.tiff,HUVEC/12h,HUVEC,D2,12,1.0,0.4261,ok,,,,originais,,
D2 12HR 2_png.rf.x5aDDK0avFZphVb6GVcP.png,d2 12hr 2,D2 12HR 2 (2).tiff,HUVEC/12h,HUVEC,D2,12,1.0,0.426,ok,,,,Originais (1),,
ct2_3_png.rf.05gH6Q4BVtzjbT8GvpXk.png,ct2 3,ct2_3.tiff,SKOV/0h,SKOV,ct2_3,0,0.9992,,ok,P1,CT,,,,
D8 12HR 2_png.rf.nN3nI8qkxWm9AYmHegxJ.png,d8 12hr 2,D8 12HR 2.tiff,HUVEC/12h,HUVEC,D8,12,1.0,,ok,,,,originais,,
B5 12HR 2_png.rf.mSR2WAZaiHT4hljqFuAE.png,b5 12hr 2,B5 12HR 2.tiff,HUVEC/12h,HUVEC,B5,12,1.0,0.425,ok,,,,originais,,
B5 12HR 2_png.rf.EZH0RYIN3t8Q75rFyebV.png,b5 12hr 2,B5 12HR 2 (2).tiff,HUVEC/12h,HUVEC,B5,12,1.0,0.425,ok,,,,Originais (1),,
B3 24HR 1_png.rf.NESZSvWD763fZVOB2H7p.png,b3 24hr 1,B3 24HR 1.tiff,HUVEC/24h,HUVEC,B3,24,1.0,,ok,,,,originais,,
D6 12HR 2_png.rf.b2OIk6z10hZKIcL3Adz4.png,d6 12hr 2,D6 12HR 2.tiff,HUVEC/12h,HUVEC,D6,12,1.0,,ok,,,,originais,,
D1 12HR 2_png.rf.c61b9Qj6PnDGEcivk5oi.png,d1 12hr 2,D1 12HR 2.tiff,HUVEC/12h,HUVEC,D1,12,1.0,0.5801,ok,,,,originais,,
D1 12HR 2_png.rf.E03XFlEmMbe4CLEeQ5L0.png,d1 12hr 2,D1 12HR 2 (2).tiff,HUVEC/12h,HUVEC,D1,12,1.0,0.5801,ok,,,,Originais (1),,
D6 24HR 1_png.rf.cspql52EbA0tNLqOTHCN.png,d6 24hr 1,D6 24HR 1.tiff,HUVEC/24h,HUVEC,D6,24,1.0,,ok,,,,originais,,
A7 24HR 1_png.rf.g2n0dmWrD3DPjmYcwrqW.png,a7 24hr 1,A7 24HR 1.tiff,HUVEC/24h,HUVEC,A7,24,1.0,,ok,,,,originais,,
A4 24HR 2_png.rf.kbXfdYMvDsXs7RdkqPlg.png,a4 24hr 2,A4 24HR 2.tiff,HUVEC/24h,HUVEC,A4,24,1.0,,ok,,,,originais,,
D5 24HR 1_png.rf.sDFAJWdDjqdrITgZldmr.png,d5 24hr 1,D5 24HR 1.tiff,HUVEC/24h,HUVEC,D5,24,1.0,,ok,,,,originais,,
D1 12HR 1_png.rf.Sa5pwYNBsukEYVE7qdCO.png,d1 12hr 1,D1 12HR 1.tiff,HUVEC/12h,HUVEC,D1,12,1.0,0.4158,ok,,,,originais,,
D1 12HR 1_png.rf.mtvtObh31Z25eXwo4BTB.png,d1 12hr 1,D1 12HR 1 (2).tiff,HUVEC/12h,HUVEC,D1,12,1.0,0.4158,ok,,,,Originais (1),,
C4 0H 1_png.rf.eniwLok0jjLj5a0AzzkR.png,c4 0h 1,C4 0H 1.tiff,HUVEC/0h,HUVEC,C4,0,1.0,,ok,,,,Migração (PET e PEP) n1 - RAW,PEP + NEB 1uM,
E3 12H 2_png.rf.esL3AMsWdCfWIQtjIH0Y.png,e3 12h 2,E3 12H 2 (2).tiff,HUVEC/12h,HUVEC,E3,12,1.0,0.311,ok,,,,Migração (PET e PEP) n1 - RAW,PET,
E3 12H 2_png.rf.kcUAws5TekLflfAvhxNY.png,e3 12h 2,E3 12H 2.tiff,HUVEC/12h,HUVEC,E3,12,1.0,0.311,ok,,,,LUIS RAW,PEP+MET3,
E3 0H 2_png.rf.j7ovIenZ5HDYMGZQIqDG.png,e3 0h 2,E3 0H 2 (2).tiff,HUVEC/0h,HUVEC,E3,0,1.0,0.5257,ok,,,,Migração (PET e PEP) n1 - RAW,PET,
C4 0H 2_png.rf.qOkZenYZh8qMMZYL5Xtl.png,c4 0h 2,C4 0H 2.tiff,HUVEC/0h,HUVEC,C4,0,1.0,,ok,,,,Migração (PET e PEP) n1 - RAW,PEP + NEB 1uM,
E3 0H 1_png.rf.oCpQxeTo3GfI3SKhPtZw.png,e3 0h 1,E3 0H 1 (2).tiff,HUVEC/0h,HUVEC,E3,0,1.0,0.1855,ok,,,,Migração (PET e PEP) n1 - RAW,PET,
E3 0H 1_png.rf.y1L8LGZtCBb5mYaRh30F.png,e3 0h 1,E3 0H 1.tiff,HUVEC/0h,HUVEC,E3,0,1.0,0.1855,ok,,,,LUIS RAW,PEP+MET3,
B2 24HR 1_png.rf.w7qTzWrN9asmVRPi0TyM.png,b2 24hr 1,B2 24HR 1.tiff,HUVEC/24h,HUVEC,B2,24,1.0,,ok,,,,originais,,
ptx3_2_png.rf.83PwRP4WO592IOLoTAYo.png,ptx3 2,ptx3_2.tiff,SKOV/0h,SKOV,ptx3_2,0,0.9997,,ok,P1,PTX,,,,
D7 0HR 2_png.rf.mGRaJg4oy22iduWPW8lr.png,d7 0hr 2,D7 0HR 2.tiff,HUVEC/0h,HUVEC,D7,0,1.0,,ok,,,,originais,,
ptx2_3_png.rf.6nkf49DKAANKUxGN7G1n.png,ptx2 3,ptx2_3.tiff,SKOV/0h,SKOV,ptx2_3,0,0.9997,,ok,P1,PTX,,,,
A4 0H 2_png.rf.01eh205oAFDjBIMIeEV2.png,a4 0h 2,A4 0H 2.tiff,HUVEC/0h,HUVEC,A4,0,1.0,,ok,,,,LUIS RAW,PEP+MCC,
ct2_4_png.rf.LwbtYPKdSnLjWIVRn6Bb.png,ct2 4,ct2_4.tiff,SKOV/0h,SKOV,ct2_4,0,0.9996,,ok,P1,CT,,,,
ptx3_3_png.rf.Lwqe4rLJr5ezAgBTPW9x.png,ptx3 3,ptx3_3.tiff,SKOV/0h,SKOV,ptx3_3,0,0.9997,,ok,P1,PTX,,,,
ptx2_4_png.rf.YEH27Bh4es5Hup4qomsA.png,ptx2 4,ptx2_4.tiff,SKOV/0h,SKOV,ptx2_4,0,0.9997,,ok,P1,PTX,,,,
ptx1_3_png.rf.bncOGXvomWmfQYVg0GEu.png,ptx1 3,ptx1_3.tiff,SKOV/0h,SKOV,ptx1_3,0,0.9997,,ok,P1,PTX,,,,
ct2_5_png.rf.V6uuFIT0hRf8VvfkI0ft.png,ct2 5,ct2_5.tiff,SKOV/0h,SKOV,ct2_5,0,0.9995,,ok,P1,CT,,,,
A3 12HR 1_png.rf.QtmN1H5n1Ty17BJqAu6s.png,a3 12hr 1,A3 12HR 1.tiff,HUVEC/12h,HUVEC,A3,12,1.0,0.5835,ok,,,,originais,,
A3 12HR 1_png.rf.FMJp1T7Nqa8Rw6RzP58W.png,a3 12hr 1,A3 12HR 1 (2).tiff,HUVEC/12h,HUVEC,A3,12,1.0,0.5836,ok,,,,Originais (1),,
B7 24HR 1_png.rf.ZCqTWe79sQfSyxgwns1L.png,b7 24hr 1,B7 24HR 1.tiff,HUVEC/24h,HUVEC,B7,24,1.0,,ok,,,,originais,,
D4 24HR 2_png.rf.aSdWjnYDFFICPSVHPh41.png,d4 24hr 2,D4 24HR 2.tiff,HUVEC/24h,HUVEC,D4,24,1.0,,ok,,,,originais,,
C5 12HR 2_png.rf.0ajhdgJgl6tuFZJYRfas.png,c5 12hr 2,C5 12HR 2.tiff,HUVEC/12h,HUVEC,C5,12,1.0,,ok,,,,Originais (1),,
B5 24HR 1_png.rf.TJTLDoAzR6YqhVVqJjBV.png,b5 24hr 1,B5 24HR 1.tiff,HUVEC/24h,HUVEC,B5,24,1.0,,ok,,,,originais,,
B7 24HR 2_png.rf.sLRnKiW7AKt55yPdOdBZ.png,b7 24hr 2,B7 24HR 2.tiff,HUVEC/24h,HUVEC,B7,24,1.0,,ok,,,,originais,,
D6 24HR 2_png.rf.flYMY7ymoZijlh3kbj6H.png,d6 24hr 2,D6 24HR 2.tiff,HUVEC/24h,HUVEC,D6,24,1.0,,ok,,,,originais,,
C5 12HR 1_png.rf.88yPD8uIUGh6X426Q3LJ.png,c5 12hr 1,C5 12HR 1.tiff,HUVEC/12h,HUVEC,C5,12,1.0,,ok,,,,Originais (1),,
C8 12HR 2_png.rf.DCKU7lcCERvfS3ttYwjV.png,c8 12hr 2,C8 12HR 2.tiff,HUVEC/12h,HUVEC,C8,12,1.0,,ok,,,,Originais (1),,
A3 24HR 2_png.rf.veAAJvQ7Awbgl7YllARv.png,a3 24hr 2,A3 24HR 2.tiff,HUVEC/24h,HUVEC,A3,24,1.0,,ok,,,,originais,,
E7 24H 2_png.rf.0p851GwUgWID7MWXKlH0.png,e7 24h 2,E7 24H 2.tiff,HUVEC/24h,HUVEC,E7,24,1.0,,ok,,,,LUIS RAW,PEP+MCC,
F2 12H 2_png.rf.2goGI5xvDCGG2PJZ8Its.png,f2 12h 2,F2 12H 2.tiff,HUVEC/12h,HUVEC,F2,12,1.0,,ok,,,,LUIS RAW,PET,
F1 0H 1_png.rf.2zfG93hU1T5TFNLY48HE.png,f1 0h 1,F1 0H 1.tiff,HUVEC/0h,HUVEC,F1,0,1.0,,ok,,,,LUIS RAW,PET,
E8 8H 2_png.rf.5GUYmQeSRhuOm2CXkDiG.png,e8 8h 2,E8 8H 2.tiff,HUVEC/8h,HUVEC,E8,8,1.0,,ok,,,,LUIS RAW,PEP+MCC,
B8 12H 2_png.rf.5acnuK4ItVvkpgIISiR0.png,b8 12h 2,B8 12H 2.tiff,HUVEC/12h,HUVEC,B8,12,1.0,,ok,,,,LUIS RAW,PEP+MCC,
B8 12H 1_png.rf.3avH25HpjUEx5nx0LOpQ.png,b8 12h 1,B8 12H 1.tiff,HUVEC/12h,HUVEC,B8,12,1.0,,ok,,,,LUIS RAW,PEP+MCC,
E5 24H 1_png.rf.vIXfSHGOepyu5FFjdqML.png,e5 24h 1,E5 24H 1 (2).tiff,HUVEC/24h,HUVEC,E5,24,1.0,0.0916,ok,,,,Migração (PET e PEP) n1 - RAW,PET,
E5 12H 1_png.rf.vKjtC2NdhKnfpZY8ceRO.png,e5 12h 1,E5 12H 1 (2).tiff,HUVEC/12h,HUVEC,E5,12,1.0,1.7269,ok,,,,Migração (PET e PEP) n1 - RAW,PET,
E5 12H 1_png.rf.8sspdrcmkdLQ9hLnLrVq.png,e5 12h 1,E5 12H 1.tiff,HUVEC/12h,HUVEC,E5,12,1.0,1.7269,ok,,,,LUIS RAW,PEP+GB,
C4 8H 2_png.rf.xf4fX4AvjWKAhdVeX8wx.png,c4 8h 2,C4 8H 2.tiff,HUVEC/8h,HUVEC,C4,8,1.0,,ok,,,,Migração (PET e PEP) n1 - RAW,PEP + NEB 1uM,
D5 8H 2_png.rf.155Q0oMDYSwLghgKcHcD.png,d5 8h 2,D5 8H 2 (2).tiff,HUVEC/8h,HUVEC,D5,8,1.0,0.661,ok,,,,Migração (PET e PEP) n1 - RAW,PET + NEB 5uM,
C4 12H 1_png.rf.nxObaX6CWz1uDD74w2Bh.png,c4 12h 1,C4 12H 1.tiff,HUVEC/12h,HUVEC,C4,12,1.0,,ok,,,,Migração (PET e PEP) n1 - RAW,PEP + NEB 1uM,
C5 24H 2_png.rf.1BqtMMJEWOuzOCOM43Zl.png,c5 24h 2,C5 24H 2 (2).tiff,HUVEC/24h,HUVEC,C5,24,1.0,0.488,ok,,,,Migração (PET e PEP) n1 - RAW,PET + NEB 1uM,
Snap-11_145_png.rf.3ge56gMacLMVyGcpZzLe.png,snap-11,Snap-11 (2).tiff,SKOV/48h,SKOV,snap-11,48,0.9994,0.2553,ok,P1,CT,,,,
Snap-11_249_png.rf.6QpMCQrXSp8HmL3wsQyY.png,snap-11,Snap-11.tiff,SKOV/72h,SKOV,snap-11,72,0.9985,0.2814,ok,P1,PTX,,,,
D6 12HR 1_png.rf.ubRw3PS7ChSpjR6oUsaw.png,d6 12hr 1,D6 12HR 1.tiff,HUVEC/12h,HUVEC,D6,12,1.0,,ok,,,,originais,,
C6 12HR 1_png.rf.UmlOMTinnc6R2WwDO5mk.png,c6 12hr 1,C6 12HR 1.tiff,HUVEC/12h,HUVEC,C6,12,1.0,,ok,,,,Originais (1),,
C4 12HR 2_png.rf.VPTdgRzPEXTu9X5rWnHL.png,c4 12hr 2,C4 12HR 2.tiff,HUVEC/12h,HUVEC,C4,12,1.0,,ok,,,,Originais (1),,
C2 12HR 1_png.rf.l390bw2HqVpVFdkva9rC.png,c2 12hr 1,C2 12HR 1.tiff,HUVEC/12h,HUVEC,C2,12,1.0,,ok,,,,Originais (1),,
F1 8H 2_png.rf.FGAYlPy94IRnZ6nrdfwV.png,f1 8h 2,F1 8H 2.tiff,HUVEC/8h,HUVEC,F1,8,1.0,,ok,,,,LUIS RAW,PET,
E6 12H 1_png.rf.FCYlut0Z4tjhuOescn8N.png,e6 12h 1,E6 12H 1 (2).tiff,HUVEC/12h,HUVEC,E6,12,1.0,1.5796,ok,,,,Migração (PET e PEP) n1 - RAW,PET + NEB 5uM,
C7 12HR 1_png.rf.p7Qf3xN5TeeAvsXHE1uc.png,c7 12hr 1,C7 12HR 1.tiff,HUVEC/12h,HUVEC,C7,12,1.0,,ok,,,,Originais (1),,
C2 12HR 2_png.rf.oplRsLQxn4yXEH25o8WX.png,c2 12hr 2,C2 12HR 2.tiff,HUVEC/12h,HUVEC,C2,12,1.0,,ok,,,,Originais (1),,
A4 12H 2_png.rf.IIQI11pJfOdDB7Jzljj6.png,a4 12h 2,A4 12H 2.tiff,HUVEC/12h,HUVEC,A4,12,1.0,,ok,,,,LUIS RAW,PEP+MCC,
D5 8H 1_png.rf.8Smwv1CdXBGgbbyDxfuB.png,d5 8h 1,D5 8H 1.tiff,HUVEC/8h,HUVEC,D5,8,1.0,1.5191,ok,,,,LUIS RAW,PET,
D5 8H 1_png.rf.PMf85Kc0bDhtSs7nKJJ9.png,d5 8h 1,D5 8H 1 (2).tiff,HUVEC/8h,HUVEC,D5,8,1.0,1.5191,ok,,,,Migração (PET e PEP) n1 - RAW,PET + NEB 5uM,
A8 24H 2_png.rf.AzWxHWfd8wEnR1h6JyIh.png,a8 24h 2,A8 24H 2.tiff,HUVEC/24h,HUVEC,A8,24,1.0,,ok,,,,LUIS RAW,PEP+MCC,
F1 12H 1_png.rf.8XL2il33ZXaeuRNGBBvy.png,f1 12h 1,F1 12H 1.tiff,HUVEC/12h,HUVEC,F1,12,1.0,,ok,,,,LUIS RAW,PET,
D5 24H 1_png.rf.4M4oOwvm60w9FPoTDdeM.png,d5 24h 1,D5 24H 1 (2).tiff,HUVEC/24h,HUVEC,D5,24,1.0,,ok,,,,Migração (PET e PEP) n1 - RAW,PET + NEB 5uM,
E5 8H 1_png.rf.5xYSB6ASuppCwHZp8BkN.png,e5 8h 1,E5 8H 1 (2).tiff,HUVEC/8h,HUVEC,E5,8,1.0,0.4709,ok,,,,Migração (PET e PEP) n1 - RAW,PET,
E5 8H 1_png.rf.oN4y0TzU89hopazD41ga.png,e5 8h 1,E5 8H 1.tiff,HUVEC/8h,HUVEC,E5,8,1.0,0.4709,ok,,,,LUIS RAW,PEP+GB,
B6 0H 1_png.rf.MFc9QeJCWIVdMpa93qS5.png,b6 0h 1,B6 0H 1 (2).tiff,HUVEC/0h,HUVEC,B6,0,1.0,0.7304,ok,,,,Migração (PET e PEP) n1 - RAW,PET + NEB 1uM,
C5 24H 1_png.rf.GRabFdMEvh7NdJQw7srC.png,c5 24h 1,C5 24H 1 (2).tiff,HUVEC/24h,HUVEC,C5,24,1.0,0.2598,ok,,,,Migração (PET e PEP) n1 - RAW,PET + NEB 1uM,
E7 0H 2_png.rf.LHnsmSxvc7BZBKZiBntY.png,e7 0h 2,E7 0H 2.tiff,HUVEC/0h,HUVEC,E7,0,1.0,,ok,,,,LUIS RAW,PEP+MCC,
B6 12H 1_png.rf.rSqnFKQYJQ2JAtTTJxhO.png,b6 12h 1,B6 12H 1.tiff,HUVEC/12h,HUVEC,B6,12,1.0,0.4207,ok,,,,LUIS RAW,PEP+MET3,
B6 12H 1_png.rf.TVdjz6cp4LXRKZDaIkDu.png,b6 12h 1,B6 12H 1 (2).tiff,HUVEC/12h,HUVEC,B6,12,1.0,0.4207,ok,,,,Migração (PET e PEP) n1 - RAW,PET + NEB 1uM,
A8 8H 2_png.rf.Jysjrtl7lUHCdurIWwdE.png,a8 8h 2,A8 8H 2.tiff,HUVEC/8h,HUVEC,A8,8,1.0,,ok,,,,LUIS RAW,PEP+MCC,
E3 24H 1_png.rf.tATYWxcxFlWEDmhIT0aP.png,e3 24h 1,E3 24H 1.tiff,HUVEC/24h,HUVEC,E3,24,1.0,0.2763,ok,,,,LUIS RAW,PEP+MET3,
A6 12H 1_png.rf.ttiuv3CjzGc6GvMTytlM.png,a6 12h 1,A6 12H 1.tiff,HUVEC/12h,HUVEC,A6,12,1.0,,ok,,,,LUIS RAW,PEP+MET3,
A6 0H 2_png.rf.xTjPOuBdGBBEAQh6qzcS.png,a6 0h 2,A6 0H 2.tiff,HUVEC/0h,HUVEC,A6,0,1.0,,ok,,,,LUIS RAW,PEP+MET3,
A5 24H 2_png.rf.8OQnMFYAjQVtHBF6vJjx.png,a5 24h 2,A5 24H 2.tiff,HUVEC/24h,HUVEC,A5,24,1.0,,ok,,,,LUIS RAW,PEP,
C5 0H 2_png.rf.UQiYCwrvqp79phsQH2z3.png,c5 0h 2,C5 0H 2 (2).tiff,HUVEC/0h,HUVEC,C5,0,1.0,0.756,ok,,,,Migração (PET e PEP) n1 - RAW,PET + NEB 1uM,
E6 8H 2_png.rf.1GadChaQmbQISRH9BRKf.png,e6 8h 2,E6 8H 2 (2).tiff,HUVEC/8h,HUVEC,E6,8,1.0,0.8316,ok,,,,Migração (PET e PEP) n1 - RAW,PET + NEB 5uM,
E6 8H 2_png.rf.hEmiyn8BWhtuUW3q3YCM.png,e6 8h 2,E6 8H 2.tiff,HUVEC/8h,HUVEC,E6,8,1.0,0.8316,ok,,,,LUIS RAW,PEP+GB,
B6 0H 2_png.rf.GBItdIXjWvldR5xw6WAZ.png,b6 0h 2,B6 0H 2 (2).tiff,HUVEC/0h,HUVEC,B6,0,1.0,0.4779,ok,,,,Migração (PET e PEP) n1 - RAW,PET + NEB 1uM,
B6 0H 2_png.rf.W8rwB6ecHS5ndhWG6kfs.png,b6 0h 2,B6 0H 2.tiff,HUVEC/0h,HUVEC,B6,0,1.0,0.4779,ok,,,,LUIS RAW,PEP+MET3,
E6 0H 1_png.rf.POLlPvbzIXFuKVcMzKwy.png,e6 0h 1,E6 0H 1 (2).tiff,HUVEC/0h,HUVEC,E6,0,1.0,0.8815,ok,,,,Migração (PET e PEP) n1 - RAW,PET + NEB 5uM,
E6 0H 1_png.rf.u3wMj5y8VskesnR8YfCZ.png,e6 0h 1,E6 0H 1.tiff,HUVEC/0h,HUVEC,E6,0,1.0,0.8815,ok,,,,LUIS RAW,PEP+GB,
B6 12H 2_png.rf.ZutkmldyzzqngSKDFxC9.png,b6 12h 2,B6 12H 2 (2).tiff,HUVEC/12h,HUVEC,B6,12,1.0,0.0717,ok,,,,Migração (PET e PEP) n1 - RAW,PET + NEB 1uM,
B6 12H 2_png.rf.2PmOlFypgqIOwtOkSoZR.png,b6 12h 2,B6 12H 2.tiff,HUVEC/12h,HUVEC,B6,12,1.0,0.0717,ok,,,,LUIS RAW,PEP+MET3,
C5 8H 2_png.rf.Su3UAyP9dztNqZtfn0u1.png,c5 8h 2,C5 8H 2 (2).tiff,HUVEC/8h,HUVEC,C5,8,1.0,0.0709,ok,,,,Migração (PET e PEP) n1 - RAW,PET + NEB 1uM,
B5 0H 1_png.rf.htjXZjR6bZGr7BAinqzk.png,b5 0h 1,B5 0H 1 (2).tiff,HUVEC/0h,HUVEC,B5,0,1.0,1.4353,ok,,,,Migração (PET e PEP) n1 - RAW,PEP,
E2 0H 2_png.rf.D6csVI0NoWz6NH3Kg8Dt.png,e2 0h 2,E2 0H 2.tiff,HUVEC/0h,HUVEC,E2,0,1.0,,ok,,,,LUIS RAW,PEP,
B7 24H 2_png.rf.Evks9BfmmHZJPCnJMfCZ.png,b7 24h 2,B7 24H 2.tiff,HUVEC/24h,HUVEC,B7,24,1.0,,ok,,,,LUIS RAW,PEP+GB,
E2 24H 2_png.rf.OkQ3OV9gV6pcZfmThdcD.png,e2 24h 2,E2 24H 2.tiff,HUVEC/24h,HUVEC,E2,24,1.0,,ok,,,,LUIS RAW,PEP,
A7 12H 1_png.rf.BUdmQD8lNWeuuRTsWHDX.png,a7 12h 1,A7 12H 1.tiff,HUVEC/12h,HUVEC,A7,12,1.0,,ok,,,,LUIS RAW,PEP+GB,
E1 0H 1_png.rf.O4klFnPAFBZQG7ZiiWoa.png,e1 0h 1,E1 0H 1.tiff,HUVEC/0h,HUVEC,E1,0,1.0,,ok,,,,LUIS RAW,PEP,
A5 0H 2_png.rf.OPqxCgJcEFfem7zDL9Cm.png,a5 0h 2,A5 0H 2.tiff,HUVEC/0h,HUVEC,A5,0,1.0,,ok,,,,LUIS RAW,PEP,
E2 24H 1_png.rf.VxLQou4jD5XrkR8hVVEa.png,e2 24h 1,E2 24H 1.tiff,HUVEC/24h,HUVEC,E2,24,1.0,,ok,,,,LUIS RAW,PEP,
A4 0H 1_png.rf.QvGfBsZY0oJLzm60bfmZ.png,a4 0h 1,A4 0H 1.tiff,HUVEC/0h,HUVEC,A4,0,1.0,,ok,,,,LUIS RAW,PEP+MCC,
A6 12H 2_png.rf.bsoBQRnwC6AtJ5KRBKDv.png,a6 12h 2,A6 12H 2.tiff,HUVEC/12h,HUVEC,A6,12,1.0,,ok,,,,LUIS RAW,PEP+MET3,
E8 24H 2_png.rf.gNM1Bn8YQmrvmSNIufBH.png,e8 24h 2,E8 24H 2.tiff,HUVEC/24h,HUVEC,E8,24,1.0,,ok,,,,LUIS RAW,PEP+MCC,
E8 0H 2_png.rf.HgcExEkIzmfKL57kfj0O.png,e8 0h 2,E8 0H 2.tiff,HUVEC/0h,HUVEC,E8,0,1.0,,ok,,,,LUIS RAW,PEP+MCC,
E4 0H 2_png.rf.D2SNVZ4DM6E3vV5L6s4U.png,e4 0h 2,E4 0H 2.tiff,HUVEC/0h,HUVEC,E4,0,1.0,1.3184,ok,,,,LUIS RAW,PEP+MET3,
E7 12H 1_png.rf.PoHYxxOK1nnblWJy1poC.png,e7 12h 1,E7 12H 1.tiff,HUVEC/12h,HUVEC,E7,12,1.0,,ok,,,,LUIS RAW,PEP+MCC,
A7 0H 2_png.rf.kEPVCcmc0LCQaEhObbck.png,a7 0h 2,A7 0H 2.tiff,HUVEC/0h,HUVEC,A7,0,1.0,,ok,,,,LUIS RAW,PEP+GB,
A5 0H 1_png.rf.nBR9GItMllk66biMKebZ.png,a5 0h 1,A5 0H 1.tiff,HUVEC/0h,HUVEC,A5,0,1.0,,ok,,,,LUIS RAW,PEP,
A7 8H 2_png.rf.Z4XPzmz707V96twR8syf.png,a7 8h 2,A7 8H 2.tiff,HUVEC/8h,HUVEC,A7,8,1.0,,ok,,,,LUIS RAW,PEP+GB,
E1 0H 2_png.rf.dwk6Z6HVga7ttj23PmV9.png,e1 0h 2,E1 0H 2.tiff,HUVEC/0h,HUVEC,E1,0,1.0,,ok,,,,LUIS RAW,PEP,
B7 0H 1_png.rf.qyPkI4Uc25HXxwIDzzb2.png,b7 0h 1,B7 0H 1.tiff,HUVEC/0h,HUVEC,B7,0,1.0,,ok,,,,LUIS RAW,PEP+GB,
E8 24H 1_png.rf.NCtTwuOdCGdNV1jvRInG.png,e8 24h 1,E8 24H 1.tiff,HUVEC/24h,HUVEC,E8,24,1.0,,ok,,,,LUIS RAW,PEP+MCC,
E8 0H 1_png.rf.QW6ssGm9E4YMOA62gaG3.png,e8 0h 1,E8 0H 1.tiff,HUVEC/0h,HUVEC,E8,0,1.0,,ok,,,,LUIS RAW,PEP+MCC,
E8 12H 2_png.rf.RuYB2xY0oOAkpMia9akW.png,e8 12h 2,E8 12H 2.tiff,HUVEC/12h,HUVEC,E8,12,1.0,,ok,,,,LUIS RAW,PEP+MCC,
F2 12H 1_png.rf.h05DU2gxBlXL6JdotHmg.png,f2 12h 1,F2 12H 1.tiff,HUVEC/12h,HUVEC,F2,12,1.0,,ok,,,,LUIS RAW,PET,
A8 0H 1_png.rf.Y70C9nwsZe8IHbVjQ7ye.png,a8 0h 1,A8 0H 1.tiff,HUVEC/0h,HUVEC,A8,0,1.0,,ok,,,,LUIS RAW,PEP+MCC,
F1 8H 1_png.rf.lx0WrFx5ug5XjuqCnrYl.png,f1 8h 1,F1 8H 1.tiff,HUVEC/8h,HUVEC,F1,8,1.0,,ok,,,,LUIS RAW,PET,
E5 8H 2_png.rf.qiYtP4UGzE4Bcbq2kdNv.png,e5 8h 2,E5 8H 2.tiff,HUVEC/8h,HUVEC,E5,8,1.0,1.1817,ok,,,,LUIS RAW,PEP+GB,
A6 0H 1_png.rf.rKpcg4iYJ50H0XfmG98n.png,a6 0h 1,A6 0H 1.tiff,HUVEC/0h,HUVEC,A6,0,1.0,,ok,,,,LUIS RAW,PEP+MET3,
D4 8HR 2_png.rf.1gESfR3nmJtUf5QdqE6H.png,d4 8hr 2,D4 8HR 2.tiff,HUVEC/8h,HUVEC,D4,8,1.0,,ok,,,,originais,,
A5 8H 2_png.rf.4o4SKpkxBwxgcOfuL3Zi.png,a5 8h 2,A5 8H 2.tiff,HUVEC/8h,HUVEC,A5,8,1.0,,ok,,,,LUIS RAW,PEP,
D8 0HR 1_png.rf.7wO0dPzIcA0LI4de0quS.png,d8 0hr 1,D8 0HR 1.tiff,HUVEC/0h,HUVEC,D8,0,1.0,,ok,,,,originais,,
E2 0H 1_png.rf.8Js9pcr7Y57hPhl7o33A.png,e2 0h 1,E2 0H 1.tiff,HUVEC/0h,HUVEC,E2,0,1.0,,ok,,,,LUIS RAW,PEP,
A5 12H 2_png.rf.BpoWxZBoZP9BlwUXbmuz.png,a5 12h 2,A5 12H 2.tiff,HUVEC/12h,HUVEC,A5,12,1.0,,ok,,,,LUIS RAW,PEP,
