x,y
701,1
698,1
698,2
697,2
697,3
696,3
696,4
695,4
695,5
694,5
694,6
693,6
693,8
692,8
692,10
691,10
691,14
690,14
690,18
691,18
691,20
692,20
692,23
693,23
693,37
692,37
692,42
691,42
691,41
690,41
690,40
689,40
689,39
686,39
686,41
685,41
685,45
686,45
686,47
687,47
687,49
688,49
688,51
689,51
689,52
690,52
690,51
691,51
691,50
692,50
692,43
694,43
694,44
695,44
695,45
696,45
696,46
697,46
697,47
699,47
699,48
700,48
700,49
703,49
703,50
707,50
707,51
713,51
713,50
717,50
717,49
720,49
720,48
721,48
721,47
723,47
723,45
724,45
724,43
726,43
726,42
727,42
727,41
738,41
738,40
740,40
740,39
742,39
742,38
744,38
744,37
746,37
746,36
748,36
748,35
752,35
752,34
757,34
757,33
760,33
760,32
762,32
762,31
764,31
764,30
766,30
766,29
768,29
768,28
769,28
769,27
771,27
771,25
772,25
772,24
773,24
773,21
774,21
774,18
775,18
775,7
774,7
774,3
773,3
773,1
772,1
772,0
806,0
806,5
807,5
807,11
808,11
808,12
810,12
810,13
812,13
812,12
818,12
818,11
820,11
820,10
821,10
821,9
822,9
822,7
823,7
823,6
824,6
824,5
825,5
825,2
826,2
826,0
1608,0
1608,2
1607,2
1607,4
1606,4
1606,6
1605,6
1605,7
1604,7
1604,8
1603,8
1603,9
1602,9
1602,10
1601,10
1601,12
1600,12
1600,13
1599,13
1599,16
1598,16
1598,28
1599,28
1599,31
1600,31
1600,33
1601,33
1601,35
1602,35
1602,37
1603,37
1603,38
1604,38
1604,39
1605,39
1605,40
1606,40
1606,41
1607,41
1607,42
1608,42
1608,43
1610,43
1610,44
1612,44
1612,45
1614,45
1614,46
1616,46
1616,48
1617,48
1617,55
1616,55
1616,59
1617,59
1617,69
1616,69
1616,71
1615,71
1615,72
1614,72
1614,73
1613,73
1613,74
1612,74
1612,76
1611,76
1611,77
1610,77
1610,78
1609,78
1609,79
1608,79
1608,80
1607,80
1607,82
1606,82
1606,84
1605,84
1605,86
1604,86
1604,90
1603,90
1603,98
1602,98
1602,99
1601,99
1601,101
1600,101
1600,102
1599,102
1599,103
1598,103
1598,104
1596,104
1596,105
1595,105
1595,107
1594,107
1594,108
1593,108
1593,109
1592,109
1592,111
1591,111
1591,114
1590,114
1590,117
1589,117
1589,131
1590,131
1590,134
1591,134
1591,136
1592,136
1592,138
1593,138
1593,139
1594,139
1594,140
1595,140
1595,145
1596,145
1596,157
1597,157
1597,161
1598,161
1598,163
1599,163
1599,165
1600,165
1600,167
1601,167
1601,172
1602,172
1602,180
1601,180
1601,183
1600,183
1600,185
1599,185
1599,187
1598,187
1598,188
1597,188
1597,189
1596,189
1596,191
1595,191
1595,192
1594,192
1594,193
1593,193
1593,194
1592,194
1592,195
1591,195
1591,196
1590,196
1590,197
1589,197
1589,198
1588,198
1588,200
1587,200
1587,201
1586,201
1586,203
1585,203
1585,205
1584,205
1584,208
1583,208
1583,215
1582,215
1582,217
1583,217
1583,223
1584,223
1584,226
1585,226
1585,228
1586,228
1586,229
1587,229
1587,230
1589,230
1589,231
1591,231
1591,232
1592,232
1592,233
1593,233
1593,234
1594,234
1594,235
1595,235
1595,236
1597,236
1597,237
1599,237
1599,238
1605,238
1605,239
1608,239
1608,240
1610,240
1610,241
1612,241
1612,242
1613,242
1613,244
1612,244
1612,246
1611,246
1611,249
1610,249
1610,250
1609,250
1609,251
1607,251
1607,252
1606,252
1606,253
1604,253
1604,254
1603,254
1603,255
1602,255
1602,256
1601,256
1601,257
1600,257
1600,258
1599,258
1599,260
1598,260
1598,261
1597,261
1597,263
1596,263
1596,265
1595,265
1595,268
1594,268
1594,272
1593,272
1593,281
1594,281
1594,285
1595,285
1595,287
1596,287
1596,288
1597,288
1597,290
1598,290
1598,292
1599,292
1599,293
1600,293
1600,294
1601,294
1601,295
1602,295
1602,296
1603,296
1603,297
1605,297
1605,298
1606,298
1606,299
1608,299
1608,300
1609,300
1609,301
1611,301
1611,302
1613,302
1613,303
1614,303
1614,304
1615,304
1615,305
1616,305
1616,306
1617,306
1617,307
1618,307
1618,308
1619,308
1619,310
1620,310
1620,311
1621,311
1621,313
1622,313
1622,314
1623,314
1623,315
1624,315
1624,316
1625,316
1625,317
1626,317
1626,318
1628,318
1628,319
1629,319
1629,320
1631,320
1631,321
1632,321
1632,322
1634,322
1634,323
1637,323
1637,324
1640,324
1640,325
1646,325
1646,326
1648,326
1648,325
1653,325
1653,329
1652,329
1652,331
1651,331
1651,334
1650,334
1650,338
1649,338
1649,340
1648,340
1648,342
1647,342
1647,346
1646,346
1646,354
1647,354
1647,357
1648,357
1648,359
1649,359
1649,361
1650,361
1650,364
1649,364
1649,365
1648,365
1648,366
1647,366
1647,370
1648,370
1648,372
1649,372
1649,373
1650,373
1650,374
1651,374
1651,375
1653,375
1653,376
1654,376
1654,377
1655,377
1655,378
1657,378
1657,379
1659,379
1659,380
1661,380
1661,379
1662,379
1662,374
1663,374
1663,373
1673,373
1673,372
1676,372
1676,371
1678,371
1678,370
1679,370
1679,369
1681,369
1681,368
1684,368
1684,369
1685,369
1685,370
1686,370
1686,375
1687,375
1687,378
1688,378
1688,380
1689,380
1689,382
1690,382
1690,383
1691,383
1691,385
1692,385
1692,388
1693,388
1693,389
1694,389
1694,391
1695,391
1695,393
1696,393
1696,394
1697,394
1697,395
1698,395
1698,396
1699,396
1699,397
1700,397
1700,398
1702,398
1702,399
1704,399
1704,400
1707,400
1707,399
1709,399
1709,400
1713,400
1713,401
1722,401
1722,400
1725,400
1725,401
1741,401
1741,400
1746,400
1746,399
1749,399
1749,398
1752,398
1752,397
1754,397
1754,396
1755,396
1755,395
1764,395
1764,398
1765,398
1765,402
1764,402
1764,404
1763,404
1763,405
1762,405
1762,407
1761,407
1761,408
1759,408
1759,409
1755,409
1755,408
1751,408
1751,409
1747,409
1747,410
1745,410
1745,411
1742,411
1742,412
1740,412
1740,413
1737,413
1737,414
1735,414
1735,415
1733,415
1733,416
1732,416
1732,417
1730,417
1730,418
1728,418
1728,419
1725,419
1725,420
1721,420
1721,421
1719,421
1719,420
1717,420
1717,419
1716,419
1716,417
1715,417
1715,416
1714,416
1714,415
1713,415
1713,413
1712,413
1712,412
1711,412
1711,411
1709,411
1709,410
1708,410
1708,409
1706,409
1706,408
1704,408
1704,407
1702,407
1702,406
1700,406
1700,405
1691,405
1691,406
1674,406
1674,407
1671,407
1671,408
1669,408
1669,409
1667,409
1667,410
1666,410
1666,411
1665,411
1665,412
1664,412
1664,413
1663,413
1663,414
1662,414
1662,415
1661,415
1661,417
1660,417
1660,418
1659,418
1659,420
1658,420
1658,421
1657,421
1657,424
1656,424
1656,434
1655,434
1655,437
1654,437
1654,438
1652,438
1652,439
1650,439
1650,440
1648,440
1648,441
1646,441
1646,442
1644,442
1644,443
1642,443
1642,444
1640,444
1640,445
1639,445
1639,446
1638,446
1638,447
1637,447
1637,448
1636,448
1636,449
1635,449
1635,450
1634,450
1634,452
1633,452
1633,454
1632,454
1632,456
1631,456
1631,459
1630,459
1630,470
1631,470
1631,472
1632,472
1632,473
1633,473
1633,474
1634,474
1634,475
1635,475
1635,476
1636,476
1636,477
1637,477
1637,478
1638,478
1638,479
1639,479
1639,480
1641,480
1641,481
1643,481
1643,482
1646,482
1646,483
1650,483
1650,484
1652,484
1652,485
1655,485
1655,486
1657,486
1657,487
1658,487
1658,488
1660,488
1660,489
1661,489
1661,490
1662,490
1662,494
1661,494
1661,497
1662,497
1662,500
1663,500
1663,502
1664,502
1664,504
1663,504
1663,505
1662,505
1662,506
1658,506
1658,505
1655,505
1655,504
1645,504
1645,503
1633,503
1633,502
1631,502
1631,501
1630,501
1630,500
1629,500
1629,498
1628,498
1628,497
1627,497
1627,495
1626,495
1626,494
1625,494
1625,492
1624,492
1624,486
1625,486
1625,482
1626,482
1626,469
1625,469
1625,466
1624,466
1624,464
1623,464
1623,462
1622,462
1622,461
1621,461
1621,460
1620,460
1620,459
1619,459
1619,458
1618,458
1618,457
1617,457
1617,456
1615,456
1615,455
1614,455
1614,454
1611,454
1611,453
1607,453
1607,452
1590,452
1590,451
1587,451
1587,449
1586,449
1586,445
1587,445
1587,442
1588,442
1588,429
1587,429
1587,426
1586,426
1586,424
1585,424
1585,422
1584,422
1584,421
1583,421
1583,420
1582,420
1582,418
1581,418
1581,417
1579,417
1579,416
1578,416
1578,415
1576,415
1576,414
1574,414
1574,413
1571,413
1571,412
1568,412
1568,411
1559,411
1559,412
1556,412
1556,413
1553,413
1553,414
1551,414
1551,415
1549,415
1549,416
1548,416
1548,417
1546,417
1546,418
1545,418
1545,419
1544,419
1544,421
1543,421
1543,422
1542,422
1542,424
1541,424
1541,426
1540,426
1540,429
1539,429
1539,433
1538,433
1538,436
1539,436
1539,442
1540,442
1540,444
1541,444
1541,446
1542,446
1542,448
1543,448
1543,449
1544,449
1544,451
1545,451
1545,454
1546,454
1546,456
1547,456
1547,457
1548,457
1548,469
1549,469
1549,472
1550,472
1550,475
1551,475
1551,477
1552,477
1552,478
1553,478
1553,480
1554,480
1554,481
1555,481
1555,482
1556,482
1556,483
1558,483
1558,484
1559,484
1559,485
1561,485
1561,486
1563,486
1563,487
1567,487
1567,488
1569,488
1569,489
1570,489
1570,490
1572,490
1572,491
1574,491
1574,492
1575,492
1575,496
1574,496
1574,498
1573,498
1573,504
1574,504
1574,507
1575,507
1575,510
1576,510
1576,512
1575,512
1575,513
1562,513
1562,512
1560,512
1560,511
1558,511
1558,510
1557,510
1557,509
1556,509
1556,508
1555,508
1555,507
1554,507
1554,506
1553,506
1553,505
1552,505
1552,504
1551,504
1551,503
1549,503
1549,502
1547,502
1547,501
1544,501
1544,500
1533,500
1533,501
1530,501
1530,502
1522,502
1522,501
1521,501
1521,500
1520,500
1520,485
1519,485
1519,481
1518,481
1518,478
1517,478
1517,476
1516,476
1516,474
1515,474
1515,473
1514,473
1514,472
1513,472
1513,471
1512,471
1512,470
1511,470
1511,469
1510,469
1510,468
1509,468
1509,467
1508,467
1508,466
1507,466
1507,465
1506,465
1506,464
1505,464
1505,463
1504,463
1504,461
1503,461
1503,456
1504,456
1504,450
1503,450
1503,444
1502,444
1502,442
1501,442
1501,440
1500,440
1500,439
1499,439
1499,438
1498,438
1498,437
1497,437
1497,436
1495,436
1495,435
1493,435
1493,434
1489,434
1489,433
1486,433
1486,432
1477,432
1477,433
1472,433
1472,434
1469,434
1469,435
1467,435
1467,436
1460,436
1460,437
1457,437
1457,436
1455,436
1455,435
1454,435
1454,432
1453,432
1453,430
1452,430
1452,428
1451,428
1451,427
1450,427
1450,426
1449,426
1449,425
1448,425
1448,424
1447,424
1447,423
1446,423
1446,422
1444,422
1444,421
1442,421
1442,420
1439,420
1439,419
1436,419
1436,418
1430,418
1430,417
1428,417
1428,416
1426,416
1426,415
1425,415
1425,414
1423,414
1423,413
1421,413
1421,412
1419,412
1419,411
1416,411
1416,410
1403,410
1403,411
1400,411
1400,412
1394,412
1394,413
1390,413
1390,412
1387,412
1387,413
1381,413
1381,414
1378,414
1378,415
1376,415
1376,416
1375,416
1375,417
1373,417
1373,418
1372,418
1372,419
1370,419
1370,420
1369,420
1369,421
1368,421
1368,422
1367,422
1367,424
1366,424
1366,425
1365,425
1365,427
1364,427
1364,429
1363,429
1363,432
1362,432
1362,435
1361,435
1361,442
1362,442
1362,446
1363,446
1363,449
1364,449
1364,451
1365,451
1365,453
1366,453
1366,455
1367,455
1367,456
1368,456
1368,457
1369,457
1369,458
1370,458
1370,459
1371,459
1371,460
1372,460
1372,461
1374,461
1374,462
1375,462
1375,466
1374,466
1374,468
1373,468
1373,469
1372,469
1372,470
1371,470
1371,471
1370,471
1370,473
1369,473
1369,474
1368,474
1368,476
1367,476
1367,477
1366,477
1366,479
1365,479
1365,481
1364,481
1364,483
1363,483
1363,485
1362,485
1362,488
1361,488
1361,492
1360,492
1360,504
1361,504
1361,508
1362,508
1362,510
1363,510
1363,512
1364,512
1364,514
1365,514
1365,515
1366,515
1366,516
1367,516
1367,517
1369,517
1369,518
1370,518
1370,519
1371,519
1371,520
1373,520
1373,521
1375,521
1375,522
1378,522
1378,523
1383,523
1383,524
1386,524
1386,525
1388,525
1388,527
1389,527
1389,528
1390,528
1390,533
1389,533
1389,540
1390,540
1390,545
1391,545
1391,548
1392,548
1392,551
1393,551
1393,554
1394,554
1394,556
1395,556
1395,557
1396,557
1396,558
1397,558
1397,559
1398,559
1398,560
1399,560
1399,561
1400,561
1400,562
1401,562
1401,564
1399,564
1399,565
1397,565
1397,566
1395,566
1395,567
1394,567
1394,568
1393,568
1393,569
1392,569
1392,570
1391,570
1391,571
1390,571
1390,572
1389,572
1389,573
1388,573
1388,574
1387,574
1387,576
1386,576
1386,578
1385,578
1385,579
1384,579
1384,581
1383,581
1383,583
1382,583
1382,584
1381,584
1381,585
1380,585
1380,587
1379,587
1379,589
1378,589
1378,590
1377,590
1377,592
1376,592
1376,595
1375,595
1375,596
1374,596
1374,598
1373,598
1373,601
1372,601
1372,608
1373,608
1373,611
1374,611
1374,614
1375,614
1375,616
1376,616
1376,618
1377,618
1377,619
1378,619
1378,621
1379,621
1379,622
1380,622
1380,623
1381,623
1381,624
1383,624
1383,625
1384,625
1384,626
1386,626
1386,627
1388,627
1388,628
1390,628
1390,629
1394,629
1394,630
1399,630
1399,629
1404,629
1404,628
1407,628
1407,627
1409,627
1409,626
1411,626
1411,625
1412,625
1412,624
1414,624
1414,623
1415,623
1415,622
1416,622
1416,621
1417,621
1417,620
1418,620
1418,618
1419,618
1419,617
1420,617
1420,615
1421,615
1421,613
1422,613
1422,611
1423,611
1423,606
1424,606
1424,599
1423,599
1423,593
1424,593
1424,585
1423,585
1423,583
1422,583
1422,581
1421,581
1421,579
1420,579
1420,577
1419,577
1419,575
1418,575
1418,574
1417,574
1417,573
1416,573
1416,572
1415,572
1415,571
1414,571
1414,570
1413,570
1413,569
1412,569
1412,568
1411,568
1411,567
1410,567
1410,566
1408,566
1408,565
1407,565
1407,563
1409,563
1409,562
1412,562
1412,561
1414,561
1414,560
1415,560
1415,559
1417,559
1417,558
1418,558
1418,557
1425,557
1425,556
1429,556
1429,557
1431,557
1431,556
1432,556
1432,555
1434,555
1434,553
1435,553
1435,551
1436,551
1436,541
1435,541
1435,539
1434,539
1434,537
1433,537
1433,536
1429,536
1429,535
1428,535
1428,534
1426,534
1426,533
1423,533
1423,531
1422,531
1422,526
1423,526
1423,525
1424,525
1424,524
1425,524
1425,523
1426,523
1426,522
1427,522
1427,521
1428,521
1428,519
1429,519
1429,516
1430,516
1430,513
1431,513
1431,508
1432,508
1432,504
1431,504
1431,497
1430,497
1430,493
1429,493
1429,491
1428,491
1428,489
1427,489
1427,488
1425,488
1425,487
1424,487
1424,486
1423,486
1423,485
1421,485
1421,484
1420,484
1420,483
1419,483
1419,481
1418,481
1418,480
1417,480
1417,479
1414,479
1414,478
1413,478
1413,477
1412,477
1412,476
1411,476
1411,475
1410,475
1410,474
1409,474
1409,473
1408,473
1408,472
1407,472
1407,471
1406,471
1406,470
1405,470
1405,469
1404,469
1404,468
1403,468
1403,467
1402,467
1402,464
1403,464
1403,463
1404,463
1404,462
1405,462
1405,461
1407,461
1407,460
1410,460
1410,459
1414,459
1414,458
1415,458
1415,459
1418,459
1418,460
1421,460
1421,461
1425,461
1425,462
1440,462
1440,461
1443,461
1443,460
1445,460
1445,459
1447,459
1447,458
1448,458
1448,457
1450,457
1450,458
1453,458
1453,459
1454,459
1454,460
1455,460
1455,461
1456,461
1456,462
1460,462
1460,463
1462,463
1462,464
1464,464
1464,465
1465,465
1465,467
1466,467
1466,472
1465,472
1465,480
1464,480
1464,484
1463,484
1463,488
1462,488
1462,491
1461,491
1461,494
1460,494
1460,507
1461,507
1461,510
1462,510
1462,512
1463,512
1463,514
1464,514
1464,515
1465,515
1465,517
1466,517
1466,518
1467,518
1467,519
1468,519
1468,520
1469,520
1469,521
1471,521
1471,522
1472,522
1472,523
1474,523
1474,524
1477,524
1477,525
1480,525
1480,526
1487,526
1487,527
1489,527
1489,528
1490,528
1490,529
1491,529
1491,530
1492,530
1492,531
1493,531
1493,532
1494,532
1494,533
1496,533
1496,534
1498,534
1498,535
1500,535
1500,536
1502,536
1502,537
1504,537
1504,538
1515,538
1515,537
1518,537
1518,536
1521,536
1521,535
1527,535
1527,536
1528,536
1528,537
1529,537
1529,538
1530,538
1530,539
1531,539
1531,540
1532,540
1532,541
1533,541
1533,543
1534,543
1534,544
1535,544
1535,545
1536,545
1536,547
1537,547
1537,548
1538,548
1538,549
1539,549
1539,550
1540,550
1540,551
1541,551
1541,552
1543,552
1543,553
1544,553
1544,554
1547,554
1547,555
1550,555
1550,556
1558,556
1558,555
1563,555
1563,554
1565,554
1565,553
1567,553
1567,552
1568,552
1568,551
1570,551
1570,550
1571,550
1571,549
1572,549
1572,548
1573,548
1573,546
1574,546
1574,545
1575,545
1575,543
1576,543
1576,540
1577,540
1577,534
1578,534
1578,528
1580,528
1580,527
1583,527
1583,526
1586,526
1586,527
1590,527
1590,528
1592,528
1592,529
1594,529
1594,530
1595,530
1595,531
1596,531
1596,532
1597,532
1597,533
1598,533
1598,534
1600,534
1600,535
1601,535
1601,536
1602,536
1602,537
1603,537
1603,538
1604,538
1604,539
1605,539
1605,543
1602,543
1602,544
1598,544
1598,545
1596,545
1596,546
1594,546
1594,547
1592,547
1592,548
1591,548
1591,549
1590,549
1590,550
1589,550
1589,551
1588,551
1588,552
1587,552
1587,553
1586,553
1586,555
1585,555
1585,556
1584,556
1584,558
1583,558
1583,561
1582,561
1582,564
1581,564
1581,567
1580,567
1580,568
1579,568
1579,569
1570,569
1570,570
1566,570
1566,571
1564,571
1564,572
1562,572
1562,573
1560,573
1560,574
1559,574
1559,575
1558,575
1558,576
1557,576
1557,577
1556,577
1556,579
1555,579
1555,580
1554,580
1554,582
1553,582
1553,583
1552,583
1552,584
1550,584
1550,585
1547,585
1547,584
1537,584
1537,585
1532,585
1532,586
1528,586
1528,587
1524,587
1524,588
1519,588
1519,589
1516,589
1516,590
1515,590
1515,591
1513,591
1513,590
1512,590
1512,589
1511,589
1511,588
1510,588
1510,586
1509,586
1509,585
1507,585
1507,584
1505,584
1505,583
1500,583
1500,584
1498,584
1498,585
1497,585
1497,586
1496,586
1496,588
1495,588
1495,593
1494,593
1494,599
1493,599
1493,606
1492,606
1492,607
1491,607
1491,609
1490,609
1490,611
1489,611
1489,613
1488,613
1488,618
1489,618
1489,620
1490,620
1490,633
1491,633
1491,636
1492,636
1492,638
1493,638
1493,640
1494,640
1494,642
1495,642
1495,643
1496,643
1496,644
1498,644
1498,645
1500,645
1500,646
1510,646
1510,645
1512,645
1512,644
1515,644
1515,643
1517,643
1517,644
1518,644
1518,646
1519,646
1519,647
1520,647
1520,648
1521,648
1521,649
1522,649
1522,651
1521,651
1521,653
1520,653
1520,654
1519,654
1519,656
1518,656
1518,657
1517,657
1517,658
1516,658
1516,660
1515,660
1515,662
1514,662
1514,665
1513,665
1513,676
1514,676
1514,679
1515,679
1515,681
1516,681
1516,682
1517,682
1517,684
1518,684
1518,685
1519,685
1519,686
1520,686
1520,687
1522,687
1522,689
1523,689
1523,694
1522,694
1522,700
1521,700
1521,703
1520,703
1520,705
1519,705
1519,706
1514,706
1514,707
1510,707
1510,708
1509,708
1509,709
1507,709
1507,710
1505,710
1505,711
1504,711
1504,712
1503,712
1503,713
1502,713
1502,715
1501,715
1501,717
1500,717
1500,719
1499,719
1499,722
1498,722
1498,723
1497,723
1497,725
1495,725
1495,726
1494,726
1494,728
1493,728
1493,730
1492,730
1492,732
1493,732
1493,739
1494,739
1494,741
1493,741
1493,743
1492,743
1492,745
1491,745
1491,747
1490,747
1490,749
1489,749
1489,751
1488,751
1488,753
1487,753
1487,754
1486,754
1486,756
1485,756
1485,762
1486,762
1486,764
1487,764
1487,766
1488,766
1488,769
1489,769
1489,772
1490,772
1490,777
1491,777
1491,780
1492,780
1492,783
1493,783
1493,784
1494,784
1494,785
1495,785
1495,786
1496,786
1496,787
1497,787
1497,788
1500,788
1500,789
1504,789
1504,790
1505,790
1505,794
1506,794
1506,795
1507,795
1507,799
1508,799
1508,802
1509,802
1509,803
1510,803
1510,805
1511,805
1511,806
1512,806
1512,808
1513,808
1513,809
1514,809
1514,810
1515,810
1515,811
1516,811
1516,812
1518,812
1518,813
1519,813
1519,814
1522,814
1522,815
1524,815
1524,816
1526,816
1526,815
1529,815
1529,816
1530,816
1530,815
1534,815
1534,814
1537,814
1537,813
1539,813
1539,812
1540,812
1540,811
1541,811
1541,810
1542,810
1542,809
1543,809
1543,808
1544,808
1544,806
1545,806
1545,804
1546,804
1546,791
1545,791
1545,788
1544,788
1544,786
1543,786
1543,785
1542,785
1542,783
1541,783
1541,782
1540,782
1540,781
1538,781
1538,780
1537,780
1537,779
1535,779
1535,778
1533,778
1533,777
1531,777
1531,776
1529,776
1529,775
1526,775
1526,774
1524,774
1524,773
1522,773
1522,772
1521,772
1521,770
1520,770
1520,766
1519,766
1519,762
1518,762
1518,759
1517,759
1517,756
1516,756
1516,754
1515,754
1515,753
1514,753
1514,750
1515,750
1515,749
1519,749
1519,748
1521,748
1521,747
1523,747
1523,746
1525,746
1525,745
1527,745
1527,744
1528,744
1528,743
1530,743
1530,742
1531,742
1531,741
1532,741
1532,740
1533,740
1533,739
1534,739
1534,737
1535,737
1535,736
1536,736
1536,734
1537,734
1537,732
1538,732
1538,731
1539,731
1539,730
1540,730
1540,729
1541,729
1541,728
1547,728
1547,727
1552,727
1552,726
1554,726
1554,725
1557,725
1557,724
1559,724
1559,723
1560,723
1560,722
1562,722
1562,721
1563,721
1563,720
1565,720
1565,719
1567,719
1567,718
1568,718
1568,717
1569,717
1569,716
1570,716
1570,715
1571,715
1571,714
1572,714
1572,712
1573,712
1573,710
1574,710
1574,708
1575,708
1575,706
1576,706
1576,703
1577,703
1577,701
1578,701
1578,699
1579,699
1579,694
1580,694
1580,692
1582,692
1582,693
1583,693
1583,694
1584,694
1584,697
1585,697
1585,700
1586,700
1586,702
1587,702
1587,704
1588,704
1588,706
1589,706
1589,707
1590,707
1590,708
1591,708
1591,709
1593,709
1593,710
1594,710
1594,711
1596,711
1596,712
1599,712
1599,713
1603,713
1603,714
1611,714
1611,713
1615,713
1615,714
1619,714
1619,715
1622,715
1622,716
1629,716
1629,717
1631,717
1631,723
1632,723
1632,724
1633,724
1633,725
1635,725
1635,726
1641,726
1641,727
1643,727
1643,728
1644,728
1644,729
1645,729
1645,731
1646,731
1646,732
1647,732
1647,734
1648,734
1648,735
1649,735
1649,736
1650,736
1650,737
1651,737
1651,738
1652,738
1652,739
1653,739
1653,740
1654,740
1654,741
1655,741
1655,742
1657,742
1657,743
1659,743
1659,744
1661,744
1661,745
1663,745
1663,746
1664,746
1664,759
1665,759
1665,762
1666,762
1666,765
1667,765
1667,766
1668,766
1668,768
1669,768
1669,769
1670,769
1670,770
1671,770
1671,771
1672,771
1672,772
1673,772
1673,773
1675,773
1675,774
1676,774
1676,775
1678,775
1678,776
1679,776
1679,777
1680,777
1680,780
1681,780
1681,787
1682,787
1682,790
1683,790
1683,792
1684,792
1684,794
1685,794
1685,795
1686,795
1686,796
1687,796
1687,797
1688,797
1688,798
1689,798
1689,799
1690,799
1690,800
1691,800
1691,801
1693,801
1693,802
1695,802
1695,803
1698,803
1698,804
1701,804
1701,805
1706,805
1706,806
1729,806
1729,805
1732,805
1732,804
1735,804
1735,803
1736,803
1736,802
1738,802
1738,801
1739,801
1739,800
1740,800
1740,799
1741,799
1741,797
1742,797
1742,796
1743,796
1743,794
1744,794
1744,792
1745,792
1745,791
1746,791
1746,789
1747,789
1747,787
1748,787
1748,785
1749,785
1749,783
1750,783
1750,781
1751,781
1751,779
1752,779
1752,777
1753,777
1753,773
1754,773
1754,769
1755,769
1755,759
1754,759
1754,755
1753,755
1753,753
1752,753
1752,751
1753,751
1753,750
1755,750
1755,749
1757,749
1757,748
1758,748
1758,747
1760,747
1760,746
1762,746
1762,745
1763,745
1763,744
1765,744
1765,743
1766,743
1766,742
1767,742
1767,740
1768,740
1768,739
1769,739
1769,738
1770,738
1770,737
1771,737
1771,735
1772,735
1772,733
1773,733
1773,732
1774,732
1774,729
1775,729
1775,727
1776,727
1776,725
1777,725
1777,724
1779,724
1779,723
1788,723
1788,724
1792,724
1792,725
1795,725
1795,726
1796,726
1796,727
1797,727
1797,729
1798,729
1798,730
1799,730
1799,732
1800,732
1800,734
1801,734
1801,735
1802,735
1802,736
1803,736
1803,738
1804,738
1804,739
1805,739
1805,740
1806,740
1806,741
1807,741
1807,742
1809,742
1809,743
1810,743
1810,744
1812,744
1812,745
1814,745
1814,746
1816,746
1816,747
1819,747
1819,748
1823,748
1823,749
1830,749
1830,750
1836,750
1836,751
1837,751
1837,758
1838,758
1838,764
1839,764
1839,768
1840,768
1840,770
1841,770
1841,773
1842,773
1842,774
1843,774
1843,776
1844,776
1844,777
1845,777
1845,778
1846,778
1846,779
1847,779
1847,780
1848,780
1848,781
1850,781
1850,782
1851,782
1851,783
1853,783
1853,784
1855,784
1855,785
1858,785
1858,786
1863,786
1863,787
1867,787
1867,786
1871,786
1871,785
1874,785
1874,784
1876,784
1876,783
1878,783
1878,782
1879,782
1879,781
1881,781
1881,780
1882,780
1882,779
1883,779
1883,777
1884,777
1884,776
1885,776
1885,775
1886,775
1886,773
1887,773
1887,770
1888,770
1888,766
1889,766
1889,757
1888,757
1888,750
1887,750
1887,749
1888,749
1888,748
1892,748
1892,747
1895,747
1895,746
1903,746
1903,747
1917,747
1917,748
1922,748
1922,749
1926,749
1926,748
1931,748
1931,747
1934,747
1934,746
1936,746
1936,745
1938,745
1938,744
1943,744
1943,745
1944,745
1944,746
1945,746
1945,747
1946,747
1946,748
1947,748
1947,749
1949,749
1949,750
1951,750
1951,751
1954,751
1954,752
1957,752
1957,753
1960,753
1960,754
1963,754
1963,755
1969,755
1969,756
1976,756
1976,755
1981,755
1981,754
1983,754
1983,753
1985,753
1985,752
1987,752
1987,751
1988,751
1988,750
1989,750
1989,749
1990,749
1990,748
1991,748
1991,747
1992,747
1992,746
1993,746
1993,745
1994,745
1994,743
1995,743
1995,741
1996,741
1996,738
1997,738
1997,734
1998,734
1998,729
1997,729
1997,727
1998,727
1998,726
1999,726
1999,725
2001,725
2001,724
2003,724
2003,723
2005,723
2005,722
2007,722
2007,721
2009,721
2009,720
2010,720
2010,719
2011,719
2011,718
2013,718
2013,717
2014,717
2014,716
2016,716
2016,715
2037,715
2037,714
2040,714
2040,713
2042,713
2042,712
2044,712
2044,711
2048,711
2048,710
2054,710
2054,709
2055,709
2055,708
2057,708
2057,707
2058,707
2058,706
2059,706
2059,704
2060,704
2060,701
2061,701
2061,692
2060,692
2060,688
2059,688
2059,686
2058,686
2058,684
2057,684
2057,682
2056,682
2056,680
2055,680
2055,678
2054,678
2054,676
2053,676
2053,674
2052,674
2052,672
2051,672
2051,671
2050,671
2050,669
2049,669
2049,668
2048,668
2048,667
2047,667
2047,663
2054,663
2054,662
2059,662
2059,661
2062,661
2062,662
2063,662
2063,667
2064,667
2064,669
2065,669
2065,671
2066,671
2066,672
2067,672
2067,673
2068,673
2068,674
2069,674
2069,675
2070,675
2070,677
2071,677
2071,678
2072,678
2072,680
2073,680
2073,681
2074,681
2074,683
2075,683
2075,685
2076,685
2076,688
2077,688
2077,694
2076,694
2076,696
2075,696
2075,699
2074,699
2074,702
2073,702
2073,706
2072,706
2072,708
2071,708
2071,712
2068,712
2068,713
2067,713
2067,714
2065,714
2065,716
2064,716
2064,717
2063,717
2063,721
2064,721
2064,723
2065,723
2065,726
2066,726
2066,727
2067,727
2067,729
2068,729
2068,730
2069,730
2069,731
2070,731
2070,732
2071,732
2071,733
2072,733
2072,734
2074,734
2074,735
2076,735
2076,736
2078,736
2078,737
2082,737
2082,738
2089,738
2089,739
2092,739
2092,738
2095,738
2095,737
2102,737
2102,738
2105,738
2105,739
2108,739
2108,740
2111,740
2111,741
2114,741
2114,742
2117,742
2117,743
2119,743
2119,744
2122,744
2122,745
2124,745
2124,746
2126,746
2126,747
2128,747
2128,748
2130,748
2130,749
2133,749
2133,750
2137,750
2137,751
2147,751
2147,750
2151,750
2151,749
2153,749
2153,748
2155,748
2155,747
2156,747
2156,746
2158,746
2158,745
2159,745
2159,743
2160,743
2160,742
2161,742
2161,741
2162,741
2162,739
2163,739
2163,737
2164,737
2164,734
2165,734
2165,730
2166,730
2166,726
2167,726
2167,717
2168,717
2168,714
2169,714
2169,713
2173,713
2173,712
2176,712
2176,711
2179,711
2179,712
2181,712
2181,713
2183,713
2183,714
2184,714
2184,715
2185,715
2185,716
2187,716
2187,717
2188,717
2188,718
2189,718
2189,721
2188,721
2188,722
2187,722
2187,723
2186,723
2186,725
2185,725
2185,727
2184,727
2184,729
2183,729
2183,732
2182,732
2182,734
2181,734
2181,736
2180,736
2180,738
2179,738
2179,740
2178,740
2178,746
2179,746
2179,750
2178,750
2178,751
2176,751
2176,752
2175,752
2175,753
2173,753
2173,754
2172,754
2172,755
2170,755
2170,756
2168,756
2168,757
2166,757
2166,758
2165,758
2165,759
2164,759
2164,761
2163,761
2163,762
2162,762
2162,765
2161,765
2161,771
2160,771
2160,775
2161,775
2161,780
2162,780
2162,783
2163,783
2163,785
2164,785
2164,787
2165,787
2165,788
2166,788
2166,789
2167,789
2167,790
2168,790
2168,791
2169,791
2169,792
2171,792
2171,793
2174,793
2174,794
2179,794
2179,795
2180,795
2180,794
2188,794
2188,793
2191,793
2191,792
2194,792
2194,791
2196,791
2196,790
2198,790
2198,789
2200,789
2200,788
2201,788
2201,787
2203,787
2203,786
2204,786
2204,785
2205,785
2205,784
2206,784
2206,783
2207,783
2207,782
2209,782
2209,783
2211,783
2211,784
2212,784
2212,785
2213,785
2213,786
2215,786
2215,785
2218,785
2218,784
2220,784
2220,783
2227,783
2227,784
2230,784
2230,785
2233,785
2233,786
2242,786
2242,785
2244,785
2244,784
2245,784
2245,783
2247,783
2247,782
2248,782
2248,780
2249,780
2249,779
2250,779
2250,777
2251,777
2251,776
2252,776
2252,775
2253,775
2253,774
2255,774
2255,775
2260,775
2260,776
2264,776
2264,777
2266,777
2266,778
2270,778
2270,779
2281,779
2281,778
2284,778
2284,777
2286,777
2286,776
2288,776
2288,775
2290,775
2290,774
2291,774
2291,773
2292,773
2292,772
2294,772
2294,771
2300,771
2300,772
2310,772
2310,773
2321,773
2321,772
2324,772
2324,771
2327,771
2327,770
2329,770
2329,769
2331,769
2331,768
2333,768
2333,767
2335,767
2335,766
2336,766
2336,765
2337,765
2337,764
2338,764
2338,763
2340,763
2340,762
2341,762
2341,760
2342,760
2342,759
2343,759
2343,757
2344,757
2344,754
2345,754
2345,750
2346,750
2346,745
2345,745
2345,742
2346,742
2346,740
2348,740
2348,739
2349,739
2349,738
2351,738
2351,737
2352,737
2352,736
2353,736
2353,735
2355,735
2355,734
2356,734
2356,733
2357,733
2357,732
2358,732
2358,731
2359,731
2359,729
2360,729
2360,728
2361,728
2361,727
2362,727
2362,725
2363,725
2363,724
2364,724
2364,723
2365,723
2365,722
2366,722
2366,721
2367,721
2367,720
2368,720
2368,719
2371,719
2371,725
2370,725
2370,726
2369,726
2369,728
2368,728
2368,730
2367,730
2367,735
2366,735
2366,744
2365,744
2365,746
2364,746
2364,748
2363,748
2363,750
2362,750
2362,752
2361,752
2361,755
2360,755
2360,759
2359,759
2359,765
2358,765
2358,766
2345,766
2345,767
2341,767
2341,768
2339,768
2339,769
2337,769
2337,770
2336,770
2336,771
2335,771
2335,772
2334,772
2334,773
2333,773
2333,775
2332,775
2332,777
2331,777
2331,779
2330,779
2330,784
2329,784
2329,795
2330,795
2330,799
2331,799
2331,801
2332,801
2332,804
2333,804
2333,805
2327,805
2327,804
2315,804
2315,805
2312,805
2312,806
2310,806
2310,807
2309,807
2309,808
2308,808
2308,809
2306,809
2306,811
2305,811
2305,812
2304,812
2304,813
2303,813
2303,815
2302,815
2302,816
2301,816
2301,820
2300,820
2300,825
2299,825
2299,833
2300,833
2300,836
2301,836
2301,838
2302,838
2302,840
2303,840
2303,841
2304,841
2304,843
2305,843
2305,844
2306,844
2306,845
2307,845
2307,846
2309,846
2309,847
2310,847
2310,848
2313,848
2313,849
2316,849
2316,850
2326,850
2326,849
2330,849
2330,848
2332,848
2332,847
2334,847
2334,846
2335,846
2335,845
2336,845
2336,844
2337,844
2337,843
2338,843
2338,842
2339,842
2339,841
2340,841
2340,840
2341,840
2341,838
2342,838
2342,836
2343,836
2343,833
2344,833
2344,821
2343,821
2343,818
2342,818
2342,814
2345,814
2345,815
2363,815
2363,814
2366,814
2366,813
2368,813
2368,812
2370,812
2370,811
2371,811
2371,810
2373,810
2373,809
2374,809
2374,807
2375,807
2375,806
2376,806
2376,804
2377,804
2377,803
2378,803
2378,800
2379,800
2379,797
2380,797
2380,794
2381,794
2381,793
2389,793
2389,792
2394,792
2394,791
2399,791
2399,790
2402,790
2402,789
2404,789
2404,788
2406,788
2406,787
2408,787
2408,786
2410,786
2410,785
2412,785
2412,784
2413,784
2413,783
2415,783
2415,782
2416,782
2416,781
2417,781
2417,779
2418,779
2418,778
2419,778
2419,776
2420,776
2420,774
2421,774
2421,770
2422,770
2422,733
2423,733
2423,732
2424,732
2424,731
2426,731
2426,730
2428,730
2428,729
2431,729
2431,728
2432,728
2432,727
2434,727
2434,726
2435,726
2435,725
2436,725
2436,724
2437,724
2437,723
2438,723
2438,722
2439,722
2439,721
2440,721
2440,719
2441,719
2441,717
2442,717
2442,715
2443,715
2443,712
2444,712
2444,698
2443,698
2443,695
2442,695
2442,692
2441,692
2441,690
2440,690
2440,688
2439,688
2439,687
2438,687
2438,686
2437,686
2437,685
2436,685
2436,683
2434,683
2434,682
2433,682
2433,681
2432,681
2432,680
2430,680
2430,679
2428,679
2428,678
2426,678
2426,677
2423,677
2423,676
2417,676
2417,675
2413,675
2413,676
2407,676
2407,677
2404,677
2404,678
2401,678
2401,679
2399,679
2399,680
2398,680
2398,681
2396,681
2396,682
2395,682
2395,683
2394,683
2394,684
2393,684
2393,685
2392,685
2392,686
2391,686
2391,687
2390,687
2390,688
2388,688
2388,689
2385,689
2385,690
2384,690
2384,689
2380,689
2380,688
2378,688
2378,687
2375,687
2375,685
2374,685
2374,683
2373,683
2373,681
2372,681
2372,679
2371,679
2371,678
2370,678
2370,677
2369,677
2369,675
2368,675
2368,674
2367,674
2367,673
2366,673
2366,672
2364,672
2364,671
2363,671
2363,670
2362,670
2362,669
2360,669
2360,668
2358,668
2358,667
2356,667
2356,666
2352,666
2352,665
2340,665
2340,666
2337,666
2337,667
2335,667
2335,668
2333,668
2333,669
2332,669
2332,670
2330,670
2330,671
2329,671
2329,672
2328,672
2328,673
2327,673
2327,674
2326,674
2326,676
2325,676
2325,677
2324,677
2324,678
2323,678
2323,679
2321,679
2321,680
2304,680
2304,681
2301,681
2301,682
2299,682
2299,683
2297,683
2297,684
2295,684
2295,685
2294,685
2294,686
2293,686
2293,687
2291,687
2291,688
2290,688
2290,689
2289,689
2289,690
2288,690
2288,691
2286,691
2286,692
2284,692
2284,691
2282,691
2282,690
2281,690
2281,689
2280,689
2280,688
2279,688
2279,687
2275,687
2275,686
2271,686
2271,684
2272,684
2272,682
2273,682
2273,681
2275,681
2275,679
2276,679
2276,678
2277,678
2277,676
2278,676
2278,674
2279,674
2279,673
2280,673
2280,671
2281,671
2281,669
2282,669
2282,664
2283,664
2283,661
2282,661
2282,656
2281,656
2281,653
2280,653
2280,651
2279,651
2279,650
2278,650
2278,649
2276,649
2276,648
2275,648
2275,647
2273,647
2273,646
2272,646
2272,645
2271,645
2271,644
2269,644
2269,643
2268,643
2268,642
2267,642
2267,641
2265,641
2265,640
2264,640
2264,639
2263,639
2263,637
2262,637
2262,635
2263,635
2263,631
2264,631
2264,629
2265,629
2265,628
2266,628
2266,627
2268,627
2268,626
2269,626
2269,627
2272,627
2272,628
2273,628
2273,629
2274,629
2274,630
2276,630
2276,631
2277,631
2277,632
2279,632
2279,633
2281,633
2281,634
2285,634
2285,635
2290,635
2290,636
2299,636
2299,635
2305,635
2305,634
2309,634
2309,633
2311,633
2311,632
2313,632
2313,631
2314,631
2314,630
2316,630
2316,629
2317,629
2317,628
2318,628
2318,627
2319,627
2319,626
2320,626
2320,624
2321,624
2321,623
2322,623
2322,620
2323,620
2323,610
2322,610
2322,607
2321,607
2321,606
2320,606
2320,604
2319,604
2319,602
2318,602
2318,601
2317,601
2317,599
2316,599
2316,598
2315,598
2315,597
2313,597
2313,596
2312,596
2312,595
2310,595
2310,594
2309,594
2309,593
2306,593
2306,592
2304,592
2304,591
2301,591
2301,590
2300,590
2300,589
2299,589
2299,588
2298,588
2298,584
2301,584
2301,585
2306,585
2306,586
2316,586
2316,585
2321,585
2321,584
2324,584
2324,583
2327,583
2327,582
2329,582
2329,581
2334,581
2334,582
2335,582
2335,583
2336,583
2336,584
2337,584
2337,586
2338,586
2338,587
2339,587
2339,588
2340,588
2340,589
2342,589
2342,590
2345,590
2345,591
2347,591
2347,592
2348,592
2348,593
2350,593
2350,594
2351,594
2351,595
2353,595
2353,596
2355,596
2355,597
2357,597
2357,598
2360,598
2360,599
2366,599
2366,600
2367,600
2367,601
2369,601
2369,603
2370,603
2370,605
2369,605
2369,608
2368,608
2368,612
2367,612
2367,614
2366,614
2366,617
2365,617
2365,622
2364,622
2364,626
2365,626
2365,631
2366,631
2366,633
2367,633
2367,635
2368,635
2368,636
2369,636
2369,637
2370,637
2370,638
2371,638
2371,639
2373,639
2373,640
2374,640
2374,641
2375,641
2375,642
2376,642
2376,643
2377,643
2377,644
2378,644
2378,645
2380,645
2380,646
2382,646
2382,647
2394,647
2394,646
2396,646
2396,645
2398,645
2398,644
2400,644
2400,643
2401,643
2401,642
2402,642
2402,641
2404,641
2404,640
2409,640
2409,641
2411,641
2411,642
2414,642
2414,643
2416,643
2416,644
2418,644
2418,645
2419,645
2419,646
2420,646
2420,647
2421,647
2421,648
2422,648
2422,650
2424,650
2424,651
2425,651
2425,652
2428,652
2428,653
2432,653
2432,655
2433,655
2433,659
2434,659
2434,662
2435,662
2435,663
2436,663
2436,664
2437,664
2437,665
2439,665
2439,666
2442,666
2442,667
2449,667
2449,666
2452,666
2452,1012
2451,1012
2451,1011
2447,1011
2447,1010
2437,1010
2437,1011
2434,1011
2434,1012
2431,1012
2431,1013
2429,1013
2429,1014
2428,1014
2428,1015
2426,1015
2426,1016
2425,1016
2425,1017
2424,1017
2424,1018
2423,1018
2423,1019
2422,1019
2422,1020
2421,1020
2421,1022
2420,1022
2420,1023
2419,1023
2419,1025
2418,1025
2418,1028
2417,1028
2417,1032
2416,1032
2416,1041
2417,1041
2417,1044
2418,1044
2418,1047
2419,1047
2419,1049
2420,1049
2420,1050
2421,1050
2421,1052
2422,1052
2422,1053
2423,1053
2423,1054
2424,1054
2424,1055
2425,1055
2425,1056
2426,1056
2426,1057
2427,1057
2427,1058
2429,1058
2429,1059
2431,1059
2431,1060
2433,1060
2433,1061
2436,1061
2436,1062
2450,1062
2450,1061
2452,1061
2452,1658
2450,1658
2450,1657
2445,1657
2445,1656
2442,1656
2442,1655
2436,1655
2436,1654
2434,1654
2434,1653
2433,1653
2433,1652
2432,1652
2432,1650
2433,1650
2433,1649
2434,1649
2434,1648
2435,1648
2435,1647
2436,1647
2436,1646
2437,1646
2437,1645
2438,1645
2438,1644
2439,1644
2439,1643
2440,1643
2440,1642
2441,1642
2441,1640
2442,1640
2442,1639
2443,1639
2443,1637
2444,1637
2444,1634
2445,1634
2445,1627
2446,1627
2446,1616
2445,1616
2445,1611
2444,1611
2444,1609
2443,1609
2443,1607
2442,1607
2442,1605
2441,1605
2441,1604
2440,1604
2440,1603
2439,1603
2439,1602
2438,1602
2438,1601
2437,1601
2437,1600
2436,1600
2436,1599
2435,1599
2435,1598
2434,1598
2434,1597
2433,1597
2433,1596
2432,1596
2432,1595
2431,1595
2431,1593
2430,1593
2430,1591
2429,1591
2429,1589
2428,1589
2428,1588
2427,1588
2427,1587
2426,1587
2426,1585
2425,1585
2425,1584
2424,1584
2424,1582
2423,1582
2423,1581
2422,1581
2422,1579
2421,1579
2421,1578
2420,1578
2420,1577
2419,1577
2419,1576
2418,1576
2418,1575
2417,1575
2417,1574
2416,1574
2416,1573
2415,1573
2415,1572
2414,1572
2414,1571
2412,1571
2412,1570
2411,1570
2411,1569
2409,1569
2409,1568
2406,1568
2406,1567
2393,1567
2393,1568
2390,1568
2390,1569
2388,1569
2388,1570
2386,1570
2386,1571
2384,1571
2384,1572
2383,1572
2383,1573
2381,1573
2381,1574
2380,1574
2380,1575
2379,1575
2379,1577
2378,1577
2378,1578
2377,1578
2377,1580
2376,1580
2376,1583
2375,1583
2375,1587
2374,1587
2374,1594
2375,1594
2375,1598
2376,1598
2376,1601
2377,1601
2377,1603
2378,1603
2378,1605
2379,1605
2379,1609
2378,1609
2378,1611
2377,1611
2377,1613
2376,1613
2376,1616
2375,1616
2375,1618
2374,1618
2374,1619
2373,1619
2373,1621
2372,1621
2372,1622
2370,1622
2370,1623
2368,1623
2368,1624
2365,1624
2365,1625
2361,1625
2361,1626
2359,1626
2359,1627
2357,1627
2357,1628
2356,1628
2356,1629
2355,1629
2355,1630
2354,1630
2354,1631
2351,1631
2351,1632
2349,1632
2349,1633
2340,1633
2340,1632
2332,1632
2332,1633
2330,1633
2330,1634
2328,1634
2328,1636
2327,1636
2327,1637
2326,1637
2326,1639
2325,1639
2325,1643
2324,1643
2324,1646
2323,1646
2323,1649
2322,1649
2322,1661
2323,1661
2323,1663
2324,1663
2324,1665
2325,1665
2325,1670
2323,1670
2323,1671
2317,1671
2317,1672
2312,1672
2312,1673
2310,1673
2310,1674
2309,1674
2309,1676
2308,1676
2308,1678
2307,1678
2307,1679
2308,1679
2308,1682
2309,1682
2309,1683
2310,1683
2310,1684
2311,1684
2311,1687
2312,1687
2312,1690
2311,1690
2311,1691
2310,1691
2310,1692
2307,1692
2307,1693
2306,1693
2306,1694
2305,1694
2305,1695
2304,1695
2304,1705
2303,1705
2303,1706
2302,1706
2302,1707
2301,1707
2301,1708
2300,1708
2300,1709
2299,1709
2299,1710
2297,1710
2297,1711
2295,1711
2295,1712
2293,1712
2293,1713
2292,1713
2292,1714
2291,1714
2291,1715
2290,1715
2290,1716
2289,1716
2289,1717
2288,1717
2288,1718
2287,1718
2287,1719
2286,1719
2286,1721
2285,1721
2285,1723
2284,1723
2284,1724
2283,1724
2283,1727
2282,1727
2282,1730
2281,1730
2281,1733
2282,1733
2282,1735
2283,1735
2283,1737
2284,1737
2284,1739
2285,1739
2285,1741
2286,1741
2286,1743
2287,1743
2287,1745
2288,1745
2288,1747
2289,1747
2289,1749
2290,1749
2290,1751
2291,1751
2291,1752
2292,1752
2292,1755
2293,1755
2293,1757
2294,1757
2294,1759
2295,1759
2295,1760
2296,1760
2296,1761
2297,1761
2297,1762
2298,1762
2298,1763
2299,1763
2299,1765
2300,1765
2300,1768
2299,1768
2299,1772
2298,1772
2298,1774
2297,1774
2297,1779
2298,1779
2298,1782
2299,1782
2299,1783
2300,1783
2300,1784
2302,1784
2302,1785
2303,1785
2303,1786
2312,1786
2312,1787
2314,1787
2314,1788
2316,1788
2316,1789
2317,1789
2317,1790
2319,1790
2319,1791
2320,1791
2320,1792
2321,1792
2321,1793
2322,1793
2322,1794
2323,1794
2323,1795
2324,1795
2324,1796
2325,1796
2325,1797
2330,1797
2330,1794
2331,1794
2331,1791
2332,1791
2332,1789
2333,1789
2333,1787
2334,1787
2334,1785
2335,1785
2335,1783
2336,1783
2336,1780
2337,1780
2337,1775
2338,1775
2338,1774
2337,1774
2337,1771
2336,1771
2336,1768
2335,1768
2335,1764
2334,1764
2334,1759
2335,1759
2335,1754
2336,1754
2336,1748
2334,1748
2334,1747
2331,1747
2331,1748
2328,1748
2328,1747
2327,1747
2327,1743
2328,1743
2328,1740
2329,1740
2329,1736
2330,1736
2330,1733
2332,1733
2332,1732
2338,1732
2338,1731
2342,1731
2342,1730
2344,1730
2344,1729
2345,1729
2345,1728
2346,1728
2346,1727
2348,1727
2348,1726
2355,1726
2355,1725
2357,1725
2357,1724
2359,1724
2359,1723
2360,1723
2360,1722
2361,1722
2361,1721
2362,1721
2362,1720
2365,1720
2365,1721
2366,1721
2366,1724
2365,1724
2365,1727
2366,1727
2366,1742
2367,1742
2367,1746
2368,1746
2368,1749
2369,1749
2369,1751
2370,1751
2370,1752
2371,1752
2371,1754
2372,1754
2372,1755
2373,1755
2373,1756
2374,1756
2374,1757
2375,1757
2375,1758
2376,1758
2376,1759
2378,1759
2378,1760
2380,1760
2380,1761
2381,1761
2381,1762
2382,1762
2382,1765
2383,1765
2383,1769
2382,1769
2382,1771
2381,1771
2381,1772
2380,1772
2380,1773
2379,1773
2379,1774
2378,1774
2378,1775
2376,1775
2376,1776
2375,1776
2375,1777
2374,1777
2374,1779
2373,1779
2373,1780
2372,1780
2372,1782
2371,1782
2371,1785
2370,1785
2370,1787
2369,1787
2369,1790
2368,1790
2368,1798
2369,1798
2369,1803
2370,1803
2370,1806
2371,1806
2371,1808
2372,1808
2372,1809
2373,1809
2373,1811
2374,1811
2374,1812
2375,1812
2375,1813
2376,1813
2376,1814
2377,1814
2377,1815
2378,1815
2378,1822
2377,1822
2377,1824
2376,1824
2376,1828
2375,1828
2375,1833
2374,1833
2374,1848
2373,1848
2373,1849
2372,1849
2372,1851
2370,1851
2370,1852
2364,1852
2364,1851
2359,1851
2359,1852
2356,1852
2356,1853
2353,1853
2353,1854
2351,1854
2351,1855
2350,1855
2350,1856
2348,1856
2348,1857
2347,1857
2347,1858
2346,1858
2346,1859
2345,1859
2345,1860
2343,1860
2343,1861
2342,1861
2342,1862
2340,1862
2340,1863
2337,1863
2337,1864
2336,1864
2336,1863
2334,1863
2334,1862
2333,1862
2333,1860
2332,1860
2332,1859
2331,1859
2331,1858
2330,1858
2330,1857
2329,1857
2329,1856
2328,1856
2328,1855
2327,1855
2327,1854
2324,1854
2324,1853
2318,1853
2318,1852
2315,1852
2315,1851
2314,1851
2314,1848
2315,1848
2315,1846
2316,1846
2316,1843
2317,1843
2317,1841
2318,1841
2318,1839
2319,1839
2319,1837
2320,1837
2320,1836
2322,1836
2322,1835
2323,1835
2323,1833
2324,1833
2324,1831
2325,1831
2325,1817
2324,1817
2324,1814
2323,1814
2323,1812
2322,1812
2322,1810
2321,1810
2321,1809
2320,1809
2320,1808
2319,1808
2319,1807
2318,1807
2318,1806
2317,1806
2317,1805
2316,1805
2316,1804
2314,1804
2314,1803
2306,1803
2306,1804
2304,1804
2304,1805
2302,1805
2302,1808
2301,1808
2301,1815
2302,1815
2302,1820
2303,1820
2303,1823
2302,1823
2302,1824
2301,1824
2301,1825
2295,1825
2295,1824
2289,1824
2289,1825
2286,1825
2286,1826
2284,1826
2284,1827
2276,1827
2276,1828
2268,1828
2268,1827
2266,1827
2266,1826
2264,1826
2264,1825
2263,1825
2263,1824
2261,1824
2261,1823
2259,1823
2259,1822
2255,1822
2255,1821
2248,1821
2248,1822
2245,1822
2245,1823
2243,1823
2243,1824
2241,1824
2241,1825
2240,1825
2240,1826
2239,1826
2239,1827
2237,1827
2237,1828
2235,1828
2235,1829
2233,1829
2233,1830
2231,1830
2231,1831
2230,1831
2230,1832
2229,1832
2229,1833
2228,1833
2228,1834
2227,1834
2227,1835
2226,1835
2226,1836
2225,1836
2225,1837
2224,1837
2224,1838
2223,1838
2223,1839
2222,1839
2222,1841
2221,1841
2221,1842
2220,1842
2220,1843
2219,1843
2219,1845
2218,1845
2218,1846
2217,1846
2217,1848
2216,1848
2216,1850
2215,1850
2215,1852
2214,1852
2214,1853
2213,1853
2213,1854
2211,1854
2211,1853
2209,1853
2209,1852
2207,1852
2207,1851
2206,1851
2206,1850
2203,1850
2203,1849
2199,1849
2199,1848
2195,1848
2195,1849
2191,1849
2191,1850
2189,1850
2189,1851
2188,1851
2188,1852
2187,1852
2187,1853
2186,1853
2186,1854
2185,1854
2185,1855
2184,1855
2184,1856
2183,1856
2183,1858
2182,1858
2182,1860
2181,1860
2181,1869
2180,1869
2180,1872
2179,1872
2179,1878
2180,1878
2180,1880
2181,1880
2181,1882
2182,1882
2182,1883
2183,1883
2183,1884
2184,1884
2184,1885
2185,1885
2185,1886
2186,1886
2186,1887
2188,1887
2188,1888
2190,1888
2190,1889
2193,1889
2193,1890
2195,1890
2195,1892
2196,1892
2196,1894
2195,1894
2195,1896
2194,1896
2194,1897
2193,1897
2193,1898
2187,1898
2187,1899
2182,1899
2182,1900
2180,1900
2180,1901
2177,1901
2177,1902
2175,1902
2175,1903
2174,1903
2174,1904
2172,1904
2172,1905
2171,1905
2171,1906
2170,1906
2170,1908
2169,1908
2169,1909
2168,1909
2168,1910
2167,1910
2167,1911
2166,1911
2166,1913
2165,1913
2165,1914
2164,1914
2164,1915
2162,1915
2162,1914
2161,1914
2161,1912
2160,1912
2160,1909
2159,1909
2159,1907
2158,1907
2158,1905
2157,1905
2157,1903
2156,1903
2156,1902
2155,1902
2155,1901
2154,1901
2154,1899
2153,1899
2153,1898
2152,1898
2152,1897
2151,1897
2151,1896
2150,1896
2150,1895
2148,1895
2148,1894
2147,1894
2147,1893
2145,1893
2145,1892
2142,1892
2142,1891
2129,1891
2129,1892
2127,1892
2127,1893
2124,1893
2124,1894
2123,1894
2123,1895
2121,1895
2121,1896
2120,1896
2120,1897
2119,1897
2119,1898
2117,1898
2117,1899
2116,1899
2116,1900
2115,1900
2115,1902
2114,1902
2114,1903
2113,1903
2113,1905
2112,1905
2112,1908
2111,1908
2111,1929
2099,1929
2099,1930
2094,1930
2094,1931
2091,1931
2091,1932
2089,1932
2089,1933
2088,1933
2088,1934
2086,1934
2086,1935
2085,1935
2085,1937
2084,1937
2084,1938
2083,1938
2083,1940
2082,1940
2082,1944
2081,1944
2081,1954
2082,1954
2082,1957
2081,1957
2081,1969
2082,1969
2082,1971
2083,1971
2083,1972
2084,1972
2084,1974
2085,1974
2085,1985
2084,1985
2084,1987
2083,1987
2083,1988
2082,1988
2082,1991
2081,1991
2081,2000
2082,2000
2082,2002
2083,2002
2083,2004
2084,2004
2084,2005
2085,2005
2085,2007
2086,2007
2086,2008
2087,2008
2087,2009
2088,2009
2088,2010
2089,2010
2089,2011
2090,2011
2090,2012
2091,2012
2091,2013
2093,2013
2093,2014
2094,2014
2094,2015
2096,2015
2096,2016
2097,2016
2097,2017
2100,2017
2100,2018
2110,2018
2110,2019
2112,2019
2112,2020
2113,2020
2113,2021
2114,2021
2114,2023
2115,2023
2115,2024
2116,2024
2116,2025
2117,2025
2117,2026
2118,2026
2118,2027
2119,2027
2119,2028
2120,2028
2120,2029
2121,2029
2121,2030
2123,2030
2123,2031
2127,2031
2127,2032
2131,2032
2131,2033
2134,2033
2134,2034
2140,2034
2140,2035
2141,2035
2141,2034
2146,2034
2146,2033
2148,2033
2148,2032
2149,2032
2149,2031
2150,2031
2150,2030
2151,2030
2151,2029
2152,2029
2152,2028
2153,2028
2153,2027
2154,2027
2154,2025
2155,2025
2155,2023
2156,2023
2156,2019
2157,2019
2157,2012
2158,2012
2158,1999
2157,1999
2157,1996
2158,1996
2158,1984
2157,1984
2157,1982
2156,1982
2156,1981
2155,1981
2155,1979
2154,1979
2154,1977
2153,1977
2153,1975
2152,1975
2152,1974
2151,1974
2151,1972
2150,1972
2150,1971
2149,1971
2149,1970
2148,1970
2148,1968
2147,1968
2147,1967
2146,1967
2146,1966
2145,1966
2145,1965
2144,1965
2144,1964
2143,1964
2143,1963
2142,1963
2142,1962
2140,1962
2140,1961
2138,1961
2138,1960
2137,1960
2137,1959
2135,1959
2135,1958
2133,1958
2133,1957
2132,1957
2132,1956
2131,1956
2131,1955
2130,1955
2130,1953
2129,1953
2129,1952
2128,1952
2128,1949
2127,1949
2127,1947
2128,1947
2128,1946
2133,1946
2133,1945
2139,1945
2139,1944
2143,1944
2143,1943
2145,1943
2145,1942
2147,1942
2147,1941
2148,1941
2148,1940
2150,1940
2150,1939
2151,1939
2151,1938
2152,1938
2152,1937
2153,1937
2153,1936
2154,1936
2154,1934
2155,1934
2155,1933
2156,1933
2156,1932
2157,1932
2157,1930
2158,1930
2158,1928
2159,1928
2159,1926
2160,1926
2160,1925
2162,1925
2162,1926
2163,1926
2163,1928
2164,1928
2164,1931
2165,1931
2165,1933
2166,1933
2166,1934
2167,1934
2167,1935
2168,1935
2168,1936
2170,1936
2170,1937
2173,1937
2173,1938
2176,1938
2176,1939
2178,1939
2178,1940
2180,1940
2180,1941
2182,1941
2182,1942
2185,1942
2185,1943
2188,1943
2188,1944
2197,1944
2197,1943
2200,1943
2200,1942
2202,1942
2202,1941
2203,1941
2203,1940
2204,1940
2204,1939
2205,1939
2205,1938
2206,1938
2206,1937
2207,1937
2207,1936
2208,1936
2208,1935
2210,1935
2210,1934
2212,1934
2212,1935
2213,1935
2213,1936
2214,1936
2214,1938
2215,1938
2215,1940
2216,1940
2216,1941
2217,1941
2217,1942
2218,1942
2218,1943
2220,1943
2220,1944
2221,1944
2221,1945
2222,1945
2222,1946
2223,1946
2223,1947
2224,1947
2224,1948
2225,1948
2225,1950
2226,1950
2226,1951
2227,1951
2227,1952
2228,1952
2228,1953
2229,1953
2229,1954
2230,1954
2230,1955
2231,1955
2231,1956
2232,1956
2232,1957
2233,1957
2233,1958
2234,1958
2234,1964
2233,1964
2233,1965
2232,1965
2232,1966
2229,1966
2229,1967
2222,1967
2222,1968
2220,1968
2220,1969
2218,1969
2218,1970
2216,1970
2216,1971
2215,1971
2215,1972
2213,1972
2213,1973
2212,1973
2212,1974
2211,1974
2211,1975
2210,1975
2210,1977
2209,1977
2209,1987
2208,1987
2208,1989
2205,1989
2205,1990
2203,1990
2203,1989
2201,1989
2201,1990
2198,1990
2198,1991
2197,1991
2197,1993
2196,1993
2196,1995
2195,1995
2195,1997
2194,1997
2194,1998
2192,1998
2192,1999
2191,1999
2191,2000
2190,2000
2190,2010
2191,2010
2191,2013
2192,2013
2192,2015
2193,2015
2193,2017
2194,2017
2194,2018
2195,2018
2195,2019
2196,2019
2196,2020
2198,2020
2198,2022
2199,2022
2199,2023
2200,2023
2200,2024
2201,2024
2201,2025
2202,2025
2202,2026
2204,2026
2204,2027
2205,2027
2205,2028
2206,2028
2206,2029
2208,2029
2208,2030
2211,2030
2211,2032
2212,2032
2212,2039
2213,2039
2213,2044
2214,2044
2214,2047
2215,2047
2215,2049
2216,2049
2216,2051
2217,2051
2217,2053
2218,2053
2218,2054
2219,2054
2219,2056
1931,2056
1931,2048
1932,2048
1932,2042
1933,2042
1933,2037
1932,2037
1932,2028
1933,2028
1933,2024
1934,2024
1934,2021
1935,2021
1935,2018
1936,2018
1936,2016
1937,2016
1937,2015
1938,2015
1938,2013
1939,2013
1939,2012
1940,2012
1940,2010
1941,2010
1941,2008
1942,2008
1942,2006
1943,2006
1943,2004
1944,2004
1944,2002
1945,2002
1945,2001
1946,2001
1946,2000
1947,2000
1947,1999
1949,1999
1949,1998
1950,1998
1950,1997
1951,1997
1951,1996
1952,1996
1952,1995
1953,1995
1953,1993
1954,1993
1954,1990
1955,1990
1955,1988
1956,1988
1956,1987
1957,1987
1957,1985
1958,1985
1958,1982
1959,1982
1959,1978
1962,1978
1962,1977
1965,1977
1965,1978
1967,1978
1967,1979
1969,1979
1969,1980
1973,1980
1973,1979
1974,1979
1974,1978
1975,1978
1975,1977
1977,1977
1977,1976
1983,1976
1983,1978
1984,1978
1984,1990
1985,1990
1985,1991
1987,1991
1987,1993
1986,1993
1986,1994
1985,1994
1985,1995
1984,1995
1984,1996
1983,1996
1983,1997
1982,1997
1982,1998
1981,1998
1981,1999
1980,1999
1980,2001
1979,2001
1979,2008
1980,2008
1980,2009
1981,2009
1981,2012
1982,2012
1982,2014
1981,2014
1981,2017
1980,2017
1980,2018
1979,2018
1979,2020
1978,2020
1978,2021
1977,2021
1977,2022
1976,2022
1976,2023
1975,2023
1975,2024
1973,2024
1973,2025
1972,2025
1972,2027
1971,2027
1971,2034
1972,2034
1972,2036
1973,2036
1973,2038
1974,2038
1974,2039
1975,2039
1975,2040
1976,2040
1976,2041
1977,2041
1977,2042
1980,2042
1980,2043
1984,2043
1984,2044
1986,2044
1986,2043
1994,2043
1994,2042
1997,2042
1997,2043
1999,2043
1999,2044
2000,2044
2000,2045
2001,2045
2001,2047
2002,2047
2002,2048
2003,2048
2003,2049
2006,2049
2006,2048
2009,2048
2009,2047
2010,2047
2010,2046
2011,2046
2011,2045
2012,2045
2012,2044
2013,2044
2013,2043
2014,2043
2014,2041
2015,2041
2015,2034
2011,2034
2011,2033
2010,2033
2010,2032
2009,2032
2009,2031
2008,2031
2008,2028
2009,2028
2009,2023
2010,2023
2010,2013
2009,2013
2009,2010
2008,2010
2008,2008
2007,2008
2007,2006
2006,2006
2006,2005
2005,2005
2005,2004
2004,2004
2004,2003
2003,2003
2003,2002
2001,2002
2001,2001
1999,2001
1999,2000
1997,2000
1997,1999
1995,1999
1995,1998
1994,1998
1994,1997
1993,1997
1993,1996
1992,1996
1992,1995
1991,1995
1991,1994
1998,1994
1998,1993
1999,1993
1999,1992
2000,1992
2000,1991
2002,1991
2002,1990
2003,1990
2003,1989
2004,1989
2004,1988
2005,1988
2005,1987
2009,1987
2009,1988
2010,1988
2010,1989
2011,1989
2011,1990
2012,1990
2012,1991
2013,1991
2013,1992
2014,1992
2014,1993
2015,1993
2015,1994
2017,1994
2017,1995
2018,1995
2018,1996
2020,1996
2020,1997
2023,1997
2023,1998
2029,1998
2029,1999
2030,1999
2030,1998
2037,1998
2037,1999
2053,1999
2053,1998
2056,1998
2056,1997
2058,1997
2058,1996
2060,1996
2060,1995
2061,1995
2061,1994
2062,1994
2062,1993
2064,1993
2064,1992
2065,1992
2065,1991
2066,1991
2066,1990
2067,1990
2067,1989
2068,1989
2068,1988
2069,1988
2069,1987
2070,1987
2070,1986
2071,1986
2071,1984
2072,1984
2072,1982
2073,1982
2073,1971
2072,1971
2072,1969
2071,1969
2071,1966
2070,1966
2070,1964
2069,1964
2069,1963
2068,1963
2068,1961
2067,1961
2067,1960
2066,1960
2066,1958
2065,1958
2065,1957
2064,1957
2064,1955
2063,1955
2063,1954
2062,1954
2062,1952
2061,1952
2061,1950
2060,1950
2060,1949
2059,1949
2059,1947
2058,1947
2058,1946
2057,1946
2057,1943
2058,1943
2058,1942
2059,1942
2059,1941
2061,1941
2061,1940
2062,1940
2062,1938
2063,1938
2063,1937
2064,1937
2064,1936
2065,1936
2065,1934
2066,1934
2066,1933
2067,1933
2067,1931
2068,1931
2068,1929
2069,1929
2069,1925
2070,1925
2070,1922
2071,1922
2071,1920
2072,1920
2072,1919
2074,1919
2074,1918
2076,1918
2076,1917
2077,1917
2077,1916
2078,1916
2078,1915
2079,1915
2079,1914
2081,1914
2081,1913
2082,1913
2082,1912
2083,1912
2083,1910
2084,1910
2084,1909
2085,1909
2085,1908
2086,1908
2086,1906
2087,1906
2087,1904
2088,1904
2088,1902
2089,1902
2089,1899
2090,1899
2090,1886
2089,1886
2089,1883
2088,1883
2088,1881
2087,1881
2087,1879
2086,1879
2086,1878
2085,1878
2085,1877
2084,1877
2084,1876
2083,1876
2083,1875
2082,1875
2082,1874
2080,1874
2080,1873
2078,1873
2078,1872
2075,1872
2075,1871
2065,1871
2065,1872
2062,1872
2062,1873
2060,1873
2060,1874
2058,1874
2058,1875
2056,1875
2056,1876
2055,1876
2055,1877
2053,1877
2053,1878
2052,1878
2052,1879
2051,1879
2051,1880
2050,1880
2050,1881
2049,1881
2049,1883
2048,1883
2048,1885
2047,1885
2047,1887
2046,1887
2046,1890
2045,1890
2045,1898
2044,1898
2044,1899
2043,1899
2043,1900
2042,1900
2042,1901
2041,1901
2041,1902
2039,1902
2039,1903
2038,1903
2038,1904
2036,1904
2036,1905
2035,1905
2035,1906
2034,1906
2034,1907
2033,1907
2033,1908
2032,1908
2032,1909
2031,1909
2031,1910
2030,1910
2030,1912
2029,1912
2029,1915
2028,1915
2028,1918
2027,1918
2027,1926
2028,1926
2028,1930
2029,1930
2029,1933
2030,1933
2030,1935
2031,1935
2031,1938
2032,1938
2032,1939
2031,1939
2031,1940
2030,1940
2030,1941
2028,1941
2028,1942
2027,1942
2027,1943
2026,1943
2026,1944
2025,1944
2025,1945
2024,1945
2024,1946
2023,1946
2023,1947
2022,1947
2022,1948
2019,1948
2019,1949
2017,1949
2017,1950
2016,1950
2016,1951
2015,1951
2015,1952
2014,1952
2014,1954
2013,1954
2013,1955
2012,1955
2012,1956
2011,1956
2011,1958
2010,1958
2010,1960
2009,1960
2009,1962
2006,1962
2006,1961
2005,1961
2005,1960
2004,1960
2004,1959
2003,1959
2003,1958
2002,1958
2002,1956
2001,1956
2001,1955
2000,1955
2000,1954
1999,1954
1999,1953
1998,1953
1998,1952
1997,1952
1997,1950
1998,1950
1998,1948
2001,1948
2001,1947
2003,1947
2003,1946
2004,1946
2004,1945
2005,1945
2005,1944
2006,1944
2006,1943
2007,1943
2007,1942
2009,1942
2009,1941
2010,1941
2010,1940
2011,1940
2011,1938
2012,1938
2012,1937
2013,1937
2013,1935
2014,1935
2014,1933
2015,1933
2015,1929
2016,1929
2016,1925
2015,1925
2015,1920
2014,1920
2014,1917
2013,1917
2013,1915
2012,1915
2012,1913
2011,1913
2011,1912
2010,1912
2010,1911
2009,1911
2009,1910
2008,1910
2008,1909
2007,1909
2007,1908
2006,1908
2006,1907
2005,1907
2005,1906
2003,1906
2003,1905
2002,1905
2002,1904
2001,1904
2001,1903
2000,1903
2000,1902
1999,1902
1999,1901
1998,1901
1998,1899
1997,1899
1997,1898
1996,1898
1996,1896
1995,1896
1995,1895
1994,1895
1994,1894
1993,1894
1993,1893
1992,1893
1992,1891
1990,1891
1990,1890
1989,1890
1989,1889
1988,1889
1988,1888
1986,1888
1986,1887
1983,1887
1983,1886
1981,1886
1981,1885
1977,1885
1977,1884
1973,1884
1973,1883
1971,1883
1971,1882
1966,1882
1966,1881
1963,1881
1963,1878
1962,1878
1962,1871
1961,1871
1961,1869
1960,1869
1960,1866
1959,1866
1959,1864
1958,1864
1958,1862
1957,1862
1957,1859
1961,1859
1961,1858
1966,1858
1966,1857
1968,1857
1968,1856
1969,1856
1969,1855
1971,1855
1971,1853
1972,1853
1972,1852
1973,1852
1973,1851
1974,1851
1974,1849
1975,1849
1975,1846
1976,1846
1976,1841
1977,1841
1977,1835
1976,1835
1976,1832
1975,1832
1975,1829
1974,1829
1974,1828
1973,1828
1973,1826
1972,1826
1972,1825
1971,1825
1971,1824
1970,1824
1970,1823
1969,1823
1969,1822
1967,1822
1967,1821
1966,1821
1966,1820
1964,1820
1964,1819
1962,1819
1962,1818
1961,1818
1961,1817
1959,1817
1959,1816
1957,1816
1957,1815
1955,1815
1955,1814
1953,1814
1953,1813
1951,1813
1951,1810
1952,1810
1952,1809
1953,1809
1953,1808
1954,1808
1954,1807
1955,1807
1955,1806
1957,1806
1957,1804
1958,1804
1958,1803
1959,1803
1959,1802
1960,1802
1960,1801
1961,1801
1961,1799
1962,1799
1962,1797
1963,1797
1963,1794
1964,1794
1964,1788
1963,1788
1963,1785
1962,1785
1962,1783
1961,1783
1961,1781
1960,1781
1960,1780
1959,1780
1959,1779
1958,1779
1958,1778
1956,1778
1956,1777
1955,1777
1955,1776
1954,1776
1954,1775
1953,1775
1953,1774
1952,1774
1952,1772
1951,1772
1951,1771
1950,1771
1950,1770
1948,1770
1948,1769
1947,1769
1947,1768
1946,1768
1946,1767
1945,1767
1945,1766
1944,1766
1944,1765
1943,1765
1943,1760
1944,1760
1944,1756
1945,1756
1945,1747
1946,1747
1946,1742
1947,1742
1947,1740
1950,1740
1950,1739
1962,1739
1962,1738
1968,1738
1968,1737
1972,1737
1972,1736
1974,1736
1974,1735
1977,1735
1977,1734
1979,1734
1979,1733
1982,1733
1982,1732
1986,1732
1986,1731
1988,1731
1988,1730
1989,1730
1989,1729
1990,1729
1990,1728
1991,1728
1991,1727
1992,1727
1992,1726
1993,1726
1993,1725
1994,1725
1994,1724
1995,1724
1995,1723
1996,1723
1996,1721
1997,1721
1997,1720
1998,1720
1998,1719
1999,1719
1999,1717
2000,1717
2000,1716
2001,1716
2001,1714
2002,1714
2002,1712
2003,1712
2003,1710
2004,1710
2004,1708
2005,1708
2005,1706
2006,1706
2006,1703
2007,1703
2007,1693
2006,1693
2006,1690
2005,1690
2005,1686
2004,1686
2004,1681
2003,1681
2003,1679
2004,1679
2004,1678
2006,1678
2006,1677
2009,1677
2009,1676
2013,1676
2013,1675
2017,1675
2017,1674
2020,1674
2020,1673
2023,1673
2023,1672
2024,1672
2024,1671
2026,1671
2026,1670
2027,1670
2027,1669
2029,1669
2029,1668
2031,1668
2031,1670
2032,1670
2032,1676
2033,1676
2033,1681
2034,1681
2034,1683
2035,1683
2035,1685
2036,1685
2036,1687
2037,1687
2037,1688
2038,1688
2038,1689
2039,1689
2039,1690
2040,1690
2040,1691
2041,1691
2041,1692
2042,1692
2042,1693
2043,1693
2043,1694
2045,1694
2045,1695
2046,1695
2046,1696
2048,1696
2048,1697
2051,1697
2051,1698
2055,1698
2055,1699
2060,1699
2060,1698
2065,1698
2065,1697
2068,1697
2068,1696
2070,1696
2070,1695
2073,1695
2073,1694
2075,1694
2075,1693
2077,1693
2077,1692
2081,1692
2081,1693
2087,1693
2087,1694
2092,1694
2092,1695
2102,1695
2102,1694
2105,1694
2105,1693
2107,1693
2107,1692
2109,1692
2109,1691
2110,1691
2110,1690
2112,1690
2112,1688
2113,1688
2113,1687
2114,1687
2114,1685
2115,1685
2115,1683
2116,1683
2116,1681
2117,1681
2117,1675
2118,1675
2118,1674
2117,1674
2117,1671
2118,1671
2118,1669
2119,1669
2119,1668
2121,1668
2121,1669
2122,1669
2122,1668
2130,1668
2130,1667
2134,1667
2134,1666
2136,1666
2136,1665
2137,1665
2137,1664
2139,1664
2139,1663
2140,1663
2140,1662
2141,1662
2141,1661
2142,1661
2142,1660
2143,1660
2143,1659
2144,1659
2144,1657
2145,1657
2145,1655
2146,1655
2146,1653
2147,1653
2147,1649
2148,1649
2148,1642
2147,1642
2147,1638
2146,1638
2146,1635
2145,1635
2145,1633
2144,1633
2144,1632
2143,1632
2143,1630
2142,1630
2142,1629
2141,1629
2141,1628
2140,1628
2140,1627
2138,1627
2138,1626
2136,1626
2136,1625
2134,1625
2134,1624
2131,1624
2131,1623
2122,1623
2122,1624
2119,1624
2119,1625
2117,1625
2117,1626
2115,1626
2115,1627
2113,1627
2113,1628
2112,1628
2112,1629
2111,1629
2111,1630
2110,1630
2110,1631
2109,1631
2109,1632
2108,1632
2108,1633
2107,1633
2107,1635
2106,1635
2106,1638
2105,1638
2105,1643
2104,1643
2104,1651
2103,1651
2103,1652
2099,1652
2099,1653
2097,1653
2097,1654
2089,1654
2089,1655
2083,1655
2083,1654
2081,1654
2081,1653
2080,1653
2080,1652
2078,1652
2078,1651
2077,1651
2077,1650
2075,1650
2075,1649
2073,1649
2073,1648
2072,1648
2072,1645
2073,1645
2073,1643
2074,1643
2074,1642
2075,1642
2075,1640
2076,1640
2076,1639
2077,1639
2077,1636
2078,1636
2078,1633
2079,1633
2079,1628
2080,1628
2080,1625
2079,1625
2079,1620
2078,1620
2078,1617
2077,1617
2077,1615
2076,1615
2076,1613
2075,1613
2075,1612
2074,1612
2074,1611
2073,1611
2073,1610
2072,1610
2072,1609
2071,1609
2071,1608
2070,1608
2070,1607
2068,1607
2068,1606
2066,1606
2066,1605
2064,1605
2064,1604
2060,1604
2060,1603
2058,1603
2058,1604
2051,1604
2051,1605
2048,1605
2048,1606
2045,1606
2045,1607
2044,1607
2044,1608
2043,1608
2043,1609
2042,1609
2042,1610
2040,1610
2040,1611
2039,1611
2039,1613
2038,1613
2038,1614
2037,1614
2037,1615
2036,1615
2036,1617
2035,1617
2035,1618
2034,1618
2034,1620
2033,1620
2033,1623
2032,1623
2032,1631
2031,1631
2031,1632
2030,1632
2030,1633
2029,1633
2029,1634
2028,1634
2028,1636
2027,1636
2027,1640
2026,1640
2026,1639
2024,1639
2024,1638
2022,1638
2022,1637
2020,1637
2020,1636
1998,1636
1998,1637
1996,1637
1996,1638
1995,1638
1995,1639
1994,1639
1994,1640
1993,1640
1993,1641
1992,1641
1992,1645
1991,1645
1991,1654
1992,1654
1992,1659
1993,1659
1993,1663
1994,1663
1994,1667
1993,1667
1993,1668
1987,1668
1987,1667
1976,1667
1976,1668
1972,1668
1972,1669
1970,1669
1970,1670
1968,1670
1968,1671
1967,1671
1967,1672
1965,1672
1965,1673
1964,1673
1964,1674
1963,1674
1963,1675
1961,1675
1961,1676
1960,1676
1960,1677
1959,1677
1959,1678
1958,1678
1958,1679
1957,1679
1957,1680
1956,1680
1956,1682
1955,1682
1955,1683
1954,1683
1954,1684
1952,1684
1952,1685
1950,1685
1950,1684
1949,1684
1949,1683
1947,1683
1947,1682
1945,1682
1945,1681
1940,1681
1940,1680
1936,1680
1936,1681
1931,1681
1931,1682
1929,1682
1929,1683
1928,1683
1928,1684
1926,1684
1926,1685
1925,1685
1925,1686
1924,1686
1924,1687
1923,1687
1923,1688
1921,1688
1921,1689
1920,1689
1920,1691
1919,1691
1919,1692
1918,1692
1918,1693
1917,1693
1917,1695
1916,1695
1916,1698
1915,1698
1915,1713
1916,1713
1916,1717
1917,1717
1917,1720
1918,1720
1918,1723
1919,1723
1919,1727
1918,1727
1918,1728
1913,1728
1913,1727
1910,1727
1910,1726
1908,1726
1908,1725
1906,1725
1906,1724
1905,1724
1905,1723
1904,1723
1904,1722
1903,1722
1903,1721
1901,1721
1901,1719
1900,1719
1900,1718
1899,1718
1899,1717
1898,1717
1898,1716
1897,1716
1897,1715
1896,1715
1896,1714
1895,1714
1895,1712
1894,1712
1894,1704
1893,1704
1893,1701
1892,1701
1892,1699
1891,1699
1891,1697
1890,1697
1890,1696
1889,1696
1889,1695
1887,1695
1887,1694
1886,1694
1886,1693
1885,1693
1885,1692
1883,1692
1883,1691
1882,1691
1882,1690
1881,1690
1881,1689
1879,1689
1879,1688
1876,1688
1876,1687
1871,1687
1871,1686
1865,1686
1865,1687
1861,1687
1861,1688
1858,1688
1858,1689
1856,1689
1856,1690
1855,1690
1855,1691
1854,1691
1854,1692
1853,1692
1853,1693
1852,1693
1852,1695
1851,1695
1851,1696
1850,1696
1850,1699
1849,1699
1849,1701
1848,1701
1848,1703
1846,1703
1846,1704
1845,1704
1845,1705
1843,1705
1843,1706
1842,1706
1842,1707
1840,1707
1840,1708
1838,1708
1838,1709
1836,1709
1836,1710
1834,1710
1834,1711
1833,1711
1833,1712
1831,1712
1831,1713
1830,1713
1830,1714
1828,1714
1828,1715
1827,1715
1827,1716
1826,1716
1826,1717
1825,1717
1825,1718
1824,1718
1824,1720
1823,1720
1823,1721
1822,1721
1822,1724
1821,1724
1821,1727
1820,1727
1820,1728
1817,1728
1817,1727
1815,1727
1815,1725
1814,1725
1814,1723
1815,1723
1815,1719
1816,1719
1816,1713
1815,1713
1815,1710
1814,1710
1814,1708
1813,1708
1813,1706
1812,1706
1812,1705
1811,1705
1811,1703
1810,1703
1810,1702
1809,1702
1809,1701
1808,1701
1808,1700
1807,1700
1807,1699
1806,1699
1806,1698
1805,1698
1805,1697
1804,1697
1804,1696
1803,1696
1803,1695
1802,1695
1802,1694
1800,1694
1800,1693
1798,1693
1798,1692
1795,1692
1795,1691
1789,1691
1789,1690
1788,1690
1788,1691
1778,1691
1778,1692
1775,1692
1775,1693
1772,1693
1772,1694
1771,1694
1771,1695
1769,1695
1769,1696
1765,1696
1765,1691
1764,1691
1764,1684
1765,1684
1765,1682
1766,1682
1766,1681
1767,1681
1767,1680
1769,1680
1769,1679
1770,1679
1770,1678
1771,1678
1771,1677
1772,1677
1772,1676
1773,1676
1773,1675
1774,1675
1774,1674
1779,1674
1779,1675
1781,1675
1781,1676
1784,1676
1784,1677
1787,1677
1787,1678
1792,1678
1792,1679
1807,1679
1807,1678
1812,1678
1812,1677
1814,1677
1814,1676
1816,1676
1816,1675
1818,1675
1818,1674
1819,1674
1819,1673
1821,1673
1821,1672
1822,1672
1822,1671
1824,1671
1824,1670
1825,1670
1825,1669
1826,1669
1826,1668
1827,1668
1827,1665
1828,1665
1828,1655
1827,1655
1827,1652
1826,1652
1826,1647
1831,1647
1831,1646
1837,1646
1837,1647
1841,1647
1841,1646
1846,1646
1846,1645
1849,1645
1849,1644
1851,1644
1851,1643
1853,1643
1853,1642
1854,1642
1854,1641
1856,1641
1856,1640
1857,1640
1857,1639
1858,1639
1858,1638
1859,1638
1859,1636
1860,1636
1860,1635
1861,1635
1861,1633
1862,1633
1862,1629
1863,1629
1863,1618
1862,1618
1862,1614
1861,1614
1861,1613
1860,1613
1860,1611
1859,1611
1859,1610
1857,1610
1857,1609
1856,1609
1856,1608
1854,1608
1854,1607
1853,1607
1853,1606
1851,1606
1851,1605
1849,1605
1849,1604
1847,1604
1847,1603
1842,1603
1842,1602
1836,1602
1836,1601
1832,1601
1832,1600
1830,1600
1830,1598
1829,1598
1829,1597
1828,1597
1828,1595
1827,1595
1827,1594
1826,1594
1826,1593
1825,1593
1825,1592
1823,1592
1823,1591
1822,1591
1822,1590
1820,1590
1820,1589
1819,1589
1819,1588
1817,1588
1817,1587
1814,1587
1814,1586
1812,1586
1812,1585
1810,1585
1810,1584
1809,1584
1809,1583
1807,1583
1807,1582
1804,1582
1804,1581
1803,1581
1803,1579
1802,1579
1802,1574
1801,1574
1801,1570
1800,1570
1800,1568
1799,1568
1799,1566
1798,1566
1798,1564
1797,1564
1797,1563
1796,1563
1796,1562
1795,1562
1795,1561
1794,1561
1794,1560
1792,1560
1792,1559
1791,1559
1791,1558
1790,1558
1790,1557
1788,1557
1788,1556
1787,1556
1787,1555
1786,1555
1786,1554
1785,1554
1785,1553
1784,1553
1784,1552
1783,1552
1783,1551
1781,1551
1781,1550
1780,1550
1780,1549
1779,1549
1779,1548
1778,1548
1778,1547
1776,1547
1776,1546
1774,1546
1774,1545
1772,1545
1772,1544
1768,1544
1768,1543
1760,1543
1760,1544
1756,1544
1756,1545
1754,1545
1754,1546
1752,1546
1752,1547
1749,1547
1749,1548
1733,1548
1733,1549
1729,1549
1729,1550
1727,1550
1727,1551
1724,1551
1724,1552
1723,1552
1723,1553
1721,1553
1721,1554
1720,1554
1720,1555
1719,1555
1719,1556
1717,1556
1717,1557
1716,1557
1716,1558
1715,1558
1715,1559
1697,1559
1697,1558
1695,1558
1695,1557
1694,1557
1694,1556
1693,1556
1693,1554
1692,1554
1692,1553
1691,1553
1691,1552
1690,1552
1690,1551
1689,1551
1689,1550
1688,1550
1688,1549
1686,1549
1686,1548
1684,1548
1684,1547
1681,1547
1681,1546
1671,1546
1671,1547
1668,1547
1668,1548
1666,1548
1666,1549
1664,1549
1664,1550
1663,1550
1663,1551
1661,1551
1661,1552
1660,1552
1660,1553
1657,1553
1657,1554
1655,1554
1655,1553
1652,1553
1652,1552
1648,1552
1648,1551
1627,1551
1627,1550
1625,1550
1625,1549
1624,1549
1624,1548
1623,1548
1623,1547
1621,1547
1621,1546
1617,1546
1617,1545
1605,1545
1605,1546
1601,1546
1601,1547
1599,1547
1599,1548
1597,1548
1597,1549
1595,1549
1595,1550
1594,1550
1594,1551
1593,1551
1593,1552
1592,1552
1592,1553
1591,1553
1591,1555
1590,1555
1590,1557
1589,1557
1589,1559
1588,1559
1588,1560
1587,1560
1587,1561
1586,1561
1586,1562
1585,1562
1585,1563
1584,1563
1584,1564
1583,1564
1583,1565
1582,1565
1582,1566
1581,1566
1581,1567
1580,1567
1580,1568
1579,1568
1579,1570
1578,1570
1578,1571
1577,1571
1577,1572
1576,1572
1576,1574
1575,1574
1575,1576
1574,1576
1574,1579
1573,1579
1573,1583
1572,1583
1572,1588
1573,1588
1573,1592
1574,1592
1574,1594
1575,1594
1575,1596
1576,1596
1576,1597
1577,1597
1577,1598
1578,1598
1578,1599
1579,1599
1579,1600
1580,1600
1580,1601
1581,1601
1581,1602
1583,1602
1583,1603
1584,1603
1584,1604
1586,1604
1586,1605
1588,1605
1588,1606
1590,1606
1590,1607
1592,1607
1592,1608
1596,1608
1596,1609
1608,1609
1608,1608
1612,1608
1612,1607
1615,1607
1615,1606
1617,1606
1617,1605
1619,1605
1619,1604
1626,1604
1626,1605
1627,1605
1627,1606
1628,1606
1628,1607
1630,1607
1630,1608
1632,1608
1632,1609
1634,1609
1634,1610
1636,1610
1636,1611
1637,1611
1637,1612
1638,1612
1638,1613
1639,1613
1639,1614
1641,1614
1641,1615
1642,1615
1642,1616
1644,1616
1644,1617
1647,1617
1647,1618
1663,1618
1663,1619
1665,1619
1665,1621
1666,1621
1666,1622
1667,1622
1667,1626
1668,1626
1668,1628
1669,1628
1669,1630
1670,1630
1670,1632
1671,1632
1671,1634
1672,1634
1672,1636
1673,1636
1673,1637
1674,1637
1674,1639
1675,1639
1675,1640
1676,1640
1676,1641
1677,1641
1677,1642
1678,1642
1678,1643
1679,1643
1679,1644
1681,1644
1681,1645
1682,1645
1682,1646
1684,1646
1684,1647
1686,1647
1686,1648
1689,1648
1689,1649
1691,1649
1691,1650
1693,1650
1693,1654
1692,1654
1692,1656
1691,1656
1691,1657
1690,1657
1690,1658
1689,1658
1689,1660
1688,1660
1688,1664
1687,1664
1687,1668
1688,1668
1688,1671
1687,1671
1687,1674
1686,1674
1686,1676
1682,1676
1682,1677
1676,1677
1676,1676
1674,1676
1674,1675
1672,1675
1672,1674
1670,1674
1670,1673
1667,1673
1667,1672
1664,1672
1664,1671
1659,1671
1659,1670
1656,1670
1656,1669
1654,1669
1654,1668
1653,1668
1653,1667
1651,1667
1651,1666
1650,1666
1650,1665
1648,1665
1648,1664
1646,1664
1646,1663
1644,1663
1644,1662
1642,1662
1642,1661
1640,1661
1640,1660
1639,1660
1639,1659
1637,1659
1637,1658
1634,1658
1634,1657
1631,1657
1631,1656
1628,1656
1628,1655
1626,1655
1626,1654
1625,1654
1625,1653
1624,1653
1624,1652
1623,1652
1623,1650
1622,1650
1622,1648
1621,1648
1621,1646
1620,1646
1620,1643
1619,1643
1619,1641
1618,1641
1618,1640
1617,1640
1617,1638
1616,1638
1616,1637
1615,1637
1615,1636
1614,1636
1614,1635
1613,1635
1613,1633
1611,1633
1611,1632
1610,1632
1610,1631
1609,1631
1609,1630
1607,1630
1607,1629
1605,1629
1605,1628
1603,1628
1603,1627
1600,1627
1600,1626
1595,1626
1595,1625
1586,1625
1586,1626
1578,1626
1578,1627
1575,1627
1575,1628
1574,1628
1574,1629
1572,1629
1572,1630
1570,1630
1570,1631
1569,1631
1569,1632
1567,1632
1567,1633
1566,1633
1566,1634
1564,1634
1564,1635
1562,1635
1562,1636
1560,1636
1560,1635
1559,1635
1559,1634
1558,1634
1558,1633
1556,1633
1556,1632
1551,1632
1551,1631
1548,1631
1548,1630
1545,1630
1545,1629
1536,1629
1536,1630
1534,1630
1534,1631
1531,1631
1531,1632
1528,1632
1528,1633
1527,1633
1527,1634
1526,1634
1526,1635
1524,1635
1524,1636
1523,1636
1523,1639
1522,1639
1522,1641
1521,1641
1521,1644
1520,1644
1520,1648
1519,1648
1519,1659
1520,1659
1520,1662
1521,1662
1521,1664
1522,1664
1522,1666
1523,1666
1523,1668
1524,1668
1524,1670
1525,1670
1525,1671
1526,1671
1526,1672
1527,1672
1527,1673
1528,1673
1528,1674
1529,1674
1529,1675
1530,1675
1530,1676
1532,1676
1532,1677
1534,1677
1534,1678
1538,1678
1538,1679
1545,1679
1545,1678
1549,1678
1549,1677
1551,1677
1551,1676
1553,1676
1553,1675
1554,1675
1554,1674
1556,1674
1556,1673
1557,1673
1557,1672
1558,1672
1558,1671
1562,1671
1562,1672
1563,1672
1563,1673
1564,1673
1564,1674
1566,1674
1566,1675
1568,1675
1568,1676
1570,1676
1570,1677
1571,1677
1571,1678
1572,1678
1572,1679
1574,1679
1574,1680
1575,1680
1575,1681
1576,1681
1576,1682
1578,1682
1578,1683
1579,1683
1579,1684
1580,1684
1580,1685
1581,1685
1581,1686
1582,1686
1582,1687
1583,1687
1583,1688
1584,1688
1584,1689
1585,1689
1585,1691
1586,1691
1586,1692
1587,1692
1587,1693
1588,1693
1588,1696
1589,1696
1589,1697
1591,1697
1591,1698
1593,1698
1593,1702
1592,1702
1592,1704
1591,1704
1591,1706
1590,1706
1590,1709
1589,1709
1589,1712
1588,1712
1588,1723
1589,1723
1589,1726
1590,1726
1590,1728
1591,1728
1591,1730
1592,1730
1592,1731
1593,1731
1593,1733
1595,1733
1595,1734
1596,1734
1596,1735
1597,1735
1597,1736
1598,1736
1598,1739
1597,1739
1597,1741
1596,1741
1596,1742
1595,1742
1595,1744
1594,1744
1594,1746
1593,1746
1593,1748
1592,1748
1592,1752
1591,1752
1591,1759
1592,1759
1592,1763
1593,1763
1593,1765
1594,1765
1594,1767
1595,1767
1595,1769
1596,1769
1596,1770
1597,1770
1597,1771
1598,1771
1598,1772
1600,1772
1600,1773
1601,1773
1601,1774
1603,1774
1603,1775
1605,1775
1605,1776
1608,1776
1608,1777
1619,1777
1619,1776
1622,1776
1622,1775
1624,1775
1624,1774
1625,1774
1625,1773
1626,1773
1626,1772
1628,1772
1628,1770
1629,1770
1629,1769
1630,1769
1630,1768
1631,1768
1631,1766
1632,1766
1632,1764
1633,1764
1633,1762
1634,1762
1634,1761
1635,1761
1635,1760
1636,1760
1636,1759
1638,1759
1638,1760
1640,1760
1640,1761
1641,1761
1641,1762
1642,1762
1642,1764
1643,1764
1643,1765
1644,1765
1644,1766
1645,1766
1645,1767
1646,1767
1646,1768
1647,1768
1647,1769
1648,1769
1648,1770
1649,1770
1649,1771
1650,1771
1650,1772
1651,1772
1651,1773
1652,1773
1652,1774
1653,1774
1653,1775
1654,1775
1654,1776
1656,1776
1656,1777
1657,1777
1657,1778
1659,1778
1659,1779
1660,1779
1660,1780
1662,1780
1662,1781
1664,1781
1664,1782
1666,1782
1666,1783
1668,1783
1668,1784
1670,1784
1670,1785
1674,1785
1674,1786
1680,1786
1680,1785
1689,1785
1689,1784
1692,1784
1692,1783
1694,1783
1694,1782
1695,1782
1695,1781
1696,1781
1696,1780
1697,1780
1697,1779
1698,1779
1698,1778
1699,1778
1699,1777
1700,1777
1700,1775
1701,1775
1701,1772
1702,1772
1702,1763
1701,1763
1701,1761
1700,1761
1700,1759
1699,1759
1699,1757
1698,1757
1698,1756
1697,1756
1697,1752
1698,1752
1698,1751
1700,1751
1700,1750
1701,1750
1701,1749
1702,1749
1702,1748
1703,1748
1703,1747
1704,1747
1704,1746
1705,1746
1705,1745
1706,1745
1706,1744
1708,1744
1708,1743
1715,1743
1715,1744
1716,1744
1716,1745
1718,1745
1718,1746
1720,1746
1720,1747
1722,1747
1722,1748
1724,1748
1724,1749
1726,1749
1726,1750
1728,1750
1728,1751
1730,1751
1730,1752
1732,1752
1732,1753
1735,1753
1735,1754
1743,1754
1743,1753
1746,1753
1746,1752
1748,1752
1748,1751
1750,1751
1750,1750
1751,1750
1751,1749
1753,1749
1753,1748
1754,1748
1754,1747
1755,1747
1755,1746
1756,1746
1756,1745
1757,1745
1757,1744
1758,1744
1758,1743
1759,1743
1759,1741
1760,1741
1760,1740
1761,1740
1761,1738
1762,1738
1762,1735
1763,1735
1763,1733
1764,1733
1764,1731
1765,1731
1765,1730
1768,1730
1768,1731
1770,1731
1770,1732
1771,1732
1771,1733
1772,1733
1772,1734
1773,1734
1773,1735
1775,1735
1775,1736
1777,1736
1777,1737
1779,1737
1779,1738
1781,1738
1781,1739
1782,1739
1782,1740
1783,1740
1783,1751
1782,1751
1782,1765
1781,1765
1781,1766
1777,1766
1777,1767
1771,1767
1771,1766
1766,1766
1766,1767
1764,1767
1764,1768
1762,1768
1762,1769
1761,1769
1761,1770
1760,1770
1760,1771
1759,1771
1759,1772
1758,1772
1758,1774
1757,1774
1757,1776
1756,1776
1756,1779
1755,1779
1755,1780
1756,1780
1756,1782
1757,1782
1757,1784
1758,1784
1758,1789
1757,1789
1757,1798
1758,1798
1758,1800
1759,1800
1759,1802
1760,1802
1760,1803
1761,1803
1761,1805
1762,1805
1762,1806
1764,1806
1764,1807
1765,1807
1765,1808
1767,1808
1767,1809
1769,1809
1769,1810
1770,1810
1770,1816
1769,1816
1769,1833
1770,1833
1770,1836
1771,1836
1771,1838
1772,1838
1772,1840
1773,1840
1773,1842
1774,1842
1774,1843
1775,1843
1775,1844
1776,1844
1776,1845
1777,1845
1777,1848
1778,1848
1778,1864
1779,1864
1779,1867
1780,1867
1780,1869
1781,1869
1781,1871
1782,1871
1782,1872
1783,1872
1783,1873
1784,1873
1784,1874
1785,1874
1785,1875
1786,1875
1786,1876
1787,1876
1787,1877
1789,1877
1789,1878
1791,1878
1791,1879
1793,1879
1793,1880
1796,1880
1796,1881
1805,1881
1805,1882
1812,1882
1812,1883
1813,1883
1813,1885
1812,1885
1812,1886
1813,1886
1813,1888
1814,1888
1814,1889
1820,1889
1820,1888
1821,1888
1821,1887
1822,1887
1822,1886
1823,1886
1823,1884
1824,1884
1824,1882
1825,1882
1825,1880
1826,1880
1826,1876
1824,1876
1824,1875
1823,1875
1823,1874
1824,1874
1824,1872
1825,1872
1825,1870
1826,1870
1826,1868
1827,1868
1827,1866
1828,1866
1828,1864
1829,1864
1829,1862
1830,1862
1830,1857
1831,1857
1831,1850
1832,1850
1832,1849
1833,1849
1833,1848
1835,1848
1835,1847
1838,1847
1838,1846
1842,1846
1842,1845
1847,1845
1847,1847
1848,1847
1848,1849
1849,1849
1849,1851
1850,1851
1850,1853
1851,1853
1851,1859
1852,1859
1852,1863
1853,1863
1853,1867
1854,1867
1854,1870
1855,1870
1855,1873
1856,1873
1856,1874
1857,1874
1857,1876
1858,1876
1858,1877
1859,1877
1859,1884
1858,1884
1858,1887
1857,1887
1857,1888
1856,1888
1856,1890
1855,1890
1855,1891
1854,1891
1854,1893
1853,1893
1853,1895
1852,1895
1852,1896
1851,1896
1851,1897
1850,1897
1850,1898
1848,1898
1848,1897
1847,1897
1847,1896
1846,1896
1846,1894
1845,1894
1845,1893
1843,1893
1843,1892
1839,1892
1839,1893
1837,1893
1837,1894
1836,1894
1836,1895
1835,1895
1835,1897
1834,1897
1834,1898
1833,1898
1833,1901
1832,1901
1832,1906
1831,1906
1831,1910
1830,1910
1830,1912
1829,1912
1829,1916
1828,1916
1828,1926
1829,1926
1829,1929
1831,1929
1831,1930
1833,1930
1833,1931
1834,1931
1834,1933
1835,1933
1835,1939
1836,1939
1836,1941
1837,1941
1837,1943
1838,1943
1838,1945
1839,1945
1839,1947
1840,1947
1840,1948
1841,1948
1841,1950
1842,1950
1842,1959
1841,1959
1841,1961
1840,1961
1840,1963
1839,1963
1839,1964
1838,1964
1838,1966
1837,1966
1837,1967
1836,1967
1836,1969
1835,1969
1835,1970
1834,1970
1834,1971
1833,1971
1833,1972
1832,1972
1832,1974
1831,1974
1831,1975
1830,1975
1830,1976
1829,1976
1829,1977
1828,1977
1828,1978
1827,1978
1827,1979
1826,1979
1826,1980
1825,1980
1825,1982
1824,1982
1824,1983
1823,1983
1823,1985
1822,1985
1822,1987
1821,1987
1821,1989
1820,1989
1820,1990
1819,1990
1819,1991
1818,1991
1818,1992
1817,1992
1817,1993
1815,1993
1815,1994
1810,1994
1810,1993
1803,1993
1803,1994
1802,1994
1802,1993
1799,1993
1799,1992
1797,1992
1797,1991
1796,1991
1796,1990
1795,1990
1795,1989
1793,1989
1793,1988
1792,1988
1792,1987
1789,1987
1789,1986
1786,1986
1786,1985
1778,1985
1778,1986
1775,1986
1775,1987
1773,1987
1773,1988
1771,1988
1771,1989
1770,1989
1770,1990
1768,1990
1768,1991
1767,1991
1767,1992
1766,1992
1766,1993
1765,1993
1765,1995
1764,1995
1764,1996
1763,1996
1763,1999
1762,1999
1762,2001
1761,2001
1761,2005
1760,2005
1760,2010
1761,2010
1761,2015
1762,2015
1762,2018
1763,2018
1763,2020
1764,2020
1764,2022
1765,2022
1765,2023
1766,2023
1766,2024
1767,2024
1767,2025
1768,2025
1768,2026
1769,2026
1769,2027
1770,2027
1770,2028
1771,2028
1771,2029
1772,2029
1772,2030
1773,2030
1773,2031
1774,2031
1774,2035
1764,2035
1764,2036
1761,2036
1761,2037
1758,2037
1758,2038
1756,2038
1756,2039
1754,2039
1754,2040
1751,2040
1751,2039
1750,2039
1750,2037
1749,2037
1749,2035
1745,2035
1745,2028
1746,2028
1746,2025
1747,2025
1747,2023
1748,2023
1748,2019
1747,2019
1747,2016
1746,2016
1746,2015
1745,2015
1745,2014
1744,2014
1744,2012
1743,2012
1743,2011
1742,2011
1742,2010
1741,2010
1741,2008
1740,2008
1740,2007
1739,2007
1739,2006
1738,2006
1738,2004
1737,2004
1737,2003
1736,2003
1736,2002
1735,2002
1735,2001
1734,2001
1734,2000
1733,2000
1733,1999
1732,1999
1732,1998
1731,1998
1731,1997
1730,1997
1730,1996
1728,1996
1728,1995
1726,1995
1726,1994
1723,1994
1723,1993
1719,1993
1719,1992
1699,1992
1699,1991
1697,1991
1697,1990
1694,1990
1694,1989
1691,1989
1691,1988
1687,1988
1687,1987
1684,1987
1684,1986
1677,1986
1677,1987
1674,1987
1674,1986
1672,1986
1672,1985
1671,1985
1671,1984
1670,1984
1670,1982
1669,1982
1669,1977
1670,1977
1670,1976
1671,1976
1671,1975
1672,1975
1672,1974
1673,1974
1673,1973
1674,1973
1674,1971
1675,1971
1675,1970
1676,1970
1676,1969
1679,1969
1679,1970
1680,1970
1680,1971
1681,1971
1681,1972
1682,1972
1682,1974
1683,1974
1683,1975
1684,1975
1684,1976
1685,1976
1685,1977
1686,1977
1686,1978
1688,1978
1688,1979
1689,1979
1689,1980
1691,1980
1691,1981
1693,1981
1693,1982
1697,1982
1697,1983
1705,1983
1705,1982
1714,1982
1714,1983
1718,1983
1718,1984
1722,1984
1722,1985
1733,1985
1733,1984
1736,1984
1736,1983
1739,1983
1739,1982
1741,1982
1741,1981
1742,1981
1742,1980
1744,1980
1744,1979
1745,1979
1745,1978
1746,1978
1746,1977
1747,1977
1747,1975
1748,1975
1748,1974
1749,1974
1749,1973
1750,1973
1750,1971
1751,1971
1751,1969
1752,1969
1752,1966
1753,1966
1753,1955
1752,1955
1752,1953
1751,1953
1751,1951
1750,1951
1750,1949
1749,1949
1749,1947
1748,1947
1748,1946
1747,1946
1747,1945
1746,1945
1746,1943
1745,1943
1745,1942
1744,1942
1744,1941
1743,1941
1743,1940
1742,1940
1742,1939
1741,1939
1741,1938
1739,1938
1739,1937
1738,1937
1738,1936
1736,1936
1736,1935
1734,1935
1734,1934
1732,1934
1732,1933
1730,1933
1730,1932
1729,1932
1729,1931
1728,1931
1728,1930
1727,1930
1727,1929
1728,1929
1728,1927
1729,1927
1729,1926
1731,1926
1731,1925
1733,1925
1733,1924
1735,1924
1735,1923
1736,1923
1736,1922
1738,1922
1738,1921
1740,1921
1740,1920
1741,1920
1741,1919
1743,1919
1743,1918
1744,1918
1744,1917
1746,1917
1746,1916
1747,1916
1747,1915
1749,1915
1749,1914
1750,1914
1750,1913
1751,1913
1751,1912
1752,1912
1752,1911
1753,1911
1753,1910
1754,1910
1754,1909
1755,1909
1755,1908
1756,1908
1756,1906
1757,1906
1757,1896
1756,1896
1756,1893
1755,1893
1755,1891
1754,1891
1754,1890
1753,1890
1753,1888
1752,1888
1752,1887
1751,1887
1751,1886
1750,1886
1750,1885
1748,1885
1748,1884
1746,1884
1746,1883
1743,1883
1743,1882
1738,1882
1738,1881
1730,1881
1730,1882
1725,1882
1725,1883
1722,1883
1722,1884
1719,1884
1719,1885
1716,1885
1716,1886
1713,1886
1713,1887
1709,1887
1709,1888
1705,1888
1705,1889
1700,1889
1700,1888
1699,1888
1699,1887
1700,1887
1700,1882
1701,1882
1701,1868
1700,1868
1700,1862
1705,1862
1705,1861
1707,1861
1707,1860
1708,1860
1708,1859
1710,1859
1710,1858
1712,1858
1712,1857
1714,1857
1714,1856
1715,1856
1715,1855
1716,1855
1716,1854
1717,1854
1717,1853
1718,1853
1718,1852
1719,1852
1719,1850
1720,1850
1720,1849
1721,1849
1721,1846
1722,1846
1722,1843
1723,1843
1723,1837
1722,1837
1722,1834
1721,1834
1721,1831
1720,1831
1720,1828
1719,1828
1719,1826
1718,1826
1718,1824
1717,1824
1717,1823
1716,1823
1716,1822
1715,1822
1715,1820
1714,1820
1714,1819
1712,1819
1712,1818
1711,1818
1711,1817
1710,1817
1710,1816
1708,1816
1708,1815
1706,1815
1706,1814
1701,1814
1701,1813
1688,1813
1688,1814
1683,1814
1683,1815
1680,1815
1680,1816
1678,1816
1678,1817
1677,1817
1677,1818
1675,1818
1675,1819
1674,1819
1674,1820
1672,1820
1672,1821
1671,1821
1671,1822
1669,1822
1669,1823
1668,1823
1668,1824
1667,1824
1667,1825
1666,1825
1666,1826
1665,1826
1665,1828
1664,1828
1664,1829
1663,1829
1663,1831
1662,1831
1662,1832
1661,1832
1661,1833
1656,1833
1656,1832
1654,1832
1654,1831
1652,1831
1652,1830
1649,1830
1649,1829
1638,1829
1638,1830
1635,1830
1635,1831
1633,1831
1633,1832
1632,1832
1632,1833
1630,1833
1630,1834
1629,1834
1629,1835
1628,1835
1628,1836
1627,1836
1627,1837
1626,1837
1626,1838
1625,1838
1625,1839
1624,1839
1624,1840
1623,1840
1623,1841
1622,1841
1622,1843
1621,1843
1621,1845
1620,1845
1620,1847
1619,1847
1619,1851
1618,1851
1618,1861
1619,1861
1619,1865
1620,1865
1620,1868
1621,1868
1621,1870
1622,1870
1622,1871
1623,1871
1623,1873
1624,1873
1624,1874
1625,1874
1625,1876
1626,1876
1626,1877
1627,1877
1627,1882
1626,1882
1626,1883
1624,1883
1624,1884
1622,1884
1622,1885
1621,1885
1621,1886
1618,1886
1618,1887
1616,1887
1616,1888
1615,1888
1615,1889
1613,1889
1613,1890
1612,1890
1612,1891
1610,1891
1610,1892
1609,1892
1609,1893
1607,1893
1607,1894
1605,1894
1605,1895
1603,1895
1603,1896
1602,1896
1602,1897
1601,1897
1601,1898
1600,1898
1600,1899
1599,1899
1599,1900
1597,1900
1597,1901
1596,1901
1596,1902
1595,1902
1595,1903
1594,1903
1594,1904
1593,1904
1593,1905
1592,1905
1592,1906
1591,1906
1591,1908
1590,1908
1590,1909
1589,1909
1589,1910
1588,1910
1588,1912
1587,1912
1587,1914
1586,1914
1586,1924
1587,1924
1587,1926
1588,1926
1588,1928
1589,1928
1589,1930
1590,1930
1590,1931
1591,1931
1591,1932
1593,1932
1593,1933
1594,1933
1594,1934
1595,1934
1595,1935
1596,1935
1596,1938
1597,1938
1597,1945
1598,1945
1598,1951
1599,1951
1599,1955
1600,1955
1600,1957
1601,1957
1601,1958
1602,1958
1602,1960
1603,1960
1603,1961
1604,1961
1604,1962
1605,1962
1605,1963
1606,1963
1606,1964
1607,1964
1607,1965
1608,1965
1608,1966
1609,1966
1609,1967
1611,1967
1611,1968
1612,1968
1612,1969
1614,1969
1614,1970
1615,1970
1615,1972
1614,1972
1614,1973
1613,1973
1613,1974
1611,1974
1611,1975
1610,1975
1610,1976
1609,1976
1609,1977
1608,1977
1608,1978
1607,1978
1607,1979
1606,1979
1606,1981
1605,1981
1605,1982
1604,1982
1604,1984
1603,1984
1603,1986
1602,1986
1602,1989
1601,1989
1601,2001
1602,2001
1602,2004
1603,2004
1603,2006
1604,2006
1604,2007
1605,2007
1605,2008
1606,2008
1606,2010
1608,2010
1608,2011
1609,2011
1609,2012
1610,2012
1610,2013
1611,2013
1611,2014
1612,2014
1612,2015
1613,2015
1613,2016
1614,2016
1614,2019
1615,2019
1615,2022
1614,2022
1614,2023
1613,2023
1613,2025
1611,2025
1611,2026
1607,2026
1607,2027
1605,2027
1605,2028
1604,2028
1604,2029
1603,2029
1603,2030
1602,2030
1602,2031
1601,2031
1601,2032
1600,2032
1600,2034
1599,2034
1599,2036
1598,2036
1598,2042
1597,2042
1597,2050
1598,2050
1598,2054
1599,2054
1599,2056
955,2056
955,2052
954,2052
954,2049
953,2049
953,2047
952,2047
952,2046
951,2046
951,2044
950,2044
950,2043
949,2043
949,2042
948,2042
948,2040
947,2040
947,2039
946,2039
946,2038
945,2038
945,2037
944,2037
944,2036
942,2036
942,2035
933,2035
933,2036
931,2036
931,2037
930,2037
930,2038
929,2038
929,2039
928,2039
928,2040
926,2040
926,2042
925,2042
925,2043
924,2043
924,2044
923,2044
923,2045
922,2045
922,2047
921,2047
921,2048
920,2048
920,2050
919,2050
919,2053
918,2053
918,2056
866,2056
866,2050
865,2050
865,2045
864,2045
864,2041
863,2041
863,2039
862,2039
862,2038
861,2038
861,2037
860,2037
860,2036
859,2036
859,2035
857,2035
857,2034
856,2034
856,2033
855,2033
855,2031
854,2031
854,2030
852,2030
852,2029
851,2029
851,2028
850,2028
850,2027
849,2027
849,2026
848,2026
848,2020
849,2020
849,2015
850,2015
850,2012
851,2012
851,2011
854,2011
854,2010
856,2010
856,2009
857,2009
857,2008
859,2008
859,2007
861,2007
861,2006
863,2006
863,2005
865,2005
865,2004
867,2004
867,2003
868,2003
868,2002
869,2002
869,2001
870,2001
870,2000
871,2000
871,1998
872,1998
872,1996
873,1996
873,1995
874,1995
874,1993
875,1993
875,1992
877,1992
877,1991
881,1991
881,1990
882,1990
882,1991
885,1991
885,1992
890,1992
890,1993
900,1993
900,1992
902,1992
902,1991
904,1991
904,1990
905,1990
905,1989
906,1989
906,1988
907,1988
907,1987
908,1987
908,1984
909,1984
909,1982
910,1982
910,1973
909,1973
909,1971
908,1971
908,1969
907,1969
907,1967
906,1967
906,1966
905,1966
905,1965
903,1965
903,1964
901,1964
901,1963
890,1963
890,1964
889,1964
889,1965
887,1965
887,1966
886,1966
886,1967
885,1967
885,1968
884,1968
884,1969
881,1969
881,1967
880,1967
880,1966
876,1966
876,1965
875,1965
875,1964
874,1964
874,1962
873,1962
873,1958
872,1958
872,1955
871,1955
871,1953
870,1953
870,1951
869,1951
869,1949
868,1949
868,1947
867,1947
867,1946
866,1946
866,1945
865,1945
865,1944
864,1944
864,1942
863,1942
863,1941
862,1941
862,1940
861,1940
861,1939
860,1939
860,1938
859,1938
859,1937
858,1937
858,1936
856,1936
856,1935
855,1935
855,1934
854,1934
854,1933
853,1933
853,1932
852,1932
852,1930
851,1930
851,1928
850,1928
850,1927
849,1927
849,1926
848,1926
848,1924
847,1924
847,1923
846,1923
846,1922
845,1922
845,1921
844,1921
844,1920
843,1920
843,1919
842,1919
842,1917
841,1917
841,1916
842,1916
842,1914
843,1914
843,1912
844,1912
844,1911
845,1911
845,1910
846,1910
846,1908
847,1908
847,1907
848,1907
848,1906
849,1906
849,1904
850,1904
850,1902
851,1902
851,1900
852,1900
852,1898
853,1898
853,1895
854,1895
854,1892
855,1892
855,1890
856,1890
856,1886
857,1886
857,1884
858,1884
858,1882
859,1882
859,1880
860,1880
860,1879
861,1879
861,1877
862,1877
862,1876
864,1876
864,1875
866,1875
866,1874
868,1874
868,1873
869,1873
869,1871
870,1871
870,1869
871,1869
871,1863
872,1863
872,1860
871,1860
871,1853
870,1853
870,1850
869,1850
869,1847
868,1847
868,1845
867,1845
867,1843
866,1843
866,1840
865,1840
865,1837
864,1837
864,1836
863,1836
863,1835
862,1835
862,1834
861,1834
861,1830
862,1830
862,1828
863,1828
863,1827
864,1827
864,1825
866,1825
866,1824
868,1824
868,1823
870,1823
870,1821
871,1821
871,1817
872,1817
872,1814
873,1814
873,1813
880,1813
880,1812
881,1812
881,1810
892,1810
892,1809
895,1809
895,1808
897,1808
897,1807
898,1807
898,1806
899,1806
899,1805
900,1805
900,1803
901,1803
901,1800
902,1800
902,1798
903,1798
903,1796
904,1796
904,1795
905,1795
905,1793
906,1793
906,1790
907,1790
907,1778
906,1778
906,1776
905,1776
905,1774
904,1774
904,1772
903,1772
903,1771
902,1771
902,1770
901,1770
901,1769
900,1769
900,1768
899,1768
899,1767
898,1767
898,1766
897,1766
897,1765
896,1765
896,1764
895,1764
895,1763
893,1763
893,1762
892,1762
892,1761
890,1761
890,1760
888,1760
888,1759
885,1759
885,1758
882,1758
882,1757
877,1757
877,1756
863,1756
863,1755
861,1755
861,1754
860,1754
860,1752
859,1752
859,1748
858,1748
858,1736
857,1736
857,1733
856,1733
856,1731
857,1731
857,1730
858,1730
858,1729
860,1729
860,1728
861,1728
861,1727
863,1727
863,1726
864,1726
864,1725
865,1725
865,1724
866,1724
866,1722
867,1722
867,1721
868,1721
868,1719
869,1719
869,1717
870,1717
870,1714
871,1714
871,1704
870,1704
870,1701
869,1701
869,1699
868,1699
868,1697
867,1697
867,1696
866,1696
866,1694
865,1694
865,1693
863,1693
863,1692
862,1692
862,1691
861,1691
861,1690
859,1690
859,1689
857,1689
857,1688
855,1688
855,1687
852,1687
852,1686
850,1686
850,1685
849,1685
849,1682
848,1682
848,1678
849,1678
849,1675
850,1675
850,1672
851,1672
851,1668
852,1668
852,1665
853,1665
853,1664
854,1664
854,1662
855,1662
855,1661
856,1661
856,1660
857,1660
857,1659
859,1659
859,1658
861,1658
861,1657
863,1657
863,1656
864,1656
864,1655
865,1655
865,1653
866,1653
866,1652
867,1652
867,1650
868,1650
868,1649
869,1649
869,1647
870,1647
870,1645
871,1645
871,1644
872,1644
872,1641
873,1641
873,1640
874,1640
874,1630
873,1630
873,1625
872,1625
872,1623
871,1623
871,1614
872,1614
872,1600
871,1600
871,1596
870,1596
870,1594
869,1594
869,1592
868,1592
868,1590
867,1590
867,1588
866,1588
866,1587
865,1587
865,1582
864,1582
864,1578
863,1578
863,1574
862,1574
862,1569
861,1569
861,1568
860,1568
860,1566
859,1566
859,1563
858,1563
858,1561
857,1561
857,1560
856,1560
856,1558
855,1558
855,1556
854,1556
854,1554
853,1554
853,1552
852,1552
852,1551
851,1551
851,1550
850,1550
850,1548
849,1548
849,1547
848,1547
848,1546
847,1546
847,1545
846,1545
846,1544
845,1544
845,1543
844,1543
844,1542
842,1542
842,1541
841,1541
841,1540
839,1540
839,1539
838,1539
838,1538
836,1538
836,1537
835,1537
835,1536
834,1536
834,1535
833,1535
833,1533
832,1533
832,1529
831,1529
831,1521
830,1521
830,1514
829,1514
829,1512
830,1512
830,1509
831,1509
831,1506
832,1506
832,1502
831,1502
831,1499
830,1499
830,1498
829,1498
829,1497
828,1497
828,1495
826,1495
826,1494
824,1494
824,1493
821,1493
821,1492
819,1492
819,1491
817,1491
817,1490
815,1490
815,1489
814,1489
814,1488
812,1488
812,1487
809,1487
809,1486
804,1486
804,1485
799,1485
799,1486
795,1486
795,1487
792,1487
792,1488
790,1488
790,1489
788,1489
788,1490
787,1490
787,1491
785,1491
785,1492
784,1492
784,1493
783,1493
783,1494
782,1494
782,1495
781,1495
781,1497
780,1497
780,1498
779,1498
779,1500
778,1500
778,1501
777,1501
777,1502
774,1502
774,1501
772,1501
772,1500
771,1500
771,1499
769,1499
769,1498
766,1498
766,1497
759,1497
759,1496
756,1496
756,1497
751,1497
751,1498
748,1498
748,1499
746,1499
746,1500
743,1500
743,1501
740,1501
740,1502
737,1502
737,1503
732,1503
732,1504
721,1504
721,1503
717,1503
717,1502
714,1502
714,1501
709,1501
709,1500
703,1500
703,1499
699,1499
699,1498
698,1498
698,1486
697,1486
697,1482
696,1482
696,1479
695,1479
695,1477
694,1477
694,1475
693,1475
693,1474
692,1474
692,1473
691,1473
691,1472
690,1472
690,1471
688,1471
688,1470
686,1470
686,1469
683,1469
683,1468
679,1468
679,1467
672,1467
672,1468
669,1468
669,1469
666,1469
666,1470
665,1470
665,1471
663,1471
663,1472
662,1472
662,1473
661,1473
661,1474
660,1474
660,1475
659,1475
659,1476
658,1476
658,1477
657,1477
657,1479
656,1479
656,1481
655,1481
655,1483
654,1483
654,1486
653,1486
653,1489
652,1489
652,1490
647,1490
647,1489
641,1489
641,1490
636,1490
636,1491
633,1491
633,1492
631,1492
631,1493
628,1493
628,1494
627,1494
627,1495
625,1495
625,1496
624,1496
624,1497
623,1497
623,1498
622,1498
622,1499
621,1499
621,1500
620,1500
620,1501
609,1501
609,1502
603,1502
603,1503
601,1503
601,1504
599,1504
599,1505
596,1505
596,1506
592,1506
592,1507
591,1507
591,1508
589,1508
589,1509
587,1509
587,1510
584,1510
584,1509
583,1509
583,1507
582,1507
582,1496
581,1496
581,1494
580,1494
580,1492
579,1492
579,1490
578,1490
578,1489
577,1489
577,1487
576,1487
576,1486
575,1486
575,1484
574,1484
574,1482
573,1482
573,1481
572,1481
572,1480
559,1480
559,1481
551,1481
551,1482
538,1482
538,1483
534,1483
534,1484
531,1484
531,1485
529,1485
529,1486
528,1486
528,1487
526,1487
526,1488
525,1488
525,1489
524,1489
524,1490
519,1490
519,1491
511,1491
511,1492
505,1492
505,1491
489,1491
489,1490
486,1490
486,1489
484,1489
484,1488
481,1488
481,1487
480,1487
480,1486
477,1486
477,1485
474,1485
474,1484
472,1484
472,1483
470,1483
470,1481
469,1481
469,1480
468,1480
468,1478
467,1478
467,1477
466,1477
466,1476
465,1476
465,1475
464,1475
464,1474
462,1474
462,1473
460,1473
460,1472
456,1472
456,1471
441,1471
441,1470
422,1470
422,1471
419,1471
419,1472
417,1472
417,1473
416,1473
416,1474
414,1474
414,1475
413,1475
413,1476
411,1476
411,1477
408,1477
408,1478
406,1478
406,1479
404,1479
404,1480
401,1480
401,1481
399,1481
399,1482
397,1482
397,1483
395,1483
395,1484
393,1484
393,1485
392,1485
392,1486
388,1486
388,1487
381,1487
381,1486
374,1486
374,1487
373,1487
373,1488
372,1488
372,1489
371,1489
371,1490
367,1490
367,1489
366,1489
366,1488
364,1488
364,1487
363,1487
363,1486
361,1486
361,1485
359,1485
359,1484
357,1484
357,1483
346,1483
346,1484
345,1484
345,1483
340,1483
340,1484
338,1484
338,1485
336,1485
336,1484
328,1484
328,1485
327,1485
327,1486
325,1486
325,1487
318,1487
318,1488
315,1488
315,1487
311,1487
311,1486
307,1486
307,1485
305,1485
305,1484
304,1484
304,1483
303,1483
303,1482
302,1482
302,1481
301,1481
301,1480
300,1480
300,1479
299,1479
299,1478
298,1478
298,1477
297,1477
297,1476
296,1476
296,1475
295,1475
295,1474
294,1474
294,1473
293,1473
293,1472
291,1472
291,1471
290,1471
290,1470
288,1470
288,1469
287,1469
287,1468
286,1468
286,1467
285,1467
285,1466
284,1466
284,1465
282,1465
282,1464
281,1464
281,1463
279,1463
279,1462
278,1462
278,1461
275,1461
275,1460
273,1460
273,1459
270,1459
270,1458
268,1458
268,1457
267,1457
267,1456
266,1456
266,1454
265,1454
265,1452
264,1452
264,1449
263,1449
263,1447
262,1447
262,1445
261,1445
261,1444
260,1444
260,1442
259,1442
259,1441
258,1441
258,1440
257,1440
257,1439
256,1439
256,1438
255,1438
255,1437
254,1437
254,1433
253,1433
253,1425
252,1425
252,1422
251,1422
251,1420
250,1420
250,1419
249,1419
249,1418
248,1418
248,1417
247,1417
247,1416
245,1416
245,1415
244,1415
244,1414
241,1414
241,1413
239,1413
239,1412
236,1412
236,1411
234,1411
234,1410
231,1410
231,1409
219,1409
219,1410
216,1410
216,1411
214,1411
214,1412
212,1412
212,1413
211,1413
211,1414
209,1414
209,1415
208,1415
208,1416
206,1416
206,1417
205,1417
205,1418
204,1418
204,1419
203,1419
203,1420
202,1420
202,1421
201,1421
201,1422
200,1422
200,1423
199,1423
199,1425
198,1425
198,1428
197,1428
197,1433
196,1433
196,1437
197,1437
197,1446
196,1446
196,1447
190,1447
190,1448
186,1448
186,1449
183,1449
183,1450
181,1450
181,1451
179,1451
179,1452
177,1452
177,1453
176,1453
176,1454
175,1454
175,1455
173,1455
173,1456
172,1456
172,1457
171,1457
171,1459
170,1459
170,1460
169,1460
169,1462
168,1462
168,1464
167,1464
167,1466
166,1466
166,1467
165,1467
165,1470
164,1470
164,1476
163,1476
163,1479
162,1479
162,1480
158,1480
158,1479
155,1479
155,1480
154,1480
154,1479
153,1479
153,1475
152,1475
152,1470
151,1470
151,1468
150,1468
150,1467
149,1467
149,1465
148,1465
148,1463
147,1463
147,1461
146,1461
146,1459
145,1459
145,1458
144,1458
144,1457
143,1457
143,1455
142,1455
142,1454
141,1454
141,1453
140,1453
140,1452
139,1452
139,1451
138,1451
138,1446
139,1446
139,1444
140,1444
140,1443
141,1443
141,1442
142,1442
142,1440
143,1440
143,1439
144,1439
144,1436
145,1436
145,1434
146,1434
146,1430
147,1430
147,1418
146,1418
146,1414
145,1414
145,1411
144,1411
144,1409
143,1409
143,1407
142,1407
142,1405
141,1405
141,1403
142,1403
142,1400
143,1400
143,1397
144,1397
144,1396
145,1396
145,1394
146,1394
146,1392
147,1392
147,1390
148,1390
148,1387
149,1387
149,1384
150,1384
150,1378
149,1378
149,1375
148,1375
148,1373
147,1373
147,1371
146,1371
146,1369
145,1369
145,1368
144,1368
144,1367
143,1367
143,1366
142,1366
142,1365
140,1365
140,1364
139,1364
139,1363
136,1363
136,1362
129,1362
129,1361
126,1361
126,1362
123,1362
123,1363
120,1363
120,1364
118,1364
118,1365
117,1365
117,1366
115,1366
115,1367
114,1367
114,1368
113,1368
113,1369
112,1369
112,1371
111,1371
111,1372
110,1372
110,1374
109,1374
109,1377
108,1377
108,1388
109,1388
109,1391
110,1391
110,1395
111,1395
111,1396
110,1396
110,1398
109,1398
109,1399
107,1399
107,1400
103,1400
103,1401
100,1401
100,1402
98,1402
98,1403
96,1403
96,1404
94,1404
94,1405
93,1405
93,1406
92,1406
92,1407
90,1407
90,1408
89,1408
89,1409
88,1409
88,1411
87,1411
87,1412
86,1412
86,1411
85,1411
85,1409
84,1409
84,1406
83,1406
83,1404
82,1404
82,1403
81,1403
81,1401
80,1401
80,1400
78,1400
78,1399
77,1399
77,1398
76,1398
76,1397
73,1397
73,1396
71,1396
71,1395
61,1395
61,1396
58,1396
58,1397
56,1397
56,1398
54,1398
54,1399
52,1399
52,1400
51,1400
51,1401
49,1401
49,1402
48,1402
48,1403
47,1403
47,1404
45,1404
45,1405
43,1405
43,1404
41,1404
41,1403
39,1403
39,1402
37,1402
37,1401
36,1401
36,1400
35,1400
35,1399
34,1399
34,1397
33,1397
33,1394
34,1394
34,1392
35,1392
35,1390
36,1390
36,1389
37,1389
37,1388
38,1388
38,1387
39,1387
39,1386
41,1386
41,1385
43,1385
43,1384
45,1384
45,1383
47,1383
47,1382
49,1382
49,1381
51,1381
51,1380
53,1380
53,1379
55,1379
55,1378
57,1378
57,1377
58,1377
58,1376
60,1376
60,1375
61,1375
61,1374
62,1374
62,1372
63,1372
63,1371
64,1371
64,1368
65,1368
65,1366
66,1366
66,1352
65,1352
65,1349
64,1349
64,1347
63,1347
63,1345
62,1345
62,1344
61,1344
61,1343
60,1343
60,1342
59,1342
59,1340
57,1340
57,1339
56,1339
56,1338
55,1338
55,1337
54,1337
54,1336
53,1336
53,1335
51,1335
51,1334
49,1334
49,1333
42,1333
42,1332
40,1332
40,1331
37,1331
37,1330
31,1330
31,1329
28,1329
28,1330
22,1330
22,1331
19,1331
19,1332
17,1332
17,1333
14,1333
14,1334
13,1334
13,1335
11,1335
11,1336
10,1336
10,1337
8,1337
8,1338
7,1338
7,1339
6,1339
6,1341
5,1341
5,1342
4,1342
4,1343
3,1343
3,1345
2,1345
2,1347
1,1347
1,1349
0,1349
0,1087
6,1087
6,1086
13,1086
13,1085
16,1085
16,1084
18,1084
18,1083
20,1083
20,1082
22,1082
22,1081
24,1081
24,1080
26,1080
26,1079
27,1079
27,1078
28,1078
28,1077
29,1077
29,1075
30,1075
30,1074
31,1074
31,1071
32,1071
32,1066
33,1066
33,1064
32,1064
32,1058
31,1058
31,1051
30,1051
30,1049
29,1049
29,1048
28,1048
28,1047
27,1047
27,1046
26,1046
26,1045
24,1045
24,1044
23,1044
23,1043
21,1043
21,1042
20,1042
20,1041
18,1041
18,1040
17,1040
17,1039
15,1039
15,1038
13,1038
13,1037
11,1037
11,1036
0,1036
0,879
5,879
5,878
8,878
8,877
10,877
10,876
11,876
11,875
12,875
12,874
14,874
14,872
15,872
15,871
16,871
16,869
17,869
17,867
18,867
18,864
19,864
19,856
18,856
18,852
17,852
17,850
16,850
16,848
15,848
15,847
14,847
14,846
13,846
13,845
12,845
12,844
10,844
10,843
9,843
9,842
6,842
6,841
3,841
3,840
0,840
0,685
4,685
4,684
9,684
9,683
13,683
13,682
18,682
18,681
22,681
22,680
25,680
25,679
35,679
35,678
40,678
40,677
45,677
45,676
50,676
50,675
52,675
52,674
55,674
55,673
57,673
57,672
60,672
60,673
61,673
61,674
62,674
62,676
63,676
63,678
64,678
64,680
65,680
65,682
66,682
66,684
67,684
67,685
68,685
68,687
69,687
69,688
70,688
70,689
71,689
71,690
73,690
73,691
74,691
74,692
76,692
76,693
78,693
78,694
80,694
80,695
83,695
83,696
88,696
88,697
97,697
97,696
100,696
100,695
102,695
102,694
104,694
104,693
105,693
105,692
106,692
106,690
107,690
107,689
108,689
108,687
109,687
109,685
110,685
110,682
111,682
111,680
112,680
112,678
113,678
113,674
112,674
112,671
111,671
111,668
110,668
110,666
109,666
109,664
108,664
108,663
107,663
107,661
106,661
106,660
105,660
105,658
104,658
104,655
103,655
103,653
104,653
104,650
106,650
106,649
107,649
107,648
109,648
109,646
110,646
110,645
111,645
111,644
112,644
112,643
113,643
113,642
114,642
114,641
115,641
115,639
116,639
116,638
117,638
117,637
118,637
118,636
119,636
119,635
122,635
122,634
128,634
128,635
129,635
129,636
130,636
130,638
131,638
131,641
132,641
132,643
133,643
133,645
134,645
134,646
135,646
135,648
137,648
137,649
138,649
138,650
139,650
139,651
141,651
141,652
142,652
142,653
144,653
144,654
146,654
146,655
149,655
149,656
152,656
152,657
164,657
164,658
169,658
169,659
171,659
171,660
173,660
173,661
180,661
180,662
183,662
183,664
184,664
184,674
185,674
185,678
186,678
186,681
187,681
187,683
188,683
188,685
189,685
189,686
190,686
190,687
191,687
191,688
192,688
192,689
193,689
193,690
194,690
194,691
195,691
195,692
197,692
197,693
198,693
198,694
199,694
199,696
200,696
200,697
201,697
201,698
202,698
202,699
203,699
203,700
204,700
204,708
203,708
203,710
201,710
201,711
200,711
200,712
199,712
199,714
198,714
198,720
199,720
199,721
198,721
198,724
197,724
197,728
196,728
196,730
195,730
195,741
196,741
196,742
197,742
197,743
198,743
198,744
199,744
199,745
200,745
200,746
201,746
201,747
202,747
202,748
204,748
204,749
205,749
205,750
206,750
206,751
208,751
208,752
211,752
211,753
214,753
214,757
213,757
213,759
212,759
212,761
211,761
211,766
210,766
210,770
209,770
209,777
210,777
210,781
211,781
211,784
212,784
212,786
213,786
213,788
214,788
214,789
215,789
215,791
217,791
217,792
218,792
218,793
219,793
219,794
221,794
221,795
223,795
223,796
236,796
236,797
242,797
242,798
245,798
245,799
252,799
252,800
254,800
254,799
262,799
262,798
265,798
265,797
269,797
269,796
272,796
272,795
281,795
281,796
283,796
283,797
284,797
284,798
285,798
285,799
286,799
286,800
287,800
287,801
288,801
288,802
290,802
290,803
291,803
291,804
293,804
293,805
295,805
295,806
299,806
299,807
305,807
305,806
310,806
310,805
311,805
311,806
312,806
312,807
313,807
313,810
314,810
314,812
315,812
315,814
316,814
316,815
317,815
317,817
318,817
318,818
319,818
319,819
320,819
320,824
319,824
319,825
318,825
318,826
317,826
317,827
316,827
316,828
315,828
315,830
314,830
314,831
313,831
313,833
312,833
312,836
311,836
311,838
310,838
310,839
309,839
309,840
308,840
308,841
305,841
305,840
302,840
302,839
300,839
300,838
297,838
297,837
296,837
296,836
294,836
294,835
292,835
292,834
282,834
282,835
278,835
278,836
275,836
275,837
273,837
273,838
271,838
271,839
270,839
270,840
269,840
269,841
268,841
268,843
267,843
267,844
266,844
266,845
265,845
265,846
264,846
264,848
263,848
263,850
262,850
262,862
263,862
263,866
264,866
264,868
265,868
265,870
266,870
266,871
267,871
267,873
268,873
268,874
269,874
269,875
270,875
270,876
271,876
271,877
273,877
273,878
274,878
274,879
276,879
276,880
278,880
278,881
280,881
280,882
283,882
283,883
289,883
289,884
295,884
295,885
302,885
302,886
307,886
307,887
313,887
313,886
318,886
318,885
321,885
321,884
323,884
323,883
324,883
324,882
325,882
325,881
326,881
326,879
327,879
327,878
328,878
328,876
329,876
329,875
330,875
330,874
331,874
331,873
332,873
332,874
333,874
333,875
336,875
336,876
342,876
342,877
344,877
344,878
345,878
345,879
347,879
347,880
349,880
349,881
351,881
351,882
352,882
352,883
353,883
353,884
355,884
355,885
357,885
357,886
359,886
359,887
360,887
360,889
359,889
359,891
358,891
358,893
357,893
357,894
356,894
356,896
355,896
355,900
354,900
354,902
353,902
353,905
352,905
352,917
353,917
353,920
354,920
354,923
355,923
355,931
354,931
354,933
353,933
353,935
352,935
352,938
351,938
351,942
350,942
350,948
349,948
349,954
348,954
348,955
344,955
344,954
339,954
339,953
331,953
331,952
320,952
320,953
318,953
318,952
316,952
316,951
317,951
317,950
318,950
318,949
320,949
320,948
322,948
322,947
323,947
323,946
325,946
325,945
326,945
326,943
327,943
327,940
328,940
328,936
327,936
327,930
326,930
326,927
325,927
325,925
324,925
324,923
323,923
323,922
322,922
322,921
321,921
321,919
320,919
320,918
319,918
319,917
318,917
318,916
316,916
316,915
313,915
313,914
308,914
308,915
304,915
304,916
302,916
302,917
300,917
300,918
299,918
299,919
298,919
298,921
297,921
297,922
296,922
296,923
294,923
294,924
288,924
288,925
283,925
283,924
280,924
280,923
277,923
277,922
273,922
273,921
269,921
269,922
266,922
266,923
263,923
263,924
259,924
259,925
258,925
258,926
256,926
256,927
255,927
255,928
254,928
254,929
253,929
253,930
252,930
252,931
251,931
251,932
250,932
250,933
249,933
249,934
248,934
248,935
247,935
247,936
246,936
246,937
243,937
243,936
228,936
228,937
224,937
224,938
221,938
221,939
218,939
218,940
215,940
215,941
211,941
211,935
212,935
212,932
213,932
213,923
212,923
212,920
211,920
211,917
233,917
233,916
236,916
236,915
239,915
239,914
241,914
241,913
243,913
243,912
244,912
244,911
246,911
246,910
247,910
247,909
248,909
248,908
249,908
249,907
250,907
250,905
251,905
251,904
252,904
252,902
253,902
253,891
252,891
252,889
251,889
251,887
250,887
250,886
249,886
249,885
248,885
248,884
247,884
247,883
246,883
246,882
245,882
245,881
244,881
244,880
243,880
243,879
242,879
242,878
241,878
241,877
239,877
239,876
237,876
237,875
235,875
235,874
232,874
232,873
228,873
228,872
214,872
214,873
211,873
211,874
209,874
209,875
207,875
207,876
205,876
205,877
204,877
204,878
203,878
203,879
202,879
202,881
201,881
201,882
200,882
200,884
199,884
199,887
198,887
198,899
199,899
199,903
200,903
200,908
195,908
195,907
193,907
193,906
190,906
190,905
189,905
189,904
188,904
188,903
187,903
187,902
186,902
186,900
185,900
185,899
184,899
184,898
183,898
183,896
182,896
182,894
181,894
181,891
180,891
180,889
179,889
179,888
178,888
178,887
177,887
177,886
176,886
176,885
175,885
175,883
176,883
176,882
177,882
177,879
176,879
176,878
175,878
175,877
174,877
174,876
173,876
173,875
171,875
171,874
170,874
170,873
168,873
168,872
167,872
167,871
164,871
164,870
163,870
163,871
162,871
162,875
163,875
163,879
159,879
159,878
157,878
157,877
156,877
156,876
154,876
154,875
152,875
152,874
150,874
150,873
146,873
146,872
142,872
142,871
130,871
130,872
128,872
128,873
126,873
126,874
124,874
124,875
122,875
122,876
121,876
121,877
119,877
119,878
118,878
118,880
117,880
117,881
116,881
116,883
115,883
115,885
114,885
114,887
113,887
113,893
112,893
112,896
113,896
113,902
114,902
114,905
115,905
115,910
114,910
114,911
112,911
112,912
108,912
108,913
106,913
106,914
104,914
104,915
103,915
103,916
102,916
102,917
101,917
101,918
100,918
100,919
99,919
99,920
98,920
98,921
97,921
97,923
96,923
96,925
95,925
95,927
94,927
94,929
93,929
93,932
92,932
92,935
91,935
91,953
90,953
90,962
89,962
89,964
88,964
88,967
89,967
89,969
90,969
90,970
91,970
91,971
92,971
92,972
94,972
94,973
96,973
96,974
98,974
98,975
104,975
104,976
106,976
106,975
109,975
109,974
110,974
110,973
111,973
111,972
112,972
112,971
116,971
116,970
118,970
118,969
125,969
125,968
128,968
128,967
138,967
138,968
139,968
139,969
140,969
140,970
141,970
141,972
142,972
142,973
143,973
143,975
144,975
144,980
142,980
142,981
140,981
140,982
138,982
138,983
135,983
135,984
133,984
133,985
131,985
131,986
130,986
130,987
129,987
129,988
128,988
128,989
127,989
127,990
126,990
126,991
125,991
125,993
124,993
124,994
123,994
123,996
122,996
122,999
121,999
121,1003
120,1003
120,1011
121,1011
121,1015
122,1015
122,1017
123,1017
123,1021
124,1021
124,1026
125,1026
125,1028
126,1028
126,1032
125,1032
125,1038
126,1038
126,1042
127,1042
127,1045
128,1045
128,1047
129,1047
129,1048
130,1048
130,1050
131,1050
131,1051
132,1051
132,1053
133,1053
133,1072
134,1072
134,1076
135,1076
135,1078
136,1078
136,1083
135,1083
135,1085
134,1085
134,1086
133,1086
133,1087
132,1087
132,1088
131,1088
131,1089
130,1089
130,1090
129,1090
129,1091
128,1091
128,1092
127,1092
127,1094
126,1094
126,1096
125,1096
125,1098
124,1098
124,1101
123,1101
123,1113
124,1113
124,1117
125,1117
125,1119
126,1119
126,1120
127,1120
127,1122
128,1122
128,1123
129,1123
129,1124
130,1124
130,1125
131,1125
131,1126
133,1126
133,1127
134,1127
134,1128
135,1128
135,1129
136,1129
136,1130
138,1130
138,1131
139,1131
139,1133
140,1133
140,1134
141,1134
141,1136
142,1136
142,1137
143,1137
143,1140
144,1140
144,1142
145,1142
145,1144
146,1144
146,1145
147,1145
147,1147
148,1147
148,1148
149,1148
149,1149
150,1149
150,1150
151,1150
151,1151
152,1151
152,1152
153,1152
153,1153
154,1153
154,1154
156,1154
156,1155
157,1155
157,1156
159,1156
159,1157
162,1157
162,1158
172,1158
172,1157
176,1157
176,1156
178,1156
178,1155
183,1155
183,1154
185,1154
185,1155
186,1155
186,1156
187,1156
187,1158
188,1158
188,1160
189,1160
189,1166
190,1166
190,1169
191,1169
191,1172
192,1172
192,1174
193,1174
193,1175
194,1175
194,1177
196,1177
196,1178
197,1178
197,1179
198,1179
198,1180
200,1180
200,1181
202,1181
202,1182
203,1182
203,1183
206,1183
206,1184
209,1184
209,1185
223,1185
223,1184
226,1184
226,1183
230,1183
230,1182
233,1182
233,1181
235,1181
235,1180
237,1180
237,1179
239,1179
239,1178
241,1178
241,1177
242,1177
242,1176
244,1176
244,1175
245,1175
245,1174
246,1174
246,1173
247,1173
247,1171
248,1171
248,1169
249,1169
249,1166
250,1166
250,1165
251,1165
251,1163
252,1163
252,1162
253,1162
253,1161
262,1161
262,1162
269,1162
269,1163
270,1163
270,1166
271,1166
271,1169
272,1169
272,1170
273,1170
273,1172
274,1172
274,1173
275,1173
275,1174
276,1174
276,1175
277,1175
277,1176
279,1176
279,1177
281,1177
281,1178
283,1178
283,1179
285,1179
285,1180
289,1180
289,1181
294,1181
294,1182
302,1182
302,1183
305,1183
305,1182
322,1182
322,1181
325,1181
325,1180
326,1180
326,1179
328,1179
328,1178
329,1178
329,1177
330,1177
330,1176
331,1176
331,1175
332,1175
332,1174
333,1174
333,1170
334,1170
334,1163
333,1163
333,1158
332,1158
332,1153
331,1153
331,1152
332,1152
332,1148
333,1148
333,1146
334,1146
334,1144
335,1144
335,1142
336,1142
336,1141
339,1141
339,1140
340,1140
340,1139
341,1139
341,1138
343,1138
343,1137
346,1137
346,1138
348,1138
348,1139
350,1139
350,1140
354,1140
354,1141
363,1141
363,1140
365,1140
365,1139
367,1139
367,1138
368,1138
368,1136
369,1136
369,1134
370,1134
370,1130
371,1130
371,1121
370,1121
370,1117
369,1117
369,1115
368,1115
368,1113
367,1113
367,1112
366,1112
366,1110
365,1110
365,1109
364,1109
364,1108
362,1108
362,1107
350,1107
350,1108
346,1108
346,1107
343,1107
343,1106
335,1106
335,1107
334,1107
334,1108
332,1108
332,1110
331,1110
331,1111
330,1111
330,1113
329,1113
329,1114
328,1114
328,1115
327,1115
327,1116
325,1116
325,1117
317,1117
317,1118
313,1118
313,1119
312,1119
312,1120
311,1120
311,1121
310,1121
310,1123
309,1123
309,1125
308,1125
308,1126
307,1126
307,1127
306,1127
306,1128
305,1128
305,1129
304,1129
304,1130
303,1130
303,1131
302,1131
302,1132
300,1132
300,1131
299,1131
299,1130
296,1130
296,1131
295,1131
295,1132
294,1132
294,1133
293,1133
293,1135
291,1135
291,1136
287,1136
287,1134
286,1134
286,1130
285,1130
285,1127
284,1127
284,1125
283,1125
283,1123
282,1123
282,1121
281,1121
281,1120
280,1120
280,1118
279,1118
279,1116
278,1116
278,1113
277,1113
277,1112
276,1112
276,1110
277,1110
277,1109
278,1109
278,1108
279,1108
279,1106
280,1106
280,1104
281,1104
281,1101
282,1101
282,1100
283,1100
283,1098
284,1098
284,1089
283,1089
283,1085
282,1085
282,1082
281,1082
281,1080
280,1080
280,1078
279,1078
279,1077
278,1077
278,1076
277,1076
277,1075
276,1075
276,1074
275,1074
275,1073
272,1073
272,1074
268,1074
268,1073
266,1073
266,1072
263,1072
263,1071
261,1071
261,1070
257,1070
257,1069
240,1069
240,1070
237,1070
237,1071
235,1071
235,1072
233,1072
233,1073
231,1073
231,1074
225,1074
225,1073
223,1073
223,1072
222,1072
222,1071
220,1071
220,1070
217,1070
217,1069
213,1069
213,1068
212,1068
212,1066
214,1066
214,1065
216,1065
216,1064
219,1064
219,1063
222,1063
222,1062
225,1062
225,1061
227,1061
227,1060
229,1060
229,1059
230,1059
230,1058
231,1058
231,1057
232,1057
232,1056
233,1056
233,1055
234,1055
234,1053
235,1053
235,1052
236,1052
236,1051
237,1051
237,1049
238,1049
238,1047
239,1047
239,1045
240,1045
240,1043
241,1043
241,1041
242,1041
242,1038
243,1038
243,1034
244,1034
244,1024
245,1024
245,1017
246,1017
246,1015
247,1015
247,1013
248,1013
248,1011
249,1011
249,1009
250,1009
250,1006
251,1006
251,1000
252,1000
252,994
253,994
253,991
254,991
254,990
255,990
255,989
256,989
256,988
257,988
257,987
258,987
258,986
259,986
259,985
260,985
260,984
261,984
261,981
262,981
262,979
263,979
263,977
264,977
264,975
265,975
265,973
266,973
266,972
267,972
267,970
269,970
269,969
272,969
272,968
279,968
279,967
283,967
283,966
290,966
290,967
292,967
292,968
293,968
293,969
294,969
294,970
297,970
297,971
298,971
298,976
297,976
297,977
296,977
296,978
294,978
294,979
290,979
290,980
287,980
287,981
285,981
285,982
283,982
283,983
282,983
282,984
280,984
280,985
279,985
279,986
278,986
278,987
277,987
277,988
276,988
276,989
275,989
275,990
274,990
274,991
273,991
273,992
272,992
272,994
271,994
271,996
270,996
270,998
269,998
269,1009
270,1009
270,1012
271,1012
271,1014
272,1014
272,1016
273,1016
273,1017
274,1017
274,1018
275,1018
275,1019
276,1019
276,1020
277,1020
277,1021
278,1021
278,1022
279,1022
279,1023
280,1023
280,1024
282,1024
282,1025
284,1025
284,1026
286,1026
286,1027
288,1027
288,1028
311,1028
311,1027
315,1027
315,1026
319,1026
319,1025
321,1025
321,1024
323,1024
323,1023
324,1023
324,1022
325,1022
325,1021
326,1021
326,1020
327,1020
327,1018
328,1018
328,1015
329,1015
329,1012
330,1012
330,1000
331,1000
331,999
335,999
335,998
340,998
340,997
342,997
342,996
345,996
345,995
347,995
347,994
350,994
350,993
353,993
353,992
354,992
354,991
356,991
356,990
357,990
357,989
358,989
358,987
359,987
359,986
360,986
360,983
361,983
361,980
362,980
362,971
363,971
363,970
383,970
383,971
387,971
387,972
389,972
389,973
391,973
391,974
392,974
392,975
394,975
394,976
395,976
395,978
394,978
394,979
392,979
392,980
390,980
390,981
388,981
388,982
387,982
387,983
385,983
385,984
384,984
384,985
383,985
383,986
382,986
382,987
381,987
381,988
380,988
380,990
379,990
379,992
378,992
378,994
377,994
377,996
376,996
376,1000
375,1000
375,1004
374,1004
374,1007
372,1007
372,1008
370,1008
370,1007
360,1007
360,1008
356,1008
356,1009
353,1009
353,1010
350,1010
350,1011
345,1011
345,1012
343,1012
343,1013
342,1013
342,1014
340,1014
340,1015
339,1015
339,1016
338,1016
338,1017
336,1017
336,1018
335,1018
335,1019
334,1019
334,1020
333,1020
333,1021
332,1021
332,1022
330,1022
330,1024
329,1024
329,1025
330,1025
330,1035
331,1035
331,1041
332,1041
332,1044
333,1044
333,1045
334,1045
334,1047
335,1047
335,1048
336,1048
336,1049
337,1049
337,1050
338,1050
338,1052
339,1052
339,1053
340,1053
340,1054
341,1054
341,1055
342,1055
342,1056
343,1056
343,1057
345,1057
345,1058
346,1058
346,1059
347,1059
347,1060
349,1060
349,1061
351,1061
351,1062
354,1062
354,1063
358,1063
358,1064
369,1064
369,1063
373,1063
373,1062
375,1062
375,1061
377,1061
377,1060
378,1060
378,1059
379,1059
379,1058
380,1058
380,1057
381,1057
381,1056
382,1056
382,1055
383,1055
383,1053
384,1053
384,1051
385,1051
385,1049
386,1049
386,1046
387,1046
387,1043
388,1043
388,1036
389,1036
389,1029
390,1029
390,1028
391,1028
391,1027
393,1027
393,1028
400,1028
400,1029
409,1029
409,1028
423,1028
423,1027
426,1027
426,1026
427,1026
427,1025
429,1025
429,1024
430,1024
430,1023
432,1023
432,1022
434,1022
434,1025
435,1025
435,1029
436,1029
436,1032
437,1032
437,1035
438,1035
438,1037
439,1037
439,1039
440,1039
440,1040
441,1040
441,1042
442,1042
442,1043
443,1043
443,1044
445,1044
445,1045
446,1045
446,1046
448,1046
448,1047
450,1047
450,1048
453,1048
453,1049
466,1049
466,1048
469,1048
469,1047
471,1047
471,1046
473,1046
473,1045
474,1045
474,1044
475,1044
475,1043
477,1043
477,1042
478,1042
478,1041
480,1041
480,1040
483,1040
483,1039
485,1039
485,1038
487,1038
487,1037
489,1037
489,1036
492,1036
492,1035
497,1035
497,1036
498,1036
498,1039
497,1039
497,1045
496,1045
496,1050
495,1050
495,1051
491,1051
491,1050
478,1050
478,1051
475,1051
475,1052
474,1052
474,1053
473,1053
473,1054
472,1054
472,1055
471,1055
471,1056
470,1056
470,1057
469,1057
469,1058
468,1058
468,1060
467,1060
467,1062
466,1062
466,1064
465,1064
465,1066
464,1066
464,1071
463,1071
463,1078
464,1078
464,1085
465,1085
465,1099
466,1099
466,1103
467,1103
467,1105
468,1105
468,1107
469,1107
469,1108
470,1108
470,1109
471,1109
471,1110
472,1110
472,1111
473,1111
473,1112
474,1112
474,1113
475,1113
475,1114
477,1114
477,1115
479,1115
479,1116
482,1116
482,1117
493,1117
493,1116
497,1116
497,1115
500,1115
500,1114
502,1114
502,1113
504,1113
504,1112
506,1112
506,1111
509,1111
509,1110
512,1110
512,1109
514,1109
514,1108
516,1108
516,1107
517,1107
517,1106
518,1106
518,1105
519,1105
519,1104
520,1104
520,1103
521,1103
521,1102
522,1102
522,1100
523,1100
523,1099
524,1099
524,1097
525,1097
525,1096
526,1096
526,1094
527,1094
527,1092
528,1092
528,1091
530,1091
530,1090
534,1090
534,1091
537,1091
537,1092
539,1092
539,1093
542,1093
542,1094
553,1094
553,1093
557,1093
557,1092
559,1092
559,1091
561,1091
561,1090
562,1090
562,1089
563,1089
563,1088
564,1088
564,1087
565,1087
565,1086
566,1086
566,1085
567,1085
567,1083
568,1083
568,1081
569,1081
569,1078
570,1078
570,1066
569,1066
569,1064
568,1064
568,1062
567,1062
567,1060
566,1060
566,1059
565,1059
565,1057
564,1057
564,1056
563,1056
563,1054
562,1054
562,1053
561,1053
561,1052
560,1052
560,1050
559,1050
559,1049
558,1049
558,1047
557,1047
557,1044
556,1044
556,1042
555,1042
555,1040
554,1040
554,1038
553,1038
553,1037
552,1037
552,1035
551,1035
551,1034
550,1034
550,1032
549,1032
549,1031
548,1031
548,1029
547,1029
547,1028
546,1028
546,1027
545,1027
545,1026
543,1026
543,1025
541,1025
541,1024
539,1024
539,1023
537,1023
537,1022
536,1022
536,1020
535,1020
535,1019
534,1019
534,1016
533,1016
533,1015
532,1015
532,1014
531,1014
531,1013
530,1013
530,1012
529,1012
529,1011
526,1011
526,1010
524,1010
524,1009
522,1009
522,1008
521,1008
521,1006
520,1006
520,1005
519,1005
519,1004
518,1004
518,1002
517,1002
517,1000
516,1000
516,999
515,999
515,997
514,997
514,995
513,995
513,993
512,993
512,990
511,990
511,988
510,988
510,985
512,985
512,986
522,986
522,987
525,987
525,988
527,988
527,989
528,989
528,990
529,990
529,991
530,991
530,992
531,992
531,993
532,993
532,994
533,994
533,995
534,995
534,996
535,996
535,997
537,997
537,998
538,998
538,999
541,999
541,1000
544,1000
544,1001
560,1001
560,1000
566,1000
566,999
570,999
570,998
572,998
572,997
575,997
575,996
577,996
577,995
579,995
579,994
581,994
581,993
583,993
583,992
584,992
584,991
585,991
585,990
586,990
586,989
587,989
587,987
588,987
588,985
589,985
589,981
590,981
590,974
589,974
589,971
588,971
588,969
587,969
587,967
586,967
586,966
585,966
585,965
584,965
584,964
583,964
583,963
582,963
582,962
581,962
581,961
580,961
580,960
579,960
579,959
577,959
577,958
576,958
576,957
574,957
574,956
573,956
573,955
571,955
571,954
570,954
570,953
569,953
569,952
568,952
568,951
567,951
567,950
566,950
566,947
567,947
567,946
568,946
568,945
569,945
569,944
573,944
573,943
574,943
574,942
575,942
575,941
577,941
577,940
579,940
579,939
580,939
580,938
582,938
582,937
585,937
585,936
587,936
587,935
589,935
589,934
591,934
591,933
593,933
593,932
594,932
594,931
595,931
595,930
596,930
596,929
597,929
597,927
598,927
598,925
599,925
599,921
600,921
600,910
601,910
601,907
602,907
602,906
603,906
603,905
604,905
604,904
610,904
610,905
612,905
612,906
613,906
613,907
615,907
615,908
616,908
616,909
618,909
618,910
619,910
619,911
621,911
621,912
623,912
623,913
626,913
626,914
631,914
631,915
634,915
634,916
636,916
636,918
637,918
637,919
638,919
638,922
639,922
639,924
640,924
640,926
641,926
641,928
642,928
642,932
640,932
640,933
635,933
635,934
630,934
630,935
627,935
627,936
625,936
625,937
623,937
623,938
621,938
621,939
620,939
620,940
619,940
619,941
618,941
618,942
617,942
617,943
616,943
616,944
615,944
615,946
614,946
614,948
613,948
613,951
612,951
612,955
611,955
611,962
612,962
612,966
613,966
613,969
614,969
614,971
615,971
615,972
616,972
616,974
617,974
617,975
618,975
618,976
619,976
619,977
620,977
620,978
622,978
622,979
623,979
623,980
625,980
625,981
627,981
627,982
630,982
630,983
635,983
635,984
642,984
642,983
647,983
647,982
650,982
650,981
652,981
652,980
654,980
654,979
656,979
656,978
659,978
659,977
661,977
661,976
663,976
663,975
664,975
664,974
665,974
665,973
666,973
666,971
667,971
667,969
668,969
668,967
669,967
669,964
670,964
670,953
669,953
669,949
668,949
668,947
667,947
667,946
666,946
666,944
665,944
665,943
664,943
664,942
663,942
663,940
664,940
664,939
665,939
665,938
666,938
666,937
669,937
669,936
673,936
673,935
676,935
676,934
678,934
678,933
680,933
680,932
681,932
681,931
682,931
682,930
683,930
683,929
684,929
684,928
685,928
685,927
687,927
687,926
688,926
688,925
689,925
689,924
690,924
690,923
691,923
691,921
692,921
692,919
693,919
693,908
692,908
692,905
691,905
691,904
690,904
690,902
689,902
689,901
688,901
688,900
687,900
687,898
686,898
686,897
685,897
685,893
684,893
684,889
683,889
683,885
682,885
682,882
681,882
681,880
680,880
680,879
679,879
679,877
678,877
678,876
677,876
677,875
676,875
676,874
674,874
674,873
673,873
673,872
672,872
672,871
670,871
670,870
669,870
669,869
667,869
667,868
665,868
665,867
663,867
663,866
661,866
661,865
657,865
657,864
647,864
647,865
643,865
643,866
638,866
638,867
624,867
624,868
612,868
612,867
611,867
611,866
609,866
609,865
608,865
608,864
607,864
607,863
606,863
606,862
605,862
605,861
603,861
603,860
602,860
602,859
600,859
600,858
597,858
597,857
594,857
594,856
580,856
580,857
577,857
577,858
575,858
575,859
573,859
573,860
571,860
571,861
569,861
569,862
567,862
567,863
566,863
566,864
564,864
564,865
563,865
563,866
559,866
559,865
558,865
558,864
556,864
556,863
555,863
555,862
553,862
553,861
551,861
551,860
549,860
549,859
546,859
546,858
541,858
541,859
536,859
536,860
534,860
534,861
531,861
531,862
530,862
530,863
528,863
528,864
527,864
527,865
526,865
526,866
524,866
524,867
523,867
523,868
521,868
521,869
520,869
520,870
519,870
519,871
518,871
518,874
517,874
517,880
516,880
516,881
515,881
515,882
514,882
514,883
512,883
512,884
511,884
511,885
510,885
510,886
509,886
509,887
508,887
508,888
507,888
507,889
506,889
506,890
505,890
505,891
504,891
504,893
503,893
503,894
502,894
502,897
501,897
501,901
500,901
500,907
499,907
499,912
500,912
500,917
501,917
501,920
502,920
502,922
503,922
503,924
504,924
504,925
505,925
505,926
506,926
506,927
507,927
507,928
508,928
508,929
509,929
509,930
510,930
510,931
512,931
512,932
514,932
514,933
517,933
517,934
523,934
523,935
524,935
524,936
525,936
525,940
521,940
521,941
518,941
518,942
514,942
514,943
510,943
510,944
508,944
508,945
505,945
505,944
503,944
503,943
501,943
501,942
498,942
498,941
495,941
495,940
490,940
490,939
481,939
481,940
477,940
477,941
475,941
475,942
473,942
473,943
471,943
471,944
470,944
470,945
468,945
468,946
467,946
467,947
466,947
466,949
465,949
465,950
464,950
464,952
463,952
463,954
462,954
462,956
461,956
461,960
460,960
460,967
461,967
461,972
462,972
462,975
463,975
463,977
464,977
464,979
465,979
465,980
466,980
466,982
467,982
467,983
468,983
468,985
467,985
467,987
466,987
466,988
465,988
465,989
464,989
464,990
463,990
463,992
462,992
462,993
461,993
461,995
460,995
460,998
459,998
459,1000
458,1000
458,1002
457,1002
457,1004
456,1004
456,1005
454,1005
454,1006
451,1006
451,1007
449,1007
449,1008
446,1008
446,1009
444,1009
444,1010
441,1010
441,1011
439,1011
439,1010
438,1010
438,999
437,999
437,997
436,997
436,995
435,995
435,993
434,993
434,992
433,992
433,991
432,991
432,990
430,990
430,989
429,989
429,988
428,988
428,987
427,987
427,986
426,986
426,985
425,985
425,984
423,984
423,983
422,983
422,982
421,982
421,981
420,981
420,980
419,980
419,978
420,978
420,977
421,977
421,976
423,976
423,975
424,975
424,974
425,974
425,973
426,973
426,972
427,972
427,971
428,971
428,970
429,970
429,969
430,969
430,967
431,967
431,966
432,966
432,963
433,963
433,960
434,960
434,952
433,952
433,949
432,949
432,947
431,947
431,945
430,945
430,944
429,944
429,942
428,942
428,941
427,941
427,940
426,940
426,939
425,939
425,938
423,938
423,937
422,937
422,936
420,936
420,935
419,935
419,934
418,934
418,933
417,933
417,932
416,932
416,930
415,930
415,928
414,928
414,926
413,926
413,925
412,925
412,922
411,922
411,913
410,913
410,907
409,907
409,904
408,904
408,899
407,899
407,896
406,896
406,895
405,895
405,894
403,894
403,893
400,893
400,892
398,892
398,891
396,891
396,890
394,890
394,889
393,889
393,885
392,885
392,880
393,880
393,876
394,876
394,874
395,874
395,871
396,871
396,869
397,869
397,865
396,865
396,863
395,863
395,860
396,860
396,859
397,859
397,858
398,858
398,857
399,857
399,856
400,856
400,854
401,854
401,853
402,853
402,852
403,852
403,850
404,850
404,849
405,849
405,847
406,847
406,842
407,842
407,833
406,833
406,828
405,828
405,825
404,825
404,823
403,823
403,822
402,822
402,821
401,821
401,820
400,820
400,819
399,819
399,818
398,818
398,817
397,817
397,816
395,816
395,815
393,815
393,814
390,814
390,813
384,813
384,812
380,812
380,813
375,813
375,814
371,814
371,815
366,815
366,816
357,816
357,815
354,815
354,814
353,814
353,807
354,807
354,806
353,806
353,801
352,801
352,799
351,799
351,797
350,797
350,795
349,795
349,794
348,794
348,793
347,793
347,792
346,792
346,791
344,791
344,790
343,790
343,789
341,789
341,788
340,788
340,787
338,787
338,786
336,786
336,785
334,785
334,784
329,784
329,783
327,783
327,781
326,781
326,777
325,777
325,771
324,771
324,768
323,768
323,767
322,767
322,765
321,765
321,764
320,764
320,763
318,763
318,761
319,761
319,760
323,760
323,759
325,759
325,758
327,758
327,757
330,757
330,756
335,756
335,755
339,755
339,754
341,754
341,753
343,753
343,752
344,752
344,751
346,751
346,750
347,750
347,749
348,749
348,748
349,748
349,747
350,747
350,746
351,746
351,745
353,745
353,744
355,744
355,743
356,743
356,742
357,742
357,741
358,741
358,740
359,740
359,738
360,738
360,734
361,734
361,730
360,730
360,726
359,726
359,724
358,724
358,722
357,722
357,721
356,721
356,720
355,720
355,719
354,719
354,718
352,718
352,717
350,717
350,716
349,716
349,715
347,715
347,714
346,714
346,713
345,713
345,712
343,712
343,711
341,711
341,710
339,710
339,709
335,709
335,708
328,708
328,707
326,707
326,708
319,708
319,709
316,709
316,710
313,710
313,711
311,711
311,712
310,712
310,713
308,713
308,714
307,714
307,715
306,715
306,716
305,716
305,717
304,717
304,719
303,719
303,722
302,722
302,725
301,725
301,728
300,728
300,732
299,732
299,740
298,740
298,741
297,741
297,742
292,742
292,743
289,743
289,744
287,744
287,745
284,745
284,746
282,746
282,747
280,747
280,748
276,748
276,749
270,749
270,748
268,748
268,747
266,747
266,746
265,746
265,745
263,745
263,744
262,744
262,743
261,743
261,742
260,742
260,740
259,740
259,738
258,738
258,733
257,733
257,730
256,730
256,728
255,728
255,727
254,727
254,725
253,725
253,724
252,724
252,722
251,722
251,720
250,720
250,719
249,719
249,717
248,717
248,715
247,715
247,714
246,714
246,713
245,713
245,712
244,712
244,710
243,710
243,707
246,707
246,708
254,708
254,709
267,709
267,708
270,708
270,707
277,707
277,706
278,706
278,705
279,705
279,704
281,704
281,703
282,703
282,702
283,702
283,701
284,701
284,699
285,699
285,698
286,698
286,696
287,696
287,692
288,692
288,688
289,688
289,678
290,678
290,676
291,676
291,675
292,675
292,673
293,673
293,671
294,671
294,670
295,670
295,669
297,669
297,668
300,668
300,667
302,667
302,666
304,666
304,665
306,665
306,664
309,664
309,663
314,663
314,662
319,662
319,661
322,661
322,660
324,660
324,659
326,659
326,658
328,658
328,657
332,657
332,658
335,658
335,659
337,659
337,660
339,660
339,661
340,661
340,662
342,662
342,663
345,663
345,664
347,664
347,665
354,665
354,666
360,666
360,667
361,667
361,668
362,668
362,669
363,669
363,670
364,670
364,671
365,671
365,672
367,672
367,673
368,673
368,674
370,674
370,675
372,675
372,676
374,676
374,677
376,677
376,678
380,678
380,679
388,679
388,678
391,678
391,677
393,677
393,676
395,676
395,675
396,675
396,674
398,674
398,673
399,673
399,672
400,672
400,670
401,670
401,669
402,669
402,667
403,667
403,665
404,665
404,664
405,664
405,662
406,662
406,661
407,661
407,660
408,660
408,659
409,659
409,658
411,658
411,659
412,659
412,660
413,660
413,661
414,661
414,662
415,662
415,664
417,664
417,666
418,666
418,667
419,667
419,669
420,669
420,671
421,671
421,672
422,672
422,673
423,673
423,674
424,674
424,675
426,675
426,676
428,676
428,677
430,677
430,678
432,678
432,679
435,679
435,680
460,680
460,679
466,679
466,678
477,678
477,679
482,679
482,680
483,680
483,683
482,683
482,686
481,686
481,688
480,688
480,690
479,690
479,692
478,692
478,696
477,696
477,707
478,707
478,710
479,710
479,712
480,712
480,714
481,714
481,716
482,716
482,717
483,717
483,718
484,718
484,719
485,719
485,720
486,720
486,721
487,721
487,722
488,722
488,723
490,723
490,724
491,724
491,725
493,725
493,726
495,726
495,727
496,727
496,728
497,728
497,729
500,729
500,730
508,730
508,729
511,729
511,728
513,728
513,727
517,727
517,726
519,726
519,727
525,727
525,726
530,726
530,725
533,725
533,724
535,724
535,723
537,723
537,722
540,722
540,721
542,721
542,720
545,720
545,719
546,719
546,721
547,721
547,724
546,724
546,725
542,725
542,726
539,726
539,727
536,727
536,728
533,728
533,729
531,729
531,730
530,730
530,731
529,731
529,732
528,732
528,733
527,733
527,735
526,735
526,737
525,737
525,739
524,739
524,743
523,743
523,748
524,748
524,755
523,755
523,756
521,756
521,757
519,757
519,758
518,758
518,759
516,759
516,760
515,760
515,761
513,761
513,762
511,762
511,761
510,761
510,760
509,760
509,758
508,758
508,756
507,756
507,754
506,754
506,753
505,753
505,751
504,751
504,750
503,750
503,748
502,748
502,747
501,747
501,746
500,746
500,745
499,745
499,744
497,744
497,743
496,743
496,742
494,742
494,741
491,741
491,740
475,740
475,741
471,741
471,742
468,742
468,743
465,743
465,744
462,744
462,743
458,743
458,742
454,742
454,741
449,741
449,740
427,740
427,741
421,741
421,742
417,742
417,743
415,743
415,744
414,744
414,745
412,745
412,746
411,746
411,747
409,747
409,748
408,748
408,749
407,749
407,750
405,750
405,752
403,752
403,753
402,753
402,754
401,754
401,755
400,755
400,756
399,756
399,758
398,758
398,761
397,761
397,763
396,763
396,765
395,765
395,767
394,767
394,776
395,776
395,781
396,781
396,791
397,791
397,798
398,798
398,801
399,801
399,803
400,803
400,805
401,805
401,807
402,807
402,808
403,808
403,809
404,809
404,810
405,810
405,811
406,811
406,812
407,812
407,813
408,813
408,814
410,814
410,815
413,815
413,816
416,816
416,817
422,817
422,818
432,818
432,819
433,819
433,835
434,835
434,839
435,839
435,841
436,841
436,843
437,843
437,845
438,845
438,847
439,847
439,848
440,848
440,849
441,849
441,850
442,850
442,851
444,851
444,852
446,852
446,853
447,853
447,854
449,854
449,855
451,855
451,856
452,856
452,857
455,857
455,858
458,858
458,859
461,859
461,860
465,860
465,861
476,861
476,860
479,860
479,859
482,859
482,858
483,858
483,857
484,857
484,856
485,856
485,855
486,855
486,854
487,854
487,852
488,852
488,850
489,850
489,849
490,849
490,846
491,846
491,832
490,832
490,829
489,829
489,827
488,827
488,825
487,825
487,823
485,823
485,822
484,822
484,821
482,821
482,820
480,820
480,819
479,819
479,818
478,818
478,817
477,817
477,815
476,815
476,814
475,814
475,812
474,812
474,810
473,810
473,808
472,808
472,807
470,807
470,806
468,806
468,805
466,805
466,804
464,804
464,802
463,802
463,795
464,795
464,794
465,794
465,793
466,793
466,792
484,792
484,793
485,793
485,795
486,795
486,796
487,796
487,798
488,798
488,799
489,799
489,801
490,801
490,802
491,802
491,804
492,804
492,805
493,805
493,806
494,806
494,807
496,807
496,808
497,808
497,809
499,809
499,810
502,810
502,811
505,811
505,812
516,812
516,813
522,813
522,814
527,814
527,815
528,815
528,816
529,816
529,818
530,818
530,819
531,819
531,820
532,820
532,821
533,821
533,822
534,822
534,823
536,823
536,824
538,824
538,825
546,825
546,824
548,824
548,823
550,823
550,822
551,822
551,821
552,821
552,820
553,820
553,819
554,819
554,817
555,817
555,815
556,815
556,813
557,813
557,812
560,812
560,813
568,813
568,812
571,812
571,811
574,811
574,810
581,810
581,809
583,809
583,810
584,810
584,811
585,811
585,813
586,813
586,814
587,814
587,815
588,815
588,816
596,816
596,817
598,817
598,818
599,818
599,821
600,821
600,824
601,824
601,825
602,825
602,826
603,826
603,827
604,827
604,828
608,828
608,829
612,829
612,828
615,828
615,827
617,827
617,826
619,826
619,825
622,825
622,824
636,824
636,823
639,823
639,822
642,822
642,821
645,821
645,822
647,822
647,823
648,823
648,824
649,824
649,825
651,825
651,826
652,826
652,827
653,827
653,828
655,828
655,829
657,829
657,830
659,830
659,831
662,831
662,832
666,832
666,833
672,833
672,832
678,832
678,831
683,831
683,832
682,832
682,836
681,836
681,840
680,840
680,844
679,844
679,851
680,851
680,855
681,855
681,858
682,858
682,860
683,860
683,862
684,862
684,863
685,863
685,864
686,864
686,865
687,865
687,866
688,866
688,867
689,867
689,868
691,868
691,869
692,869
692,870
695,870
695,871
697,871
697,872
700,872
700,873
702,873
702,874
704,874
704,875
705,875
705,876
706,876
706,878
707,878
707,879
708,879
708,880
710,880
710,881
711,881
711,882
713,882
713,883
714,883
714,884
715,884
715,885
716,885
716,888
717,888
717,890
718,890
718,891
719,891
719,893
720,893
720,894
721,894
721,895
722,895
722,896
724,896
724,897
734,897
734,896
736,896
736,895
738,895
738,894
739,894
739,893
740,893
740,892
741,892
741,890
742,890
742,889
743,889
743,887
744,887
744,885
745,885
745,884
746,884
746,882
747,882
747,881
748,881
748,880
749,880
749,878
750,878
750,876
751,876
751,875
752,875
752,872
753,872
753,869
754,869
754,862
755,862
755,860
754,860
754,853
753,853
753,851
752,851
752,849
751,849
751,847
750,847
750,846
749,846
749,845
748,845
748,844
747,844
747,843
746,843
746,841
745,841
745,840
744,840
744,839
742,839
742,838
741,838
741,837
740,837
740,836
739,836
739,835
737,835
737,834
736,834
736,833
733,833
733,832
732,832
732,831
734,831
734,830
735,830
735,829
736,829
736,828
738,828
738,827
740,827
740,826
743,826
743,825
746,825
746,824
751,824
751,823
754,823
754,822
755,822
755,821
756,821
756,820
757,820
757,819
759,819
759,817
760,817
760,816
761,816
761,814
762,814
762,813
763,813
763,810
764,810
764,807
765,807
765,805
766,805
766,803
768,803
768,802
769,802
769,801
771,801
771,800
772,800
772,799
773,799
773,797
774,797
774,795
776,795
776,798
777,798
777,800
778,800
778,801
779,801
779,802
780,802
780,805
781,805
781,810
782,810
782,813
783,813
783,815
784,815
784,817
785,817
785,818
786,818
786,820
787,820
787,821
788,821
788,825
789,825
789,832
790,832
790,835
791,835
791,837
792,837
792,839
793,839
793,841
794,841
794,842
795,842
795,843
796,843
796,844
798,844
798,845
800,845
800,846
802,846
802,848
803,848
803,853
802,853
802,863
803,863
803,866
804,866
804,869
805,869
805,871
806,871
806,873
807,873
807,880
806,880
806,884
805,884
805,893
806,893
806,896
807,896
807,899
808,899
808,901
809,901
809,902
810,902
810,904
811,904
811,905
812,905
812,906
813,906
813,907
814,907
814,908
815,908
815,909
816,909
816,910
817,910
817,911
818,911
818,912
820,912
820,913
824,913
824,914
827,914
827,913
831,913
831,914
832,914
832,917
831,917
831,918
830,918
830,919
829,919
829,920
825,920
825,919
824,919
824,918
822,918
822,917
821,917
821,916
818,916
818,915
810,915
810,916
805,916
805,917
802,917
802,918
801,918
801,919
799,919
799,920
798,920
798,921
796,921
796,922
795,922
795,923
794,923
794,924
793,924
793,925
792,925
792,927
791,927
791,928
790,928
790,930
789,930
789,933
788,933
788,936
787,936
787,941
786,941
786,952
787,952
787,955
788,955
788,958
789,958
789,960
790,960
790,961
791,961
791,962
792,962
792,964
793,964
793,965
794,965
794,966
795,966
795,967
796,967
796,968
798,968
798,969
799,969
799,970
801,970
801,971
802,971
802,972
804,972
804,973
806,973
806,974
807,974
807,975
808,975
808,977
807,977
807,978
806,978
806,979
804,979
804,980
803,980
803,981
801,981
801,982
800,982
800,983
799,983
799,984
798,984
798,985
797,985
797,986
796,986
796,988
795,988
795,992
794,992
794,1009
795,1009
795,1011
797,1011
797,1012
798,1012
798,1013
799,1013
799,1014
800,1014
800,1015
802,1015
802,1016
805,1016
805,1017
816,1017
816,1016
819,1016
819,1015
821,1015
821,1014
823,1014
823,1013
825,1013
825,1020
824,1020
824,1023
825,1023
825,1030
826,1030
826,1033
827,1033
827,1036
828,1036
828,1038
829,1038
829,1039
830,1039
830,1041
831,1041
831,1042
832,1042
832,1043
833,1043
833,1044
834,1044
834,1045
835,1045
835,1046
836,1046
836,1047
837,1047
837,1050
836,1050
836,1051
834,1051
834,1052
833,1052
833,1053
831,1053
831,1054
830,1054
830,1055
828,1055
828,1056
827,1056
827,1057
826,1057
826,1058
825,1058
825,1059
824,1059
824,1060
823,1060
823,1062
822,1062
822,1064
821,1064
821,1066
820,1066
820,1067
819,1067
819,1068
817,1068
817,1069
816,1069
816,1070
814,1070
814,1071
813,1071
813,1072
811,1072
811,1073
809,1073
809,1074
808,1074
808,1075
806,1075
806,1076
805,1076
805,1077
804,1077
804,1078
803,1078
803,1080
802,1080
802,1081
801,1081
801,1083
800,1083
800,1086
799,1086
799,1100
800,1100
800,1101
799,1101
799,1105
798,1105
798,1106
797,1106
797,1108
796,1108
796,1109
795,1109
795,1112
794,1112
794,1114
793,1114
793,1120
792,1120
792,1123
793,1123
793,1128
794,1128
794,1131
795,1131
795,1133
796,1133
796,1135
797,1135
797,1136
798,1136
798,1137
799,1137
799,1138
800,1138
800,1139
801,1139
801,1140
802,1140
802,1141
804,1141
804,1142
806,1142
806,1143
808,1143
808,1144
811,1144
811,1145
817,1145
817,1146
822,1146
822,1145
828,1145
828,1144
832,1144
832,1143
835,1143
835,1142
838,1142
838,1141
840,1141
840,1140
843,1140
843,1139
845,1139
845,1138
846,1138
846,1137
847,1137
847,1136
848,1136
848,1135
849,1135
849,1133
850,1133
850,1131
851,1131
851,1129
852,1129
852,1125
853,1125
853,1117
854,1117
854,1111
855,1111
855,1108
856,1108
856,1107
857,1107
857,1106
858,1106
858,1104
859,1104
859,1103
860,1103
860,1101
861,1101
861,1099
862,1099
862,1095
863,1095
863,1090
864,1090
864,1073
863,1073
863,1069
862,1069
862,1066
861,1066
861,1063
860,1063
860,1061
859,1061
859,1059
858,1059
858,1058
857,1058
857,1056
856,1056
856,1055
855,1055
855,1054
854,1054
854,1053
853,1053
853,1052
854,1052
854,1051
855,1051
855,1050
857,1050
857,1049
861,1049
861,1048
863,1048
863,1047
866,1047
866,1046
868,1046
868,1045
870,1045
870,1044
873,1044
873,1043
876,1043
876,1042
877,1042
877,1041
879,1041
879,1040
880,1040
880,1038
881,1038
881,1037
882,1037
882,1035
883,1035
883,1034
884,1034
884,1031
885,1031
885,1027
886,1027
886,1022
885,1022
885,1017
884,1017
884,1015
883,1015
883,1013
882,1013
882,1012
881,1012
881,1011
879,1011
879,1010
877,1010
877,1009
876,1009
876,1008
874,1008
874,1007
873,1007
873,1006
871,1006
871,1005
870,1005
870,1004
868,1004
868,1003
866,1003
866,1002
863,1002
863,1001
858,1001
858,1000
845,1000
845,1001
840,1001
840,1002
837,1002
837,1003
835,1003
835,1004
834,1004
834,1005
832,1005
832,1006
829,1006
829,1000
828,1000
828,993
827,993
827,992
826,992
826,990
825,990
825,989
824,989
824,988
823,988
823,987
822,987
822,985
821,985
821,984
820,984
820,983
819,983
819,981
818,981
818,980
816,980
816,978
814,978
814,977
811,977
811,976
810,976
810,975
812,975
812,974
815,974
815,973
818,973
818,972
820,972
820,971
822,971
822,970
824,970
824,969
826,969
826,968
829,968
829,967
838,967
838,968
842,968
842,969
857,969
857,968
861,968
861,967
865,967
865,966
868,966
868,965
871,965
871,964
873,964
873,963
874,963
874,962
875,962
875,961
876,961
876,960
877,960
877,959
878,959
878,957
879,957
879,955
880,955
880,953
881,953
881,951
882,951
882,949
883,949
883,948
888,948
888,949
891,949
891,950
893,950
893,951
896,951
896,952
899,952
899,953
905,953
905,954
909,954
909,953
915,953
915,952
918,952
918,951
921,951
921,950
923,950
923,949
926,949
926,948
927,948
927,947
928,947
928,946
929,946
929,945
930,945
930,944
931,944
931,942
932,942
932,940
933,940
933,938
934,938
934,934
935,934
935,920
934,920
934,917
933,917
933,915
932,915
932,913
931,913
931,912
930,912
930,911
929,911
929,910
928,910
928,909
926,909
926,908
925,908
925,907
924,907
924,906
923,906
923,905
922,905
922,904
920,904
920,903
918,903
918,902
916,902
916,901
914,901
914,900
912,900
912,899
906,899
906,898
901,898
901,897
900,897
900,889
899,889
899,885
898,885
898,883
897,883
897,880
896,880
896,869
897,869
897,865
896,865
896,860
895,860
895,858
894,858
894,856
893,856
893,854
892,854
892,853
891,853
891,851
890,851
890,849
889,849
889,848
888,848
888,847
887,847
887,846
886,846
886,845
885,845
885,844
884,844
884,843
883,843
883,842
881,842
881,841
880,841
880,840
879,840
879,839
878,839
878,838
877,838
877,837
876,837
876,836
881,836
881,835
883,835
883,834
886,834
886,833
888,833
888,832
889,832
889,831
891,831
891,830
892,830
892,829
894,829
894,828
895,828
895,826
896,826
896,825
897,825
897,823
898,823
898,819
899,819
899,808
898,808
898,806
897,806
897,804
896,804
896,802
895,802
895,800
894,800
894,799
893,799
893,798
892,798
892,797
890,797
890,796
889,796
889,795
887,795
887,794
883,794
883,793
865,793
865,794
863,794
863,795
857,795
857,796
853,796
853,797
852,797
852,798
851,798
851,799
845,799
845,798
842,798
842,797
840,797
840,796
838,796
838,795
836,795
836,794
834,794
834,793
833,793
833,792
834,792
834,791
837,791
837,790
839,790
839,789
842,789
842,788
844,788
844,787
847,787
847,786
849,786
849,785
851,785
851,784
852,784
852,783
853,783
853,782
854,782
854,781
855,781
855,780
856,780
856,779
857,779
857,778
858,778
858,776
859,776
859,774
860,774
860,772
861,772
861,766
862,766
862,764
861,764
861,759
860,759
860,757
859,757
859,755
858,755
858,753
857,753
857,750
867,750
867,751
875,751
875,750
879,750
879,749
882,749
882,748
885,748
885,747
887,747
887,746
889,746
889,745
891,745
891,744
893,744
893,743
895,743
895,742
897,742
897,741
898,741
898,740
899,740
899,738
900,738
900,737
901,737
901,735
902,735
902,733
903,733
903,730
904,730
904,725
905,725
905,722
904,722
904,717
903,717
903,715
902,715
902,713
901,713
901,712
900,712
900,711
899,711
899,710
898,710
898,708
897,708
897,707
896,707
896,706
895,706
895,705
894,705
894,704
893,704
893,703
892,703
892,702
891,702
891,701
890,701
890,700
888,700
888,699
887,699
887,698
885,698
885,697
882,697
882,696
878,696
878,695
865,695
865,694
864,694
864,693
863,693
863,689
862,689
862,681
863,681
863,680
864,680
864,679
867,679
867,678
871,678
871,677
873,677
873,676
875,676
875,675
876,675
876,674
877,674
877,673
879,673
879,672
880,672
880,671
881,671
881,670
882,670
882,668
884,668
884,667
885,667
885,666
886,666
886,664
887,664
887,662
888,662
888,659
889,659
889,650
888,650
888,646
887,646
887,645
886,645
886,643
885,643
885,642
883,642
883,641
882,641
882,640
881,640
881,639
880,639
880,638
879,638
879,637
878,637
878,636
877,636
877,635
875,635
875,634
874,634
874,633
873,633
873,632
871,632
871,631
870,631
870,630
868,630
868,629
867,629
867,628
866,628
866,627
865,627
865,624
867,624
867,623
869,623
869,622
870,622
870,621
871,621
871,617
872,617
872,614
873,614
873,603
874,603
874,602
875,602
875,601
876,601
876,600
878,600
878,599
892,599
892,597
893,597
893,596
894,596
894,595
896,595
896,594
898,594
898,593
899,593
899,592
901,592
901,591
902,591
902,590
903,590
903,589
905,589
905,588
906,588
906,587
907,587
907,586
908,586
908,584
909,584
909,583
910,583
910,580
911,580
911,577
912,577
912,573
911,573
911,570
910,570
910,568
909,568
909,567
908,567
908,566
907,566
907,565
905,565
905,564
904,564
904,563
902,563
902,562
900,562
900,561
898,561
898,560
896,560
896,559
889,559
889,558
886,558
886,557
884,557
884,556
880,556
880,555
878,555
878,554
877,554
877,553
876,553
876,552
875,552
875,551
874,551
874,549
873,549
873,545
874,545
874,537
875,537
875,532
874,532
874,528
875,528
875,521
876,521
876,511
877,511
877,507
878,507
878,493
877,493
877,490
876,490
876,488
875,488
875,487
874,487
874,486
873,486
873,484
872,484
872,480
871,480
871,477
870,477
870,475
869,475
869,473
868,473
868,472
867,472
867,470
866,470
866,469
865,469
865,468
864,468
864,467
863,467
863,466
862,466
862,465
861,465
861,464
860,464
860,463
859,463
859,462
858,462
858,456
860,456
860,455
862,455
862,454
863,454
863,453
864,453
864,452
865,452
865,451
866,451
866,450
867,450
867,448
868,448
868,447
869,447
869,445
870,445
870,443
871,443
871,440
872,440
872,426
871,426
871,424
870,424
870,422
869,422
869,420
868,420
868,419
867,419
867,417
866,417
866,415
865,415
865,413
864,413
864,411
863,411
863,406
864,406
864,399
865,399
865,396
866,396
866,394
867,394
867,392
868,392
868,389
869,389
869,387
870,387
870,385
871,385
871,383
872,383
872,382
873,382
873,381
874,381
874,380
876,380
876,379
879,379
879,378
882,378
882,377
884,377
884,376
886,376
886,375
887,375
887,374
888,374
888,373
889,373
889,372
890,372
890,370
891,370
891,368
892,368
892,365
893,365
893,354
892,354
892,350
891,350
891,348
890,348
890,344
889,344
889,343
887,343
887,342
886,342
886,341
884,341
884,340
882,340
882,339
879,339
879,338
876,338
876,337
875,337
875,336
874,336
874,335
873,335
873,330
874,330
874,326
875,326
875,323
876,323
876,321
877,321
877,319
878,319
878,318
879,318
879,316
880,316
880,315
881,315
881,313
882,313
882,311
883,311
883,306
884,306
884,302
885,302
885,289
884,289
884,286
883,286
883,283
882,283
882,282
881,282
881,281
880,281
880,280
879,280
879,279
877,279
877,278
876,278
876,277
875,277
875,276
874,276
874,275
873,275
873,274
872,274
872,272
871,272
871,271
870,271
870,269
869,269
869,267
868,267
868,265
867,265
867,263
866,263
866,261
865,261
865,258
864,258
864,257
865,257
865,255
866,255
866,253
867,253
867,247
868,247
868,240
867,240
867,238
868,238
868,237
869,237
869,236
870,236
870,235
871,235
871,233
872,233
872,227
871,227
871,226
868,226
868,225
864,225
864,224
863,224
863,223
862,223
862,222
861,222
861,221
859,221
859,220
858,220
858,219
856,219
856,218
854,218
854,217
851,217
851,216
845,216
845,215
838,215
838,214
837,214
837,213
832,213
832,212
831,212
831,211
830,211
830,210
829,210
829,209
828,209
828,207
827,207
827,205
826,205
826,204
825,204
825,202
824,202
824,201
823,201
823,200
822,200
822,199
820,199
820,198
819,198
819,197
818,197
818,196
817,196
817,195
815,195
815,194
813,194
813,193
810,193
810,192
808,192
808,191
807,191
807,190
806,190
806,189
805,189
805,187
804,187
804,186
803,186
803,185
802,185
802,184
800,184
800,183
799,183
799,182
798,182
798,181
796,181
796,180
794,180
794,179
791,179
791,178
789,178
789,177
786,177
786,176
784,176
784,175
783,175
783,173
784,173
784,172
785,172
785,171
786,171
786,170
787,170
787,169
788,169
788,168
789,168
789,166
790,166
790,165
791,165
791,163
792,163
792,162
793,162
793,161
794,161
794,160
797,160
797,161
803,161
803,160
807,160
807,159
809,159
809,158
813,158
813,157
817,157
817,156
820,156
820,155
822,155
822,154
823,154
823,153
824,153
824,152
825,152
825,151
826,151
826,150
827,150
827,149
828,149
828,148
829,148
829,146
830,146
830,145
831,145
831,144
832,144
832,143
838,143
838,144
842,144
842,145
845,145
845,144
852,144
852,145
857,145
857,146
859,146
859,150
858,150
858,152
857,152
857,153
856,153
856,154
855,154
855,156
854,156
854,157
853,157
853,158
852,158
852,160
851,160
851,162
850,162
850,165
849,165
849,174
850,174
850,178
851,178
851,180
852,180
852,182
853,182
853,183
854,183
854,184
855,184
855,185
856,185
856,186
857,186
857,187
858,187
858,188
860,188
860,189
862,189
862,190
865,190
865,191
869,191
869,192
878,192
878,191
881,191
881,190
883,190
883,189
885,189
885,188
886,188
886,187
887,187
887,186
889,186
889,185
890,185
890,184
891,184
891,183
892,183
892,182
893,182
893,181
894,181
894,180
895,180
895,179
896,179
896,177
897,177
897,176
898,176
898,175
899,175
899,174
900,174
900,173
902,173
902,172
903,172
903,171
904,171
904,170
905,170
905,168
906,168
906,166
907,166
907,163
908,163
908,161
909,161
909,160
910,160
910,158
911,158
911,157
912,157
912,155
913,155
913,152
914,152
914,135
913,135
913,132
912,132
912,130
911,130
911,129
910,129
910,127
909,127
909,126
908,126
908,125
907,125
907,123
906,123
906,122
905,122
905,121
903,121
903,120
902,120
902,119
900,119
900,118
898,118
898,117
896,117
896,116
893,116
893,115
890,115
890,114
887,114
887,113
885,113
885,112
876,112
876,111
875,111
875,110
874,110
874,109
873,109
873,105
872,105
872,103
871,103
871,102
870,102
870,101
869,101
869,100
868,100
868,99
867,99
867,93
868,93
868,92
869,92
869,91
871,91
871,90
873,90
873,89
874,89
874,88
876,88
876,87
877,87
877,86
878,86
878,84
879,84
879,82
880,82
880,81
881,81
881,79
882,79
882,76
883,76
883,73
884,73
884,65
883,65
883,62
882,62
882,60
881,60
881,58
880,58
880,57
879,57
879,56
878,56
878,55
877,55
877,54
876,54
876,53
874,53
874,52
872,52
872,51
856,51
856,50
849,50
849,51
847,51
847,52
841,52
841,51
840,51
840,50
839,50
839,48
838,48
838,47
837,47
837,46
836,46
836,45
835,45
835,44
833,44
833,43
832,43
832,42
830,42
830,41
828,41
828,40
825,40
825,39
813,39
813,40
810,40
810,41
802,41
802,40
800,40
800,39
799,39
799,38
798,38
798,37
797,37
797,36
795,36
795,35
791,35
791,34
784,34
784,35
780,35
780,36
777,36
777,37
775,37
775,38
772,38
772,39
770,39
770,40
769,40
769,41
768,41
768,42
767,42
767,43
766,43
766,45
765,45
765,47
764,47
764,51
763,51
763,56
762,56
762,63
763,63
763,67
764,67
764,70
765,70
765,74
764,74
764,76
763,76
763,77
761,77
761,78
757,78
757,79
748,79
748,80
747,80
747,81
746,81
746,82
745,82
745,84
744,84
744,85
743,85
743,86
742,86
742,88
741,88
741,89
740,89
740,90
739,90
739,91
738,91
738,92
735,92
735,93
729,93
729,94
726,94
726,95
725,95
725,96
723,96
723,97
722,97
722,98
721,98
721,100
720,100
720,101
719,101
719,102
718,102
718,103
713,103
713,101
712,101
712,100
711,100
711,98
710,98
710,96
709,96
709,95
708,95
708,93
707,93
707,90
706,90
706,87
705,87
705,85
704,85
704,83
703,83
703,80
702,80
702,77
701,77
701,74
700,74
700,72
699,72
699,71
698,71
698,70
697,70
697,69
695,69
695,68
693,68
693,67
691,67
691,66
687,66
687,63
686,63
686,62
682,62
682,63
681,63
681,64
680,64
680,65
679,65
679,67
680,67
680,68
682,68
682,72
681,72
681,73
680,73
680,74
678,74
678,75
676,75
676,76
672,76
672,77
669,77
669,78
652,78
652,77
648,77
648,78
647,78
647,79
646,79
646,80
645,80
645,82
644,82
644,83
643,83
643,84
642,84
642,85
641,85
641,87
640,87
640,88
638,88
638,89
636,89
636,85
637,85
637,74
636,74
636,71
637,71
637,68
638,68
638,67
640,67
640,66
646,66
646,65
647,65
647,64
648,64
648,62
649,62
649,61
650,61
650,59
651,59
651,58
653,58
653,59
654,59
654,60
655,60
655,61
657,61
657,62
660,62
660,60
661,60
661,57
662,57
662,43
661,43
661,40
660,40
660,38
659,38
659,37
656,37
656,38
655,38
655,39
652,39
652,38
651,38
651,37
650,37
650,35
649,35
649,33
648,33
648,32
647,32
647,31
646,31
646,29
645,29
645,28
644,28
644,26
643,26
643,24
642,24
642,23
641,23
641,22
640,22
640,21
639,21
639,20
637,20
637,19
635,19
635,18
633,18
633,16
632,16
632,8
631,8
631,5
630,5
630,3
629,3
629,1
628,1
628,0
701,0
